,resource_state,name,distance,moving_time,elapsed_time,total_elevation_gain,type,sport_type,workout_type,id,start_date,start_date_local,timezone,utc_offset,location_city,location_state,location_country,achievement_count,kudos_count,comment_count,athlete_count,photo_count,trainer,commute,manual,private,visibility,flagged,gear_id,start_latlng,end_latlng,average_speed,max_speed,average_cadence,has_heartrate,average_heartrate,max_heartrate,heartrate_opt_out,display_hide_heartrate_option,elev_high,elev_low,upload_id,upload_id_str,external_id,from_accepted_tag,pr_count,total_photo_count,has_kudoed,athlete.id,athlete.resource_state,map.id,map.summary_polyline,map.resource_state,average_watts,device_watts,kilojoules,User
0,2,Orienteering practice with H,5170.4,2969,3093,199.0,Run,Run,0.0,14448096332,2025-05-11T14:39:27Z,2025-05-11T15:39:27Z,(GMT+00:00) Europe/London,3600.0,,,,0,1,0,2,0,False,False,False,False,everyone,False,,"[55.919205, -3.210155]","[55.919043, -3.210032]",1.741,5.66,82.9,True,148.7,194.0,False,True,324.8,235.6,15415143701.0,15415143701,garmin_ping_437654382148,False,0,0,False,32760347,1,a14448096332,kuhtInpqRGy@@SGeAKe@}@aCO{@AeAG[AOBMNg@Fm@Pe@Ag@S{BBY?}@KyACoAAEII^_BGCIDI?IHS\EB@CGOKq@m@kBUoACq@DkBDo@K_AGsADs@?kAUuCS}AOg@?_ADCEGG]Qq@Ou@Aa@@eCBo@Ag@Gk@Gy@BSIc@Bm@K_@P_@BQ?UCa@@[GG\wBPYBWNKT[HQAE?MDGSUCAGDCGFEOHWBKOAy@XyDZs@Co@Ak@Ny@?g@CY?c@CaA@uBH@C`@Kn@KLM@a@EgA_@g@MI?MDm@hBQ`@YfAUh@URUHa@X[FiCXWNIEi@Kc@YMEC@I\U\DADILGDNATMt@]hAMJQMi@iAIYW_@Ho@XgAAAHm@Bm@r@qBICd@{@PQBEAARGC?EG@CJACH]BMXUTMXNPFZBLEVBEF@BZEVAb@EHMF?TDP?DFN?FE^[b@I\Ar@GZDZ^j@~@|@Pf@BbAKbARhBAPZl@PN?DBA@DACH?f@vA|@vAF\?ZDPDHA@LLJBI??CMEC@?PHr@?bABHJT@AFIR_A@kBPa@^OHLDTFdAR^Hd@Tl@DXJ`@BVCj@BHE@KGAG@FDPZd@F@@CDSCB@BFCJKd@MBg@Rw@T]RuANgBDu@As@Hk@N{A@e@B[Rk@JQHGHc@JMTc@F?SUC[Hk@Ni@HCPQNYPMPBFHFTNFdA`BHX?XK^?J@`@At@@VCPGJI@CHAp@DTEX?NOPSd@]pBCXH\LzAAp@Gn@KjCF\J\ILI?CXVl@HDBNCHAd@F`BTxALXJh@?LEX@r@?hADj@Hb@H|@HZf@~@BV?`BDnAIp@El@HbB^t@TJJJJVLlAAJBd@BFBl@Fl@Pf@JVA\FtACV@\ZpARj@DRGx@Q`A@z@Q`C,2,,,,GI
1,2,Afternoon Run,21309.2,6721,7022,221.1,Run,Run,,14428235990,2025-05-09T16:39:03Z,2025-05-09T17:39:03Z,(GMT+00:00) Europe/London,3600.0,,,,29,2,0,1,0,False,False,False,False,everyone,False,,"[55.959116, -3.21077]","[55.959644, -3.217081]",3.171,8.14,82.6,True,171.6,201.0,False,True,166.0,6.4,15394136664.0,15394136664,garmin_ping_437056910504,False,11,0,False,32760347,1,a14428235990,e`ptIl~qR\PvAnB|BfBtB`@dBfApC~@|ArAp@jALpAKbBRnCK`BBvA\~ApAxAfAp@X`AJnCO|@[CFA@dC]lDUh@gAf@oApDGx@Dn@bAjBxDfAtBDtBqAxAFzBfFXhAl@xG_@vJ}AjKQvDFn@fB~EtAhB`AlB~BxBPp@b@j@fCpBjAdCz@p@p@fAEjAHRrBjBd@pFk@nAFbD_@hG@~@nDpSTd@|B|BbCrHnB~B`@^d@@fEw@zD{CJPhAtEnErWTl@j@j@t@jFVjF{@dIm@bCaAbCcLtSgAnDu@{@}AeD}BgIqBtBk@OSm@ExAiCjBQ`@[zCSv@QFYa@O@CpC_AzD{@pBQbBFzASrBU`@m@]w@Du@}@qAc@kBvA}@e@YVWtA@fBgBpFM`AK`BDnEi@zDG~G{@jGc@jBEpAOXq@\uAm@o@A{@y@[d@HnA[~@[DM|@s@?aCxCaDWa@c@Yw@u@Wc@NUl@kBxAoBdAeAC_@l@]LmCj@aAtAs@m@gAn@a@p@m@bDAl@ZhCIlAeAzCq@h@St@_Bd@sD|B}F|HIr@gBlCq@p@k@B?TM@o@y@uAiEsCuEk@iBkCeD[oC?sFM{BQyAm@{Au@kFKUc@@gExGk@kAu@qCY{Fc@wDOiFs@nEe@`B}@dBqBlB}Af@cCB}CcAuB{AmB}C_B?m@n@{AvCu@hCaBdKYv@m@hA_At@}HdB_LlBeAc@aCLa@_Ao@Ky@uBm@s@OeEBmSLoHfAaL]}G@cAZmDtAaJXkGEwDWwAiC_H{@iEcB}@u@aA]_Fe@cC}AeDeC{LkGwUQ}Bn@aMOuI|@}LCoJpA_EH_AUyEkAsHJmT`@qDlAkGJeB|BwNh@gF~@kF^{Cp@oLv@gETcExB{Mn@aGBaA[mEMm@GDiBwQv@eTByFJ}@|@cN`A}Av@aD|A{BvAg@xAgAhBBvPqGdAw@dAwAlAqCl@aCnA}LbAqFx@iCd@yCx@_CjAaCzBqDnByB~GvKn@~B~AhCrBxEVdAvArCvApApDFhC_BfC_AdD_D~BmD^Nf@v@KlFLrE_@nAZr@Gd@TzAp@rBwAlM^bA?`@[d@?nFJtD\vDQxDj@xEGhA\jIa@hAcBtBqEnDSt@G~@DtC|@zKbCxN`AxC|AlBNd@pC{Bv@gBM}Ig@uODUxBJ,2,,,,GI
2,2,Lunch Run,6280.4,2008,2037,182.3,Run,Run,,14393734807,2025-05-06T11:08:53Z,2025-05-06T12:08:53Z,(GMT+00:00) Europe/London,3600.0,,,,6,1,0,1,0,False,False,False,False,everyone,False,,"[55.959116, -3.212616]","[55.957349, -3.20795]",3.128,5.58,82.5,True,152.1,172.0,False,True,62.3,20.2,15357920770.0,15357920770,garmin_ping_435986160047,False,2,0,False,32760347,1,a14393734807,w`ptIx{qRx@`ABBR@d@b@b@p@t@r@f@VTPN?XHd@XhA^ZPb@h@b@P~@p@b@Rd@FbAz@T^Xz@Jv@Rx@@TCR@v@PxACXO`@BP@~@JhAC\Lj@DHPJTj@IUWSKCIM[oAC_@AWDgAAgAKeAMk@G_CIcA?[o@w@MQ_@_@CAEDu@u@oAu@}@c@wAg@c@Wo@i@aAo@]k@_@IYKIGCIcAoAc@a@k@w@]]c@u@Wu@W}AAMD[FMTe@V]DCRDH?b@IRKDETGH?HEd@g@p@_@X_@j@c@zBkAVSp@c@jAmAlAs@TIs@Ti@f@o@t@_E|BkAh@WV}@h@U^m@f@k@VSEUBSPs@^BETCZMlAGPERAf@i@n@a@`BuBnA{@t@Ub@WDEFBPGJGNY^[bAo@b@QIAqA|@g@f@eA~@}DrBSLqAl@W\s@n@[PCDe@?YN[h@AGTc@XEd@CVM^[`@UpAkA\g@l@o@f@OtAo@`@[DA`@[NQXKVS^OHKZQL?K?C@U`@c@f@UNQR]Vi@h@k@b@kAh@y@Xa@Vq@ZyAhAYHeARaAj@X[TKJCVBPE`@YBEf@Ib@]^]\Sr@gANOXOZWh@o@zAg@PCTMf@M\UZKh@w@SFcBlBwAt@s@XmAv@qAzASHe@LUXg@Zk@TO@gA^K@YNAAVQVWN?PBVI\QHMTITM\_@`@Kl@w@TQ`@WLGNOVQb@U\IRWl@WVYROl@m@z@g@DABIUDg@b@w@pAg@La@TON,2,,,,GI
3,2,Afternoon Run,10362.0,3197,3244,53.0,Run,Run,,14356289332,2025-05-02T16:02:40Z,2025-05-02T17:02:40Z,(GMT+00:00) Europe/London,3600.0,,,,15,1,0,1,0,False,False,False,False,everyone,False,,"[55.959033, -3.210052]","[55.963593, -3.197563]",3.241,6.06,80.8,True,153.1,168.0,False,True,198.6,157.4,15318496391.0,15318496391,garmin_ping_434788281599,False,9,0,False,32760347,1,a14356289332,aaptIf}qRtAlBn@p@^l@LFb@h@l@\h@Pb@Jn@HdCrAp@JvAb@fA`ABJH~AA|@n@bBLp@AxBIpAV|BN^b@RV\^r@@N\NTZN`BBx@Ab@CZGVA^DEICCB?C@D?P@zBAhABHMbAYz@MJC?g@RILc@tAe@tBOh@BNh@\Xb@b@TL@lAf@H@HI\@h@E\?TD`ADb@M\@n@W^FZKVH^l@nAtFHp@VxADbACZIxDDdAEfAEn@]rBK~BW`AQ`AY~@E^Cd@?hAFbAV|@Zx@p@lB^`@z@pAPt@Vx@~BnD^f@NHRAPFTGJJBFD@BAQNWFo@Hi@@WDs@R_Ab@YVa@Vg@Lc@Tg@ZADa@b@g@^Ob@SVmAz@eAp@s@n@qAnD[fBcBrCk@rA]|@Wz@YrAa@vAcCdG]j@e@p@Yt@_ApAQ`@If@ODIFUPING@QPQVMJ[n@MRUNa@b@c@Xc@NIDCLWLGJi@HkAl@wAhA_@JU?wATkAHs@Eg@Bw@AkAKe@KoBUiA_@o@a@g@A_@_@SKc@a@}@g@e@a@k@u@[k@y@e@YW{@i@w@q@aAaAa@UKCq@Ns@Bc@YcA{@m@]gAu@qAgA_BkAcBi@m@MeAOa@Mw@]w@w@e@[gBiBM]a@y@w@gA[i@oA{Dq@eDWqASu@MiAG{AKeAC_BOcCEeBSkBUeECkCMsCK}DO_AOgBIiAYmH]oDMmCKqDC{CE_ABmEMwACc@@s@E{@SeB?a@Gq@?o@Gs@CkAYmBOuCDgAScBGiCWyCH}B@{CIqACgADg@?QEgAMeA?i@KyDI}@QeAUsBEgABiAAiASgEUyAK}@c@}BUoBY_ASaAoAyEe@aC@}@r@wARg@Xk@p@aCTgA@STy@Dw@CyANeAp@mDr@yF`AyCR_ARk@lB_ENMZg@\aA^u@^y@~@cBNMJCXLVXn@z@fBrClApBrCzG~@jBlAnD|@pBjBpBn@Zh@J?H}Bj@e@Pe@Lk@Ho@PY@y@Jg@Xw@JkB~@UFSJ_@\?Db@EnACdAQv@W`@QhB]n@[tAYbAe@^G`@Qh@c@v@QjCyAl@_@f@Wd@Yl@W,2,,,,GI
4,2,Lunch Run,6771.1,2131,3159,35.0,Run,Run,,14331968138,2025-04-30T11:00:43Z,2025-04-30T12:00:43Z,(GMT+00:00) Europe/London,3600.0,,,,7,1,0,1,0,False,False,False,False,everyone,False,,"[55.95907, -3.211744]","[55.959502, -3.214612]",3.177,5.35,82.4,True,153.7,187.0,False,True,175.4,142.8,15293020453.0,15293020453,garmin_ping_434066637167,False,5,0,False,32760347,1,a14331968138,kpptI~kqR_@YgAuAGYOmAI}@OgCYeCIoBQoCSwAKqBe@aDMYKuCOgBk@_EW{BESUe@@MLYTS\QDMBm@J_ANcAEoAWgBUUKE_@ES?gHtDm@l@_@XuA|As@p@eD~AuA~@_CpA[J_@To@Vq@@yAVyAf@m@AQFWZcAt@g@RaBVo@^s@VmAZi@RwAZ_Bv@_@LgB\sAf@a@Hm@Nq@`@i@RqCf@MAe@D_@FKHe@NyAjAm@RsAP}GpDOTaA?g@F[R_@Dk@Po@CaAXg@x@aBhB[j@a@tASZc@TQVQt@e@jCEbAIxFAtAK|FApCOdGMpCCrA?dAFnALr@\xALz@d@jFFx@?b@MZy@v@u@bA]TUHY`@~DyHb@JVJPNXcATGNDPJPAJ@LAFBX\FETCDIv@Ul@M^QL@RGtAUd@Ip@WdAORAhASPI|@Ij@QLKZAd@Gf@Un@O`DWdBe@vA]x@UVAx@WxAW|Aa@d@Eh@QNDJJBIDCFBPb@H~@B|@JtBDv@B@X?JCt@St@Mj@Sh@Yd@a@j@YfBKd@@f@Oh@IjA]ZSf@K`@E^M`@\VFL?n@k@JOfAk@tA{@|@q@p@Wb@Gt@Pl@Tr@^n@d@tCbBh@`@^N`@Vb@H^Nb@VDGRw@HQVQv@Gd@?x@IXA,2,,,,GI
5,2,Morning Ride,41688.6,9807,14407,508.6,Ride,Ride,,14176664426,2025-04-13T08:14:42Z,2025-04-13T09:14:42Z,(GMT+00:00) Europe/London,3600.0,,,,0,1,0,2,0,False,False,False,False,everyone,False,,"[56.200369, -4.527896]","[56.195751, -4.119411]",4.251,12.4,,True,119.6,159.0,False,True,258.8,24.8,15130684109.0,15130684109,garmin_ping_429080154697,False,0,0,False,32760347,1,a14176664426,uo_vIxcsZdDgH~AkGdBsChBcGpDsExBqJpF_QzAsBxCeCjAkFfBgLx@sBrBcB`AsCNmDs@oDE{EVaFdCsQ^_O~@gHrDoNn@yHdDqTb@yV?eUt@aWbBsTu@_Sz@yMbBsEp@yFcAqFHsNvCiP~@w\p@cG|@eDRyG|EuIvBEb@}@ZqE?}G~@yLk@gJoBwFJqMZeJ^aCoAqMA}FvBqTkAuICwBh@qFFkOa@gCMeHg@qCTiCYqBdB{TlD{D\yEdDgIRuMo@e@Cs@DkPyAi\EmTnBwV|AyGvG_d@fC}Xp@wC~@JBc@eA}@kCmQk@eAy@T{AdEQhCq@t@Q`D{A_DOyBq@uAoA?{BpA{DaC{Cp@cC{TKiIUs@}C|YsAx@DXsE\eC{AcBiCc@qBoEaJk@gGj@_NEoK]w@oDfGoEToDlMqEbEaAtHcAvLi@jBiA`BsCw@c@XuCtHYnC}EfT{@~@aAo@}AcE}@eL^iPOaIX}A_CgE[kGm@gAmC}AcDi@k@j@aA~Dc@V?mFb@gD|AcDnBKlAyAb@kGD{L{Fwb@[}DuAq@{Cv@cBgA?oBhAeCr@}E[wVUo@e@L{E|Ka@Bm@wAu@aC^iEIuAqC}LwB_GqA_BkAK}CvCqAbJMtT^rGOBd@hDc@pFEpIt@|JLfM_@zGsApE[Qg@kDuBoHwBsL_FiM{FsFkBi@sEeHT}KaBcPXaJxAcOpAeFAyB_C{EyAQoB~@{ErHiC`HYdFqA|Eg@pEcGrRy@~Il@om@^_GGuG^gDNyHo@aOPeKaBoCd@cF[g@HaDj@kGq@eL?uPK}@uAOtAyDj@yGeBeHe@uKnAqIh@sIEgC~@wG~@cCdAwPfGyGvD_QuAyX{@aEr@wGAgHaCcMeA_CXlA[t@R}@g@_Eb@mDl@kAZyH~AeCpAmXrAoIHeJe@_DqAwUmBcMeDoFyDgMyGgLmAaRqEmYoGwOyDsFy@cJ{BgO{AoEaCaB_FeAwEqD}BsCiFqN{JyJcC_AmFcEqOaTo@oGo@mQqBkIoCyPQgUn@yKiA}FeE{[i@wOF_FqB}]k@}ViMyGeFsA_BuBuAhDKv@ZVm@n@PCDPSHX{@YAT_BrEc@bRnGzCiIrA_LrN_RnvAcu@vIaI~Eq@nAsAtAyGY}S_@oF@gGfCmK~AiEpBuN?uHnBuKfA{RPsRnD}YnAwUxAwEnKoPjAuC`@eVzCmGzGa]o@yJ_@mMRsCxLu_@nLg\tBwNtGcLv@yF~DeCdHiKrDiIjKsLzIw]zBwM,2,60.1,False,589.0,GI
6,2,Lunch Ride,46897.9,10068,20147,391.0,Ride,Ride,,14176656390,2025-04-12T10:44:54Z,2025-04-12T11:44:54Z,(GMT+00:00) Europe/London,3600.0,,,,0,1,0,2,0,False,False,False,False,everyone,False,,"[55.953992, -4.579767]","[56.213466, -4.542548]",4.658,12.529,,True,118.9,177.0,False,True,191.8,3.6,15130675911.0,15130675911,garmin_ping_429079972621,False,0,0,False,32760347,1,a14176656390,wtotIpk}ZaIuIeAwC}@y@i@yAuEcBgE]OoAm@i@]jAoBVgA~G{AhDoCfEoAW{AmAiFs@_FwFeDaGk@Mu@lAi@bKu@|E}AfGmCbHaChEyBdCgDx@iDkAcC}BiFoDaC}@}CkCs@oAq@oCOkCFsEMUwBGcA`K}CbIcCfBgC]{AwCkDcUgAuBwBoAyHt@_C]oCyDoCyHiAy@oCCsInBqBjEyBfJ{@tAw@VsAi@kHwOcGqFeQA}JjBgDlFwCpPq@xAoQnRyJ`GZ~C}Fv}Aa@|AqBnEwHvJmD|GwDxLu@vAkDlFeJbKaMvK_GuAmF@}Bv@FXuAfHeEhFiAhDmFzJoErWaC~\kAjKsDpOkCbGeDhEyGxEuAX{BWyB~AqJx@mIfC_D`B}CxCkQbUePlGcFjOmAtByBjBeGrB}VzCmT`A{JFqc@mD_YH{@j@kL]}F{AcEKkI}AsCkAmGoF_KqOaHkFsD}A{CWkIvAmJHwCe@eGfB_G{@aEH{LgCsIuH{BeAkA@kChAsDbEuBpFwCpFqGhF_DvA}DkAaGaGu@V_C~CiAh@iTqBeKGcOcDaBt@BXUk@JNd@kAuCu@sF_D}Gc@oFz@_EdBaS`PcHnEqGnHyIfNgMxMaHtFqRrGcP|DmGvCaAMoD~AwD`@uChC_NxGwJzGmHhDgK~CyEzDkNxIoAGcCpABu@Kb@B]c@n@mHjAq@lBg@b@uErByAUaG|@sIrBiCfBsN~P_HjCiD@qI`HaBp@}D@wBmA{GmJgH{SuI}Je@QuD~Bi@nDu@bBoApBuDrDwFtLe@zBOzF_A`IUdGa@hAuKbMy@zDSxJe@hB}@pAgEpEsDt@cDdHiErCwFk@uAfBkAb@q@q@s@qCsABwAjHcB`GgBhJm@rAeDpAw@x@qMlTwDzDcAhC_C`DqCjHcArAwBpBuQxI}NzBgG`CwHtKaKrHkFlG{ElHgNtOi@_Aa@yC[[c@Rw~FosCiDVe@a@EoA^qAtCgAN}EdBaCl@yDEs@qBkGiCqSRQQFo@yGmBqIuB{DyF_@eDgC{FaP[sBo@wMbBoLn@kVm@cLqCqRAkEi@yGHeGMoGvAqM\{J`A}Ct@cGpBkh@e@aLgH}s@vAsg@Gqv@_I_r@aEyOiCuXiJyn@s@{M{AaDcIoHH}@a@wI{AwIE{EWgCk@SjTlbAnAfIf@@pOaIzMuJdG{BdFmF`FaKNoDcAoMJ}Gn@sEzCkJjI}QtHyLzFoLnQoXpC}FjBuAnE_BpF{GxDyBbGqF~G_EvMsKlZiY~NaI`BgCzEuM`FcETDtFwHtCY,2,58.6,False,590.5,GI
7,2,Morning Run,9020.5,2504,2543,39.2,Run,Run,0.0,14114530298,2025-04-08T09:22:05Z,2025-04-08T10:22:05Z,(GMT+00:00) Europe/London,3600.0,,,,6,1,0,1,0,False,False,False,False,everyone,False,,"[55.959161, -3.212722]","[55.959246, -3.213989]",3.602,11.593,71.9,False,,,False,False,50.4,18.5,15065726868.0,15065726868,63e04c3a-4206-4d47-a394-b03a899d12b3-activity.fit,False,0,0,False,32760347,1,a14114530298,_lptIrpqR_@a@Q[o@]m@o@Qa@o@i@KQc@oAGGIi@Cw@G]WwFOyAMw@@k@Es@MaAGeB]eDIeBOqAKoAAYGu@]yAOg@O}@@MDIBMCKOSKo@EMBWFG`@WJKDUHODYAYDs@V_BCqAEKG?Q{AIOECMAYBa@Lk@Z]Zk@\UF[PON_@JAKBEgBhAQVELUFMAC?S^SPO\u@z@]XE@EAm@j@wAp@GJaAd@WRy@Vm@Z]DQD{@l@e@XmA`@YDo@\UBQDc@Xa@D]Lg@JuAj@{Bj@O@}@Zi@Dm@VKFoBj@aDpAK@KFo@Te@Fs@XK?DQYBc@^o@NYNy@Zi@LSBo@Tg@HMAUDCJKFCJ@JNRDLXrAhAxEJ|@`@dB`@|BCN?JLPDHHt@FHB`@Jv@?`@Fl@DRHP@HDrBPtCDbAHhAL`@Ih@?x@RfEZzE?`AJrABnBH~A?jBDv@FnDHtBNhA@XNbBHlA@`ATfDBtADx@?fADt@G`AGT?b@FlAHf@VtECFCAAMECGHEAZtAJ|ADX?TC??FF^HtAAVBPHzAJjELp@BZZhHLfDAn@DlAFl@DHD@DAH`@GnAPbB@t@D^@^j@lLVbGHv@@b@XjC|@lEb@~ATp@r@vARf@f@z@XZJVj@r@h@d@d@Pb@^FAJVBTJJDDT@x@V^P~@JzBv@\VPRFRDCLDVN^VVXf@Vb@`@d@TTVPHF@JED?LLDADDLf@JHL@ZAROPKRCJDx@r@tA|@NPJDr@j@v@t@^d@RNR`@^ZbAd@b@`@b@X^JLLj@Ph@d@f@RZBDGZBj@Zd@DXJX@`@LD?DCDSCu@@GHGJ@FKG[CEGEo@GSIS?c@Se@GO@SIKKY}@K}@Ma@SiAQi@YgBCo@BU?q@MkBBqARaCHk@z@mDN}@Fk@?e@DU@a@Ja@B]G_Da@yGOyA?o@[wJAKECCTDcA?}AG_@SiE_@uE@KDCJDBWCDGOMKSi@e@uCa@cD[aBEy@q@qFM{A?e@[eCKgA_@}BOc@Ko@K_A{@{FDs@Qo@DWJO\UPSR_AXoBJcBAUL{A?UFk@y@sEGk@BUNYVgAXwAx@kDNWl@Kn@Q\Ct@@n@Kx@J\E,2,,,,GI
8,2,Afternoon Run,5279.2,1636,1697,25.0,Run,Run,,14087602128,2025-04-05T13:32:03Z,2025-04-05T14:32:03Z,(GMT+00:00) Europe/London,3600.0,,,,4,3,0,2,0,False,False,False,False,everyone,False,,"[55.958015, -3.208552]","[55.959485, -3.214502]",3.227,5.557,82.4,True,144.2,173.0,False,True,149.2,126.6,15037536978.0,15037536978,garmin_ping_426162369610,False,0,0,False,32760347,1,a14087602128,upptIzkqRo@}@YUWy@GaAs@eFIyBOiBEcAIo@Mg@SoBMq@IUOy@Eq@XsBW{CEWi@oBe@oAA]Fs@W_B^e@Ru@HeA@i@TyABu@Ec@W{AGMKCs@GYBuFpEk@@KNe@FYNcAnAg@t@a@VqAVg@b@w@`@IJSN_Bn@o@Pc@Rg@JaAf@cBj@uCr@YBg@La@Vc@JMFc@Fq@Re@RSDg@^UJUDs@f@aBf@a@FM@e@Ng@Xu@Pc@PmBbAk@HOD}@Jg@Rc@LaARSJkATm@B_@J?XBJn@zBRz@n@vDT`APp@h@`D^xDPdCZxCF~@DjABEDqA@ETId@KfAg@j@KLETA`@NLZ?n@JxBHt@@v@H~@Lz@@vAf@xGLlEPfCJdAJdC@lAHpAF^HABGVKrAOt@Ed@Uf@_@j@Wd@Yj@IJBTPv@Jl@BZCX@|A_@f@[z@]XLRAZ[|@g@JO\Yr@[d@YTI`B_Ad@QFBX\PHfD`@d@X^f@?DAGB@Vj@f@bBP~@R`B^`CVn@HBTSx@gFPw@Rg@b@Yb@IR?lAQ~@?,2,,,,GI
9,2,Evening Run,5096.6,1465,1484,15.8,Run,Run,0.0,14070695939,2025-04-03T17:28:12Z,2025-04-03T18:28:12Z,(GMT+00:00) Europe/London,3600.0,,,,4,1,0,2,0,False,False,False,False,everyone,False,,"[55.959486, -3.213204]","[55.959087, -3.212549]",3.479,11.04,71.2,False,,,False,False,25.0,18.7,15019764653.0,15019764653,9375ae55-9c40-4cdf-b54b-29d6322a9e15-activity.fit,False,0,0,False,32760347,1,a14070695939,mhptIxuqRF[?QOOICMKMGIO[SMAUUU]KEi@{@u@k@y@sAK?s@{BKcBYqBB]Cm@Mo@?YGm@K_DK}AEcAS}@a@cFFS?k@e@gDg@cC{@_FK{@?GDCCAAA@DKHMTdBgADIJi@AaANaA@m@CUDGDHi@qAEo@ESOEKAGM?OIAIKMbAIFi@P[NKB_A^MLy@vAKLG@[CQBm@RGAQXk@j@aBpAY\GNIHm@^QDQJc@^KDQJE@E?CDM@ODk@ZKJUFeAl@QFSCq@n@q@PUB{Af@cA`@e@F}@^qBf@c@Pi@N}@d@ME}@d@s@LGI_@X]Lc@Jg@PKFKDCFCTCH?YRE~Aw@^G`@MHKn@Of@QN?XOd@c@RIvAWbCi@n@W|@g@p@WZG^Q\En@QLGZ[VE|@[n@[d@O|@_@^Sl@_@b@Sx@m@TYNULGp@k@DUDy@TUBAVLB?t@e@PQr@Ix@[VI\APFGEFBDCLs@xB_APCJ@DBDJLr@b@lAF`@Eb@ER?CIl@@v@Cj@GLSFe@\OPMZVxANT\dBD^J^H|@CVHZD@BDF`@Bl@DJ?VD\FJ@E@DBXE`@F\BdBHj@Z|EH\HnAJ`A?Td@~Dd@zFNd@Hb@HNDd@LTLJNBHFPRZVNXn@h@DA?IHQ,2,,,,GI
10,2,Morning Run,6398.0,1928,2778,51.5,Run,Run,0.0,13756914674,2025-03-01T09:15:48Z,2025-03-01T09:15:48Z,(GMT+00:00) Europe/London,0.0,,,,0,1,0,1,0,False,False,False,False,everyone,False,,"[55.959362, -3.21472]","[55.9593, -3.21453]",3.318,20.388,73.2,False,,,False,False,37.2,4.1,14681887468.0,14681887468,d0a90c4c-7f32-4422-a903-6f7213d65f66-activity.fit,False,0,0,False,32760347,1,a13756914674,gwptIdyrR}A?cAD]Dk@b@M\YlA_@bAg@rBm@~Ak@VgA|@q@n@]^W`@UNmAbA}@|@WRKBq@p@}AnAKM]wAKBAKEd@MDSFKCKI]gAOQo@eBIcAg@iPGCf@p@H?@IS_@A[ECQ@O]]WONW`@QBICKLENGAIKILGAMLE?KEGF_@QJfOOWiAgAc@q@_@Y_@_@WSk@aAMMQE[Q]?i@XcBV}@JIDGJ[BYNq@LOHGC?IRSNs@DECY@QDAFFZFDLDA@HDDL?FJAhADzCFr@AVGJ@DCBq@XcBzBw@b@_@Fs@RqAN_@VODk@F]Lc@BcARYFO@sA^a@Dq@TOAG@_@Nu@JaAFkAf@i@DYHOCQQGCWBGAm@JMH[`@QF[YQGSWm@wBU]?E@?A@J{@GSC_@?e@O_AAcBIeABaBEc@OSIAq@Lc@@m@HYDQNE@OGk@LOC[Si@SEBMx@EFE?o@i@IAEDET?n@AJIDGLODEJeAvD?Dl@d@TBf@LTGFW@QA_BWwEBOFCt@XDAFIJi@DA\TZNPAJF^AHCDBDEZM`B]`@SPUJCfB@`@CdAYRKVGRSL?v@JNA`B_@XMx@SrAIp@ONIZGF@PTLD\Id@GrAc@X?d@Ed@?PARMTAPEJKh@YdA[b@Gh@StBYLDDLPlBDVPXLbBHTD^DFP[nAc@v@Sf@Qj@g@pAq@P?`@Iz@IJI`@FREZ?b@[j@Kb@EZIv@a@D?JFNRLBLLZEd@OPOd@y@LI\ETQl@WRORWf@[JAh@V`@^HJHPh@pBZj@NfAVv@HHPDLJL@PLZHXPfAPb@LJJ\r@Tn@DHJDFG\wBr@{Bh@uBHQ^Qf@GpA@LADCH?hAF,2,,,,GI
11,2,Evening Run,8723.2,3037,3192,34.3,Run,Run,0.0,13619891406,2025-02-13T19:24:11Z,2025-02-13T19:24:11Z,(GMT+00:00) Europe/London,0.0,,,,2,1,0,1,0,False,False,False,False,everyone,False,,"[55.958494, -3.208043]","[55.959319, -3.214539]",2.872,4.12,62.7,False,,,False,False,50.4,18.7,14532316163.0,14532316163,e2d0b4db-cee0-439a-9d4a-f75b1f7354ea-activity.fit,False,0,0,False,32760347,1,a13619891406,asptIdiqR[i@CO@mAGkA_@cCw@qHCoAMuAMsBWoCM_A@YAY_AqG]aBAQYmABg@FMDAR@`@WBG@QJY?gBJo@T}@AIEf@IVId@A\@dAAHIHi@Rg@?[EGGMSe@MSQQCa@Yc@k@u@eBa@q@QGa@`Ae@r@MFe@`@q@fA[Vo@b@k@Pa@Pa@\g@LWNE?SRi@Tq@^u@f@SRm@PG?OLc@LcAVc@FmBj@]L}@n@q@Pa@Te@Hg@Pk@BUDUJo@N[NWRu@Ne@XkC~@_AVk@ZYDo@T]FKAIIC@@DCHD@DAHFBEBBE@WIMBSCUFAASRYPqBZwBt@s@Ha@LGH@L~@tDVtAlApFl@|DRpB`@rFRjD@p@NjBB`CFdA@t@LjDJlACVBx@JpB@t@LpALtBDtAA|BNvFP|CLpCJvDTvEH~CFL?AATBFAXp@nN`@zGNjE\bHXbEN|DXdFNzEXpE^lK^rDb@lCNn@l@`Cd@tATl@x@zA\h@hAvAb@b@vA`AJLP`@HHjBf@l@Ld@Nt@HNFTP~@d@lBzAhAx@r@Zr@d@v@r@LDTEJCZUHCL@xAhArArAXTTJZXBD@HGLSSGBKNEVYROVCJ@JHBH?NHBLCJAA?HN?NFJBPGNBn@?VGNSBIHEPJVXp@\NPr@n@PJVFZDfAh@j@Lf@P~@V`@Db@L^DD?DEDKBo@BKJEH@DADQGE[Ak@W}@KOQI[GEi@KMOOiAaAwFa@uCGsAAu@?sAD{@XgC^sAl@qCPqC?cBEoBk@}Ig@{PU_DK{BU{C@WNOCFMSA@KYsAeK]eBSmBa@aCGs@OiAEs@Mm@OuAUcAIoAs@sEIeAQsAE{@Go@Mg@Is@MSEq@]mCYoCMiAUaAKu@?QDQvAkAf@m@r@g@X[PS|AoF\}AJYNUTIx@E`ABp@Cb@@JA,2,,,,GI
12,2,Lunch Run,8030.3,2299,2424,80.0,Run,Run,,13527072783,2025-02-03T11:20:44Z,2025-02-03T11:20:44Z,(GMT+00:00) Europe/London,0.0,,,,10,2,0,1,0,False,False,False,False,everyone,False,,"[55.959096, -3.211773]","[55.959472, -3.214499]",3.493,5.74,83.4,True,139.7,159.0,False,True,60.2,12.2,14430813925.0,14430813925,garmin_ping_407855058085,False,6,0,False,32760347,1,a13527072783,{_ptIt_rRVAh@PZXj@XrAjAd@VlAXl@XRPR@fCnA`@b@Ph@jAp@NNTd@Nt@b@l@@pAHnAHbEPbBT`@XPRXRd@FTn@h@ZxABz@LpAGT[CODONEN@j@ATD`@B~AEr@Sn@UVUFa@Le@RS^Ur@Mv@IZEb@A|@Pn@~@fAb@Z\JN?^Nr@CtAPNKD?CBDBTf@LJH_@K}CH}@d@aANOR]f@gAd@o@RKJHDLHhBLj@fAnATh@R^b@~@|@nDLNRbAB`AK~@MLAJa@PGHAFNlAJtAErCIt@u@fEa@nDSz@a@n@o@n@OVEd@@ZNpAhAnEt@nB|ArBT`@l@x@`@ZJDPPLTL^n@n@\NF?fARBE]Ho@\cAZc@Hu@Ty@`@[T_Ab@e@Jc@TSP_@f@c@n@iBtBi@v@m@h@Y^iAnBSRa@n@IHw@rA]r@c@lAw@rD[dAMl@k@dB}@bCi@jAaAtAs@rAe@n@oArAo@b@c@j@c@v@}@x@e@l@m@^o@t@o@ZUTuCjA{@RgBNMGOu@e@GiAa@WEIe@SQeAQ[Mm@K[Ss@{C]kBYiA]sCGyA?aBHqAPmAHgAN_A^uAHiARm@HsADuCYmD?o@SmDI}BA_AG}@WoIo@qK?}@JQBB_@k@]uBY_CUsA]kDm@aEUuBGs@@OS}BcAeH[qBy@oGGYGGMBS^QLw@^kA`Au@\i@`@[LSMQa@o@aEk@mBK}AMcA]{@m@kEyA}Ic@aDAS@e@PaATu@PUlAeA`@S\YHM?IDVJQTG~@?JDRd@`@zAbAnFbA|GLdAP~@fAeAb@k@Z[n@e@Vk@b@uAZu@v@kCPs@PYRGjABh@FhAF,2,,,,GI
13,2,Lunch ride,28123.8,5881,8422,173.0,Ride,Ride,10.0,13510280495,2025-02-01T11:58:59Z,2025-02-01T11:58:59Z,(GMT+00:00) Europe/London,0.0,,,,66,1,0,1,0,False,False,False,False,everyone,False,,"[55.958831, -3.210015]","[55.959344, -3.215108]",4.782,9.8,61.5,True,114.0,153.0,False,True,116.8,46.0,14412329260.0,14412329260,garmin_ping_407314830581,False,35,0,False,32760347,1,a13510280495,qsptItfqRo@{FqAwPc@oDGDG[_@uFeBwILkAvAgA^kDDm@]qAEs@U_@kAFgIdFcAx@}BxB_HrCmAfAiI~BgCfBoMjDqN|EqG~@oQhHgG|Aw@f@sBjCc@n@a@tA{@v@BDOfAk@|Bo@~Og@bXPhBl@hC~@fITbDF~Co@pHcAdHm@nCiA~Is@dIBdBeCfREfBH`@c@Vo@pEwDtTMlQVpEz@|FRpIOAoAbBEb@HTGr@?fGo@jJCnDLjHa@rJH|AXpBhFnS~Gr]f@vAjCvA`DjKh@~BLlA@~CSrFyBxNJzHgAlP?jMOjHd@nOl@|I_@jJG|KdDbZTjDB~B]~My@|Fs@|CKnBCzEXtJ{CrM?v@P|@RVZSMi@HcAXEnAXl@n@hAf@xHY~@]zH_FPb@BbEPhCd@jBpKjPnLfPv@l@j@LtKIlMfALb@`@|KBpH^~CQdGHjC`@lCbAtAI~BHDO|Am@tBoAnBcAxBy@Xs@m@I[iFqEmJ{J}CcFuA]_BqAe@?{AnBs@nBe@Rg@MuUiVwLuLaBsA}HbVMxAH~BGjIFtF}Aa@y@Bq@ZWn@UpBDIS?PBDZb@tHDfCGpAuBzIq@fBcEhVOnBZtEChC{DnKsBfDoDzH{DdG]HAw@M?]yA]a@}Bi@sK|FgJ`HaB|DoAhEa@hC}@lCUjANHGJyClDaEtD_DvBcAnAeAlD{DpRmBrD{@bCcBzCqCbGk@x@s@f@eA~A_@`AQfBNj@bAjAXbAf@rJ?tD`@`E\l@NlASjE?~Jv@~M|@zGX~E~AdD~BtCzE`CfBnAfDfDfA~At@`Cr@dH`AzERjBNf@vB`DKh@viCgfHlCmE|A_Bv@mAXo@v@qDv@aB|EsGxDmHrCwDVuB`CuDf@cC\kGGWaAgA_@cDA}CVqBJqBe@_HIwCgAiJUMCqAq@oCc@mFe@_Dc@iB{CgI_B_Kc@}F~@eMfAwHb@yApAiCrCcDhA}Bb@{BTuEM{Fa@qFuA_I}CaL_@}C?yBVuB`@cB\y@vC{EH}@SaCa@aIZsFCc@s@}GeBaF_BgP`@yG?cCYgGRc@vBgBd@_A|BgMzAiGt@kFjC{K~Mon@fI_`@bBaEnAyB~AmBfCuBv@eK@q@_@yAZMP{BzBiAhBg@p@Dh@xABNN?Ng@EqFa@}KqDkb@yEye@S}@m@_Jm@iFy@aQc@}ENG_@k@Sy@ZmG?m@Og@@iA,2,58.1,False,341.9,GI
14,2,Evening Run,9263.8,3031,3236,47.5,Run,Run,0.0,13503624460,2025-01-31T18:33:12Z,2025-01-31T18:33:12Z,(GMT+00:00) Europe/London,0.0,,,,3,3,0,2,0,False,False,False,False,everyone,False,,"[55.958823, -3.212732]","[55.959451, -3.214416]",3.056,8.7,73.4,False,,,False,False,50.4,18.7,14405098999.0,14405098999,a5371cac-d447-4759-bf47-b6d8b123247e-activity.fit,False,2,0,False,32760347,1,a13503624460,ilptIfqqRQ]}A}AKUIC_@w@m@o@[eAO}BUaAIg@e@eGOmC[mCGcA?_BGw@GWMOEOI_AGwAa@wACYUaAEa@ICCIG]EgA@}@\aAZm@TYD_@Eg@@c@He@FM?m@Ki@Q_@Ou@O[[]FOSNc@H?IBEMGGSBk@E[CAGUE?GQ@k@JI?a@wE~JgA~@CHe@PML[l@SRU^SPa@PCHQPi@`@o@V}@h@YFiAr@cA^[Vc@Fg@XMAURS?YJY@gAl@ILu@Ec@ROCCHODMGQJCCDLF@ULi@Hi@TkANYJQRw@`@k@LyBt@a@Re@LEHO@MNq@J_Cz@]@a@Lg@Xk@Ba@Jo@`@a@?e@Py@TeDr@GHDFB\HXPXHf@P\Fz@Lh@@PZdAB^HVJRVtANZBd@BID@FLXnA@j@P`AAl@N~BBfAVnCC`@Br@Af@@LL\@dAATNf@Ah@DNNNCr@BNAlABl@Ap@Bj@DZO\@jBDHNHNd@DdCHH@VAj@BbACB@RNPLb@BZ?NKn@IjAJpDHlA?nAPvB@~@D?@JEv@BGBL@f@D`@Ah@B`@Gj@DvA@XAMDH?`@Fj@CrB@NH`@L`FBRFXAd@Dr@Jb@LhBDZJLFdBHl@@dAJz@?pBBtA`@jH?^Jp@HdB@v@Fv@AND~@A`@Lr@@`@DLJbC?XH~@D`CPfAVdFRbCBj@PfC^`Db@fCVr@DDP|@Rl@FD^bANJN`@TVf@z@d@f@`@r@NZ@L\p@\TRj@FF^PPN~Bz@dAXpB`AjDpCbAl@ZHx@r@ZLL?~@YJBTTnAj@RTz@\ZTTVNTp@l@r@b@HANRn@RNTXVl@\VV`A^R\RPjAd@FChANb@T\?pAv@l@HVEv@@NGLc@D_@EUkC_Ay@Ma@?mA]YOQgA_@gBiA}GE}@?yAHuBT}Bf@sB`@{BL{A?]F[Am@BmACiAWmEYmCCq@C}AGeAQgF@i@EoBKgAm@yIA_@RW?EGCCDQc@MsAEKIs@K_@[wCEOq@kFCa@EQ[gCIc@KgAW{AGu@EOy@_GSeAQ_BQiAOkB@SKi@KGSiAeAcIEk@WgBEm@Hg@\e@HObBmBz@m@`@oAp@cCJSFWb@eATc@FI^KzDM,2,,,,GI
15,2,Morning Run,12555.3,3580,3706,102.7,Run,Run,0.0,13464579427,2025-01-27T10:16:55Z,2025-01-27T10:16:55Z,(GMT+00:00) Europe/London,0.0,,,,19,2,0,1,0,False,False,False,False,everyone,False,,"[55.959181, -3.212723]","[55.95778, -3.208645]",3.507,14.9,73.7,False,,,False,False,69.7,18.7,14362644172.0,14362644172,3b77a814-77c9-40df-9e81-2c4572a96c1b-activity.fit,False,9,0,False,32760347,1,a13464579427,ilptIppqRK[_Au@o@{@]w@MM_@oBE_BYaBKwBi@qDGaAQgAM}AA}@Qo@Q_CBa@SgAGeDoAgEYmBQc@f@mARQFg@?mAZsAAm@Ou@IgAa@m@m@Bk@\c@h@YHsBQSNu@|Aw@j@i@LwDvDu@VwB~Am@N}BjAc@FSTgIbCSZw@HaDt@aAj@iEfAe@PYXcA\wDfAk@FgBp@o@DKNiAd@mBTc@VAd@Jx@d@bBZxBd@rAd@`CD~@j@fEl@vGL|B@jBP~B@hCJvBFV?pCRtE\nEKFAx@PxBHxCXjFRpJ`@zIRjABjDLnAPjGRfB?tAXtEHrEf@xHLjDNvAA~@Fz@GlBb@lDd@pIPhFZdERrB`@|BxAbFlAdBXPV^Xz@tAzBl@R`BzBb@Aj@ZpAFfBpA~@`@hCvBpBv@f@n@p@NrAQv@h@Z`@L?r@~@^Ct@j@xAnBlC|Bf@z@E\LV|@YVZb@Tt@DRQt@Jv@Nd@\j@GrAj@~CKRJdAi@rASTa@\@~Ak@bB}@JQT?v@s@b@{@`@]bBeA`@g@Xg@f@gAlA{AfBkEj@{@Jk@\e@v@oCNUfAqDx@mAJ]f@o@Hm@@qAI_BWwD`Am@f@q@|@{BOl@KD]jAm@jAi@TQRL|@B`C^~EDJRChBgBNG\c@`BqAf@o@`@S`@o@h@]jBiBpAs@v@Ab@Pf@h@hCdBz@o@lAt@PD~@aAR}@OKYq@OCg@i@o@gAMe@cA[q@mAU@a@WUc@e@Bc@]m@eAMAc@u@IAe@gBm@k@c@w@uA}Au@aCGc@?eA`@gATiB`AsCr@mG@qEWy@E}DKyAIQO_C_@_C]iAI?MVSqAOKQHUUeBNs@b@M@cBIYJ[Q]JsAYo@_@SiAUi@YcCDY`A_@z@}AXO\D@I?kCJkBSoAd@HDSQ]?WR}C@aAe@OOZ@Jm@cAYK_AcAAqBJw@?aAFe@Ew@D]Cw@MuAq@sAw@o@o@aA]QoBmBi@o@_F{@}@m@e@q@s@U_@k@wAeAm@aAUo@eAmBC]JU^a@RwAHJGONQhAi@r@k@XIP]RCbAkAfCiAp@o@Vg@\Kr@_Av@QNYb@QO?a@^gAh@[f@eBpA{@^,2,,,,GI
16,2,Run with mum and will,7398.7,2718,2791,91.1,Run,Run,0.0,13429978332,2025-01-23T09:16:52Z,2025-01-23T09:16:52Z,(GMT+00:00) Europe/London,0.0,,,,0,0,0,1,0,False,False,False,True,only_me,False,,"[55.865806, -4.284144]","[55.866682, -4.283644]",2.722,6.42,72.3,False,,,False,False,49.4,16.8,14324924532.0,14324924532,d3c63017-57ad-4056-8634-c2ff4db275b3-activity.fit,False,0,0,False,32760347,1,a13429978332,ww~sI|scYe@KKDWAGKOX[Pk@Xa@JaAAIIUGa@Fi@Ba@EMGYJy@GgAs@CIMO[s@CQIMMeAKWC_@Oo@Ks@@OS}@U_@SQAKKKWI]D]IY[[Q_CVWGk@Rq@Fc@Kc@_@e@DCMGGISAWC?CUBu@GK@i@DGE}@g@q@AK?INe@@MCUUWs@aBOQaAOy@HUNKLG?c@h@o@ZILMGWXi@Va@d@AJIJE?CFET?`@Q^S`ACVEPEfCOf@KTMJMZ?n@Kp@KTG`@AZBXKbBg@tCSx@GHMf@[Zi@`@MRSP?DG@o@x@Yr@Qv@C@K]EBMT?fAIhC@XIbBKh@Un@DLbAr@Bd@FKFe@BAFRBADa@JSN@JJ?h@Ct@@VF\Zz@@PJ\\~@Jj@Fx@Cz@E`@@f@ARo@~@g@\c@f@EHIbAIZKfAMt@Ez@Gf@KZAZ[M}@?IBw@p@c@Gc@Wq@[K?c@Rk@dAE@ESBgCCuAG{@KUJARNHAB_@Hg@Cq@GM[W_@c@Ka@OgAa@qAIm@U_@Oo@M[k@{Bm@_Bo@u@e@Oa@BMEs@bA]\Sd@G^IjBGTQVAHLDNAVIHFHEPq@RcALYHEb@FXRFJLIp@z@Fx@DNVRBKF?N^L`ARv@Dh@Rj@Nr@`@z@D\Zr@BRJB?FJDBAJbACp@HvB?lALDFGHa@FIJQF@TUZF~@r@VBd@Qv@k@V?DEHHn@DJMHcAv@eH?[F_@@YHe@ZyCRuA@c@KWHYBu@C_@Sg@Io@F{ACQIEMBGJCLEDETIAGMIDIb@GBC?CQFMEIQAs@]GBHe@HOFRCq@He@B}@Dq@Hg@@]JWF{A\sATOl@aANKNWLIFQFEZ?HQ^i@d@aCj@cBJ{@?m@Dy@FWJeA@k@Hk@R]LILe@BYE_@ByAXoBJ]`@eAJKj@WTEh@_AX_@~A}@vA]jAV@H^R\fA@r@GTMLCVHf@LDBZCr@Dp@TTDL@VCTL~@LFNRl@Dv@PXQNDbAO`ABLGd@@JGLBLPNDRCf@LFJF?DLTBFP?LP?NNPBH`@@h@PpAP\A\DRHLHn@R`@DVXb@L^l@^LDRZVANLHCLSJBJGh@AFMAGa@_@CIBId@ILINU`@_BV[^QBH@NIjAFhAJp@FJDXDFJC,2,,,,GI
17,2,Morning Run,10829.3,3098,3155,53.7,Run,Run,0.0,13421579388,2025-01-22T09:44:38Z,2025-01-22T09:44:38Z,(GMT+00:00) Europe/London,0.0,,,,12,1,0,1,0,False,False,False,False,everyone,False,,"[55.95921, -3.212833]","[55.957836, -3.208686]",3.496,13.44,70.6,False,,,False,False,58.4,18.7,14315855544.0,14315855544,505f1ffd-8ff0-4919-b60f-5ba006bc6ad4-activity.fit,False,3,0,False,32760347,1,a13421579388,wkptIhqqRcDgDUa@IYg@i@Su@M}AEkAcAqJSoDYeCQgDIa@EGAHSiEQk@AOFw@UuAI]OSWsAEa@Ja@P]F?RUZaAB}AFaAAy@G]KWY]Aa@GQOMw@Xg@b@OSq@VMQURI[A_AEu@E]IW{@hGMj@a@`@aA^k@x@mAlA_@Ro@p@SB{@h@w@`@SA]XcAl@w@`@q@ZYB]\SFQC[RUBSV_@BoAb@m@Hc@VICEH_APk@N_E~AYPyE`AOLGLs@HkAb@_@PcARQLERGAKLyB\yBr@aB^e@Dm@PGLFb@Xt@\zA^lBZhA`@vB^nCHRz@lI@rAR|DAZJ`ADlBRdFD`@LlFF\JbCLtAH`CEZHh@@dDD^An@HtA?p@JxBJhDZjGDnBNbDF\?v@Fz@?l@VfGZvDNzEJbBBzAFh@PbGJd@RtDCnBR|AN~CFh@F`CTrD\tId@hHj@vDv@fDxAtD\f@Rd@v@hALHt@dAdBbBTb@lAb@tBf@x@HLJ@JXDhAp@tB|Az@f@lAt@l@j@VN^@p@[XJFL`@Rz@r@D?jB|AzAhBbA`AhAr@t@n@VJ\ZfA`@r@`@lAXv@@rATfAJh@A~CW^Wz@[hAYZSh@It@g@\Ah@SXSRW\Gh@q@b@_@R[VM~@gA~@y@`@e@b@u@\c@Re@T[d@eAFUPW^}@tAuDZmAN_ARo@@OHKdAgDbBuD^k@Re@l@}@Pa@dA}AxBqCFAn@w@rAoAhAm@rAiAz@[bEu@Z@?HOv@@HUv@U_@KMU@AIs@u@}@aBk@m@qAiC{@{BIa@g@cB[eB@k@Lq@AeAJwA^oBDi@C_@HU?YNaBHkBHaAAcADuBOiEGQOwAOkBe@_C]y@Yb@Q_@_@Ko@XU@i@Wa@GS^[Ae@RYCSMs@AOIKRI@mA]I@MPGBQUKc@e@YMSQi@CWCu@LkCPo@HMDYt@y@x@ARUBMB]Py@IIAKBy@Q]Bc@GW@ILIJUJ@NUBqAIeBMi@_@k@e@CW_@Oa@y@e@ISGc@ImA@WRmBGi@?]Bo@AeADg@A{AGo@QIMY[I[c@MAKQYUiAK_@[y@c@QWQK}@Y]Yy@Mw@o@IQa@Q]m@MMQG_@Ba@g@UMQa@UY,2,,,,GI
18,2,Afternoon Run,9043.0,2895,3542,240.8,Run,Run,0.0,13388278418,2025-01-18T13:56:52Z,2025-01-18T13:56:52Z,(GMT+00:00) Europe/London,0.0,,,,0,0,0,1,0,False,False,False,False,everyone,False,,"[55.891144, -3.264718]","[55.894023, -3.262489]",3.124,5.7,71.9,False,,,False,False,417.8,188.0,14279849852.0,14279849852,5c70e8cb-0a66-4177-9377-607117e1e6a2-activity.fit,False,0,0,False,32760347,1,a13388278418,ggctIxz|RF\A\B`@Jd@BvAF\B~@Df@G^Ex@HzBNZD?DVR^r@r@JVLNFRC|@F`BKrDFQ@JIjAB~@CJ?z@Q|BIb@?JN`AEN@ZET@PLHGC?DLJf@n@dBjCtAdBf@~@Rv@CXED?GWhACZ@dAGVGTKLCACLINo@bAGP?PBJf@b@h@v@N\PLnAdBT`@FZ^`ALn@PbBLv@Jx@Bx@F\dAdFJr@b@bBL`@\vBAQFj@FRJJJC^a@RMLAHNBbAPjCAfBFt@B`AG`DChMEfA?`BCpAAfDBhCC`@IDa@l@cAnB_@j@]Vy@Z[f@g@h@w@t@QHkAlA_@P_@XQBq@TOGe@{@MAAHDXTv@Td@Nf@Br@MpA@bANhATlAJ|@H^RxAVhA\v@xAzBBDLQHZz@hBX^lAnBJ@^]BCLFNULIt@[h@]f@MlAs@`Ag@ZIn@c@n@[hAWbB_AfAY|Ay@|A_Ar@g@l@S^Up@S~@i@b@M\Sx@F|@SR?h@a@VGj@[dAWhDqAZQr@q@p@w@F_@d@]T[RKR[VMJMRGLWv@g@DKhAmAPAPHRGVUh@OVYNCXWfAe@hAo@h@On@_@t@YhAm@xBw@NKLUA_@@o@NoDHi@Bo@JgHF_A@aAJcCC_ADwAQyGIo@OyC?sAFaB?cBFoABEFg@@e@VoADiAFc@d@aCPk@N}@d@gBD{@F_@NoBAYIQAW@OHWBu@A]Gq@HYZgBDe@DI@aAHaAMaDB{@Fo@Ea@W_ASc@Ga@Gy@[q@o@}@m@wAKAKIS_@WUe@y@{@kAAMEMiA}AWQaAoAk@c@a@o@sAyAQIc@g@_@SY[IWOEIQGE[Aq@Jk@A[C[I[OK?UDoAp@s@Ck@Os@CaAF_@OOS}@i@o@GcB_@Q?i@[YKqAYqAm@aBa@aBw@s@SkAk@KAFCCGCH?IFICCYb@k@JEFQFa@FSPi@Be@So@EYX}Bl@sCB_ATOAg@P_AHo@Oi@BeCa@mCQ[MEGMGwADECi@Bc@[KCMDWVeBhAcAz@g@VGLE\M^?P@O]_@G_BD}@J_ADE?MKkAAsAKo@Kc@@q@Ew@DGVH?MOm@?g@JUKMMo@A]B]CYCG{@G]Yo@ASM_@C[Q]C]M_@Y]a@,2,,,,GI
19,2,Lunch Run,10753.9,2903,2918,51.1,Run,Run,0.0,13289221239,2025-01-07T11:14:29Z,2025-01-07T11:14:29Z,(GMT+00:00) Europe/London,0.0,,,,40,4,0,1,0,False,False,False,False,everyone,False,,"[55.959155, -3.212766]","[55.957868, -3.208666]",3.704,8.267,66.8,False,,,False,False,58.4,18.7,14173490926.0,14173490926,c644cbfc-6e90-46c1-85b8-d847a8f74af8-activity.fit,False,27,0,False,32760347,1,a13289221239,mlptIxpqRMQSIUc@a@i@qAoAo@_C[kCGw@Qu@EsAS{Ci@eFA_A]mCCm@Ga@Ac@HS@OUo@G_AYeC_@mAKgAw@yDp@YPQPc@F[@mAN{@Hu@Gk@Oa@QWGSCc@Q]KASPSFYTYHMLKEs@Lu@?EESFmA|BW\[TOBi@Xg@n@OXcA|@y@h@u@^WToAj@}@j@c@Hg@Zm@VQ@KLUD[XU@g@^cABiAn@K?s@d@eAH{@f@q@La@TyAZe@Ts@HWTUBmAf@aCn@o@\a@HoAh@i@LMDMPe@?UJm@FcF~A_AB]LFf@Xt@l@lCb@jCh@pBR`Al@rER|BLv@NdDLp@?v@LfAHvBBhCD\BrADL@lAJfB@nBXzDJtC?hAB~@A~@PbDAXFxFLzBB~BLpA@x@LbBBnANtC@jB^xEVnFT|C^|JFTNhD?p@V~BDRDpAFx@@bBJrADzCh@xITrF?p@JpCd@bFR|@@Vv@|Ct@hCXl@Pj@fAtB`BrBrAj@Z^R`@f@LVPNArCt@|BrANBjCtBpBz@x@p@f@FLCb@Yb@Df@n@^Pn@n@ZLNVf@XR\xAvAXd@ZZ^RNVLB^VHRl@p@nBp@h@Hb@X|ANx@TdAF^L`AIt@L`@Kf@?`Bg@j@EHMRCl@[t@Ol@c@^MDIVIfAy@hAsAr@i@fAmAl@}@h@c@`A_BTs@\k@f@sA`@w@J[DWbAgCh@wBXs@d@aB`AkCf@kAJKDUj@cAx@kBVSr@yAv@_AhCgCjAaAbAm@~@{@dAe@J@^W^CrBm@X?l@YTA?DUV[x@SN@KYLQ]QQw@cBQQi@cAU[a@aAeAuBu@cAYm@I_@mAeD@GJG@Oj@cDR_Bb@kBBWECH_BP_BRmC@eACsDOgCIWGi@SaACc@[yBWiA[s@Ic@IBGb@IHMYyASuATS[g@VGJCREFk@?WFi@ASQa@E_Ac@g@{@[ISe@G{ANyAH[NWDSf@g@v@GPWFC^_BFy@Ae@Ge@B_AGEGBNG^HDKEk@AoA@qAYwAWOQY]GMMWEOYYU_@MISIeBBw@F_AGe@?[Jq@Ae@HmACWAu@KiAo@g@W[cBeAq@O{AcAiAc@[@yAk@o@g@k@q@SKKDGG]}@WGCIaAq@]m@,2,,,,GI
20,2,Afternoon Run,5250.0,2088,2090,58.6,Run,Run,0.0,13256884399,2025-01-03T17:04:24Z,2025-01-03T17:04:24Z,(GMT+00:00) Europe/London,0.0,,,,2,1,0,1,0,False,False,False,False,everyone,False,,"[55.959063, -3.211564]","[55.959112, -3.223137]",2.514,4.82,68.0,False,,,False,False,74.4,20.1,14138676129.0,14138676129,b884c33c-925d-442d-a547-ea2a92f5c150-activity.fit,False,0,0,False,32760347,1,a13256884399,cbptIbpqRNGL@PGr@_@LMZSVUPMt@u@h@a@ZQZWf@WVWNSLIJIZMl@[d@a@bAo@HG@KCKCLDLDBFZR`BBDF@@SD@CEDFBNCLDLBd@BRFN?JVb@FBl@]r@IJEL@LAFEPEtAm@|Ae@f@U\W@QQ}@A]Qm@QwAGSI_AIS?{@IWIiACOA_@KmBSuAOi@Ku@?c@IWQiBDi@?UCMIMGaAAEMIE@QRk@\@LGAGBAPE?CJI@EFSBMMKAAKCDUH?LEEi@NOTKBc@^]PEDKDSPSHEH?NC?@AI@_@@YFOJi@Nc@ZE@EAEBKLSDMHI?EBo@Ri@ZE?KDE?k@^_@N[VE?q@`@O@WJQ@EHg@VWFICS[GSOTEBMVW?KSIc@Co@CG@QGo@MaACm@Gi@?e@Km@EcAI]KgAIWGc@IcA@QMq@Em@C_@GOKuAESUaB?o@Ow@Ag@ACKAKBGFSJG@EFOdAAPGNWpA?ZDPFh@ZlDDRRfBGp@GX@VGHM^g@`@UFGFWJGAIFS?MFK@[REJDH?HEpA@f@FVBl@C\DlADh@X|AJbA?ZFFLd@ABLn@RpBHTGLD^?ZT~ABn@Nj@Df@P^FDDH\XBHd@`@FBNNHBBFX\B?FXL@RLHNL@JNBCFLDADNBA@B?RFBP^XZDTWdAINs@~@c@z@QVKFKVQj@Kr@IbAEfBKlA@\G`BKfBIj@E~CKtCEN@dAEr@AFA^Ij@B`AIZBRAXKXDv@GpADHAz@M~@CrAG~@EN?NHd@@f@TfBXpERfBHbBDXATXrC?VG^BB?NAJMNGAWBOROJCDMBOHQPm@XMLQFaBpAUHq@`@SFYTODw@f@QDAC@MBEdC_BjAq@RGZSPGLKv@c@RG,2,,,,GI
21,2,Lunch Run,23142.1,10484,14138,757.1,Run,Run,0.0,13209296344,2024-12-28T11:51:50Z,2024-12-28T11:51:50Z,(GMT+00:00) Europe/London,0.0,,,,0,1,0,1,0,False,False,False,False,everyone,False,,"[57.435818, -5.412631]","[57.439418, -5.403498]",2.207,5.08,68.4,False,,,False,False,679.7,9.7,14087155670.0,14087155670,cfe87b77-42f6-4715-a173-c1af1882f938-activity.fit,False,0,0,False,32760347,1,a13209296344,otp}Ijz_`@hVja@zHdPrFfOFlJ`AhEnAVvAcA~@HnGxIdDbIdE`ELf@p@Xx@vAb@[FoA`@mAo@cC[{IeE_OW_EZEHfDXJBiB[aEb@gAI}ERwL|@qGbCkLzCsCnALpAcA`AsAGgIPaIhAuHzAeGjAiMhBsKqCwJNa@[wBBsA]wF]s@_@{COqCwBcLTeGu@cLWaAJcFq@gURkBbAsBn@kCVyDz@oBnAcBJaHMsHd@{ADyChAqFzA}C`CFJaA\SZ_@Xk@JoBvAeFfAe@L}@pA?VsAG{Cb@}EIsAh@mAd@sDUkGNyF\oAQoERsAg@kEiB{IUmJD_F[wEcBmKuAoEeC_E?kFc@wDL_EQe@X{@uCaKwAiJGoCm@kBO_BoAeD{@y@cA}BOkA}@cBgBgHiAaBM}CsAuG}BgCuI{PcDAQgB}BWcAcAg@~@q@~@}AeHmAwAy@E_AkCcAw@ONWc@yA@kBHu@dB_AZy@nCuAe@iCgFuAy@gB_FEeBwAcAkAkNWs@uBYyCfAa@u@yE{CKa@Ar@kCLu@cBKaAuCwFiBZQsAg@m@gA}D?yAoAuA}@a@_B@m@sAeAi@[mBa@BiAsA@gA[aAk@M_DlAeAmDaDOmBu@g@wBaA]MqAyA_EgBgJ[i@PgDKqBoAsCgAcAWeBNu@IcCRe@W{A}@oAaB_A}@H[r@iAYw@}Bg@P}@o@eAiEuAsAwBuJ{BuDa@wAWGaAgCKaB@xA`@|AdA`B^UY|@MtG~BjMYrF\vDb@pCBr@MTzBxEjDrTrB|GrApAf@rBz@x@r@`BVCMJN\z@n@ZbC`AnC`BfDvAn@|AxExCSxCdD\DC~N[tDbB`AULCn@ODh@bCRrC|@tEmDbAyAxAcEr@_A`BwBJq@a@I^yAwAc@ViDkBqCO_B}@}@}A{@MmCx@F\kBhD}DhEoEvDiAxGuAtBsBlH_@d@aBvHmAfCg@h@[`BsBjB?v@Yf@sARs@nBQxAHfAREPfHjBlD^fDr@dAPhBvBrG|@bFvAbDEbBTt@T?J~@IzCh@uACaArAPJfB{@ZKzBR|CVfBUA@v@I`AKt@a@d@GhBB~BYDk@fA?l@WZQlBLvAYh@PzDqAnEWAU|AjEbHzFdGvB|ExKpQpElFlDfHpAhFp@|@`CnGdAbHpCzG~AbKbBpFdBhCx@zBX|@b@nFfAxE|@nALvItCbJxB~LXhXlD|NxA`NpA~C^hC,2,,,,GI
22,2,Morning Walk,20143.6,18815,22117,1183.0,Walk,Walk,,13176034285,2024-12-23T09:23:35Z,2024-12-23T09:23:35Z,(GMT+00:00) Europe/London,0.0,,,,0,0,0,1,0,False,False,False,True,only_me,False,,"[57.43504, -5.410921]","[57.429333, -5.471805]",1.071,3.25,52.7,True,97.3,140.0,False,True,1007.8,22.8,14051401871.0,14051401871,garmin_ping_396015608696,False,0,0,False,32760347,1,a13176034285,adq}Ipb_`@sJ}OmBsCsFgGmAwBmIuI_@z@DvB}@rHj@lDO`Eo@jCo@fFkApC_AxDmAvBmHl@kBUcBaBcMsHgD}FuEFy@uCqAGo@d@Sv@iDdAcD~IgCdFe@fDg@n@wAmAkAtBWrAkJ~DeAjAiBh@}AtA_CAsBlBSj@iAGeA`BaCbAeCfEiBK}BvDyAlA_@[{@f@eAjD{@Y{C|CiBa@uDVg@rBk@f@uAJUdAe@XkBJaAtCkBvBwDA{Ah@wAYgC|A_El@eAv@uADwFoB~AjD_@gAcAcA}@`@{B}@eIAo@V_DvDkAPeF{@}BfFgLrBcBxBo@Lu@|@eBJCfF_@vEDdAPA@`EZfAUpAN\`@UZxAQb@DvATnAZNAv@t@p@g@`CExCeAdDb@bCBhBo@FO^{@hGb@x@d@pDOxHt@nP[pCJv@QIa@~AHhAUdB@`BVbAKlALjCjAdEnBfBn@hBf@f@X`GOpEjBrDHxBd@nEiAFi@lBSc@m@t@a@q@U~@w@QOv@u@XKv@kBbC_@[@\oBrD]tAaAzHo@xDqAnCa@TQ|A_BnCCt@uA`AgC^gAzBg@T?h@gBvAMp@e@LcAvBc@~BkD`Dq@dBOHJm@vBgBvADXeCb@Fp@eAXoA`@Mn@aCTC@g@vBJ\{BlABOy@VyBxDmAd@eCvA_En@e@LcFq@cGPgAd@q@pAsAfBc@`AqDv@?fAeBTFDc@B?\Ud@DZuBjAo@Td@b@QFb@\gAfE_@r@pA`Bt@nAwDvAaChBpBA`@~AfCTQnAt@pCxCHf@d@E~@pBjA`@T`A?[bBtA|@F`C`CzChB|EqDrC|@dDcAl@p@xAVbMuAzAeAlH{@hCND`@hARzC`D`@?H`@l@qArCUjCkAzC`BhB@`Az@r@xAr@L`BkAPl@jBjAt@g@OhHf@xElAhG`BhD|BxItAxCV`FdA`FQjBz@bCI`Cm@\SrC]nADzD]n@W~Bd@hCp@lABh@r@h@x@xCtA`BVt@@bBbBlBFjAp@BLh@`C~BpAr@|DvFhCxBtAA|@n@t@QLh@fFmCdIiAt@q@pA|@lALvASbBcArAkAvAcBpAs@|@kB~@P|@oAnBSfBoAf@mAhDShD_BZs@nEoCtB[bCsApBpBfEs@\|@zBaAhCD|@}@jASdFVdBx@`Ai@lGG,2,,,,GI
23,2,Morning Run,21463.4,7375,7378,152.0,Run,Run,,12994495871,2024-11-27T10:40:17Z,2024-11-27T10:40:17Z,(GMT+00:00) Europe/London,0.0,,,,4,2,0,1,0,False,False,False,False,everyone,False,,"[55.958988, -3.210966]","[55.951543, -3.212789]",2.91,6.683,82.1,True,150.9,181.0,False,True,124.3,20.4,13856876118.0,13856876118,garmin_ping_389160997107,False,4,0,False,32760347,1,a12994495871,s_ptIf_rRzCdDpHbChBbApAdBt@pBf@tDIvDT~B|AxBbAz@\bA\xCGVk@AJN?|DEjASl@U`@uAR}@fBKfANdBrAfCtAx@fALjBg@vDKp@`B|BrIZtG@hDOdD_@nByAjCMt@VhChAnErD|GjClD`CzAp@|ApChDLhB~Af@b@~Fc@bBJrC]`IbAbG`AvDhAtGb@`AtBfChCbIhBvBpAZ|CQrEcCXPd@pBfBaA~BCbAr@rCb@t@zBdB~AhA\jC?d@b@pAiBvCgAtCsBV@Fb@?hDZaFLKnBnFh@dDU~DqA|EIx@XrE\`@CTB]LD]`AHb@~@_AxAAdC|Bl@vB^pG`@~@\R|AHV}@`CiEpBo@zAH^b@b@xABpCLp@f@d@XbD`A|@~FzCf@pF^Vb@DXi@~@wJy@sIg@iHLkCnD_JpB_HzDcGPg@F_COIXQv@f@xBvCbFjBxBtB|@RjBbDX~@B`COxB^rCk@dB]dCPr@~@|@t@Rz@o@lAWZw@?r@k@f@@jANJh@iA`Aw@J_AbA~@|BlDrBvAtAX`A`AbA`BTfAjB|A^hB~AtCjD~BhDVXVZfAt@Od@sAnAoCz@w@j@aBt@o@Zu@Dk@fF]r@i@v@MfAv@`@jAZ~Bz@~B@l@g@VSr@RtBt@tCnAt@y@KjC|D~AzINtDgBnMBnCz@~DJ~B[zDCvK_@dFYxJRl@nB|BR`AGXbAWv@DrAfAh@pA|BdLKh@{@z@EXPhFvApG~CxGvCnJ@lBi@^EaC_ByEqB_FEcAQk@qBwE[yC@mEv@kBLw@uDeN{AqAeAIYs@aAk@aAqAQgGTgHEmH\oFAcEcAoHDkCjBiJDsDk@yEg@yBcE}Fs@eCwCeG_H}AwAfAyBfDiDfCkEjAeACaBw@uCaDkB}GoB_G{@oBuBsCPq@y@e@sBBoCrAuF`HgC`@oAi@}AiDeAsCeAeHwAaF{BeF_CkH{BmF{AuBs@iCSsBFuBVaEl@eDN}BLeKOgCe@yByAoDWoAiA}I_AcFcDgJmFoTaBoDqEmGaAiByJ_I_A[wCwBuG{Ge@y@_DqCoFwB}B}AkEeHcD{Kq@yDq@sAkBeIo@kAg@mBeBcKs@_BoGsUwAiD_@[a@b@_@|BkAp@Sp@aBJcAjA{Bh@wDrCe@x@Gr@o@YwAB@|Bk@`ACb@ChCNzBm@bH{AbEkArBwClD_@~@qBwDc@a@mDuJ,2,,,,GI
24,2,Lunch Run,22426.9,7269,8034,232.0,Run,Run,,12922215469,2024-11-17T11:51:13Z,2024-11-17T11:51:13Z,(GMT+00:00) Europe/London,0.0,,,,1,2,0,1,0,False,False,False,False,everyone,False,,"[55.958136, -3.209053]","[55.957995, -3.208231]",3.085,5.62,83.3,True,148.5,168.0,False,True,179.8,18.0,13779746467.0,13779746467,garmin_ping_386557062936,False,0,0,False,32760347,1,a12922215469,waptIv_rR\Z`@Y`BvBxAp@rBh@~A`AfC`AZzAVjEJn@LzBCrBLz@Pf@t@X|BpBZ|@F`BT|AEb@DRMLDNP`DO~BSv@mA^m@t@Yl@Iv@BjARv@~@zAt@|@j@ZxAVb@Ov@JfCEb@_@DDj@fA^hA|ArIF~@BjCEt@]|C?nAI|@m@nDs@nBA~@Pz@nCpI|@`BXt@jDvE|CxBx@dBjAvAb@~@XVHbBRb@hAHz@bHY|@Ef@PbDSzFFdANXr@vEz@xDj@`EZz@zBlC^p@fAdE\`ArAlB|@x@VDjBCxBa@tCsBVCb@vBn@nBtEtV\z@@PLCNPlA~HZz@BnAE|Ag@lEm@bCk@~A{B~DeBxDmDbGaAbCm@pBo@YWWoBaFaAoCYmAOU_A`Ao@ZeA_@If@Fl@y@Tg@p@q@j@W|AKbBIT_@e@YHEzC_@n@_@bBi@v@]jAOrBFhAa@`CKPKJ[M}@LSSg@m@}@Y}BpAg@[_@JWdAGbAYrBg@rC_@dAChAMx@Fx@Ih@LbAc@jDGrAJlAIzAs@hFcApFQFaAy@_AQsBfAKV@hEI^o@Ny@EyA~CiT}\o|@b_AkA~A[bAeDxGpCzs@oCbXwFza@cdAhERTUQkAS}@u@gAk@WqA?eALiAdAcC`@{AFcAC{@gAiLC}DDgAHw@Tw@bAkBTaCCyCHwAEsANoEPuCAcEQuCa@qCWaFkA}Ha@uF?oEPsKEgAAkEMgA@oB]oM?mHHkAEiHHqFJaBFMXNHKPgAAwC[yGBiCVcD~@qFF_ABsCN[Py@@qDQqAc@qBqAaEu@yCSYuAk@_@_@e@aAW_Ak@gDcDkPsCeMkCmKg@gDAcA`@wHE}Ln@eJJsLRg@j@w@ZuBAyCO_Bi@kEe@sBOqBFiDCuHFyBtAsIB}@hA}Hj@eCVmB`A{CDgALeAl@aDKcAv@sI@kBJsAPy@Vm@Hw@XiFt@wCzAkK^iECWq@]XqGaAeJ[yAYqDJ}Lv@oUTiD`@aBH@Zy@XUl@qBdBwCXUpA]j@o@v@[rBOl@]|Ai@hHsB@QIOd@Ur@IvAi@lAAnAq@xCgAv@KnD{A~Dm@xCsAr@OfBaAxAQ`K}DjB_@vBy@rFcCzCaChBcB^c@bKsFNB@Zh@|BJjA_@rDS\s@h@ZjCbBbJBv@FPQZ?n@r@`C?lALdAZ`A\xDRnEz@nJbAx@,2,,,,GI
25,2,Afternoon Run,10310.7,3027,3065,50.8,Run,Run,,12892009573,2024-11-13T14:30:57Z,2024-11-13T14:30:57Z,(GMT+00:00) Europe/London,0.0,,,,23,2,0,1,0,False,False,False,False,everyone,False,,"[55.95901, -3.211668]","[55.957484, -3.209249]",3.406,5.0,82.8,True,146.7,161.0,False,True,58.4,18.7,13747263819.0,13747263819,garmin_ping_385542109210,False,7,0,False,32760347,1,a12892009573,eqptIblqR_@c@Qs@GMKkB]_Cc@kBa@{EA_@HO?IMeBEgAMwA_@eCGu@@QFMBFGOM_AKaCk@uCs@kEISCK\e@LYHm@DaARaAFaAMmAK[CYSe@e@Fe@VaI|CWL{AdBgA|@e@TmBz@u@p@aAp@{A~@sB~@kA`@wBf@{DlAeAT_AZ{@RuAd@cAXeFpBoB~@[TuA`@g@PkAX{Bv@c@Hm@@[FB\ZfAJRHZJx@b@lBL|@Pv@d@|CRdATlCFpA^vCHjCDjDDdALz@@jGDdCDnANl@Fb@LnADz@BjBCh@AtALfCFxBN`CHtED~@F`CRvDDzCN|DBtATfCDbAd@xGFnA@fBL~BRbBP|BFnCFp@@`DLlCB`BFnALpATtI\rG`@|FTfBf@bCZrAz@~Cb@lAXr@x@`BfAbBx@t@r@d@v@t@tDt@fAf@d@VbDzBpAbAl@`@p@^f@^f@L|@U^PhBvAXZr@j@pCpCrAz@b@d@hAz@b@Lt@b@d@Np@JjAl@RDf@B`BNT?t@H`@@dBStAWn@S|@c@rBq@`@[`@a@j@]l@iAf@k@l@c@`@a@rBoA`BsBdBuDrAkDv@yBj@kBtAaEdAwBRw@Di@DQZo@Xa@dByCbBuBVQl@k@fAs@`@_@`Bq@dA]z@Qj@QbCgAb@KBDIJa@ImAiASMw@gAKG_@c@g@y@_AsAe@y@_B_F]m@Mw@@aANg@v@sBr@wBr@qCPcAZcE@UG{AkA_HW}@WiA}@yBMo@ICEBE?gB_AMAO@a@SK@ORKHqAJMDYAsBUcAu@[]Wo@AcABa@T{APk@Xa@f@QZi@Ni@JkAAoA@qBCA^ADe@EiADeASmAc@i@SKIAOMS]e@[Ue@CKG}A@w@J}@@yAAy@Dc@?mABaAAOu@gAa@SiBa@c@Qg@a@]Oi@_@}Ae@s@[w@k@g@a@a@c@a@u@}@o@,2,,,,GI
26,2,Lunch Run,10072.2,2934,3698,59.0,Run,Run,,12851507366,2024-11-08T11:29:02Z,2024-11-08T11:29:02Z,(GMT+00:00) Europe/London,0.0,,,,20,1,0,1,0,False,False,False,False,everyone,False,,"[55.959195, -3.213944]","[55.958156, -3.209083]",3.433,5.42,84.2,True,140.6,171.0,False,True,407.2,359.4,13703711383.0,13703711383,garmin_ping_384203278625,False,10,0,False,32760347,1,a12851507366,etptIvyrR_@Hc@Do@A{BHiAIe@BQX_@|AqAtEmEvEILCn@`AnHf@jDRv@\nCd@vCR|@PfAr@nFTjBJf@@h@Hx@x@nGn@~D~@rGEz@BVB@@CA?FD?n@JrAn@rGPfDPnER~HLpBAjBT|CDbAKfDK|@_@dCq@pCM~@MvAJpDLbBVfBzAfITf@fA^l@FZANJN`@NTALC@KZMh@a@@wAUeAWc@Ag@Is@[{@Ue@Wc@c@k@QqAo@_AeAQYy@y@iAcAoAaAGIaA{@CCI?o@Te@?EAi@_@g@e@gBw@c@[e@i@iA_A]SyDwAcBUg@Oq@s@mAaAa@k@q@o@]i@Wm@wAoCq@qD_@cA[qAQiAIgAEiBYiFCwBOmBQ_BEcBQcCEkCQkDKcACkASwCCqAGo@WgBKmAM}EAaBOeDYcJSyACuA?aAI}A@aAWmEMiES_DDaDQcDk@sBEEE@_@LCCy@?qCZy@PsBRqAXQRMZA?}@a@a@Ki@H{@RUJwAVk@PyA`@g@?q@Dk@Ho@B_@DMDi@Hu@Fg@PO?OGU?aASGHMr@IBi@KQW@IKLAPD|@GCDQ?SUgCKs@[mDYsASiC?}@F{ALeGPsED_FZqCFaAH{ADgCR{B?e@B@J_@T]b@e@Lq@\aAVi@lA{Ab@w@NOZGl@Ed@U\Wd@Kt@_@`B]lAk@lHcBLC@BHIp@]xAo@d@[bAENGVC~@Uh@Oh@Wz@U\Q~Bu@b@I`Cw@TIb@IDC~@U~@QhBiAxAk@b@CPG`@WrAc@XKh@BTC|A]v@YZOpAe@x@Wp@Uh@YdAw@~@_@`@Uj@g@p@e@r@_@vAeAvA}AzA}@`HkGfAx@DN?Pn@tB?z@O`A?jACr@U`@SN_@PGPJ^P`Ah@jDXpAD^HfBd@vAGNCZ@f@\tDHd@?LRxAf@pFNdCb@tCBf@A`AD^h@nBJXAJDP,2,,,,GI
27,2,Morning Run,10765.6,3305,3319,51.2,Run,Run,0.0,12835816194,2024-11-06T10:34:23Z,2024-11-06T10:34:23Z,(GMT+00:00) Europe/London,0.0,,,,16,2,0,1,0,False,False,False,False,everyone,False,,"[55.959161, -3.212426]","[55.95769, -3.208776]",3.257,13.06,62.6,False,,,False,False,58.4,18.7,13686872088.0,13686872088,af3b10a5-b3ae-45d1-9dda-96940479005c-activity.fit,False,0,0,False,32760347,1,a12835816194,enptIdoqRg@y@SKQU]YKW[_@A{@Uq@UkCMo@e@sFC_AO{Bq@{GMs@Gy@@GNOCYMYa@gESs@UsAi@eCUo@VONSHA`@k@BWEiAFo@TgAGsA]kAEq@MKK@u@l@QSi@IYe@XFkCzCi@f@g@^[GQLm@l@m@z@SJu@fAWPk@Vi@LURUHSV_Aj@m@T_B|@q@Lc@b@Q?OJ[C{ChAONi@JUPe@HOJQEm@ToAPYPMZa@\CTUHUASH_@CgA^q@FeCx@iD`AmAZm@HKDW\iANo@V{Ad@eBR[JAHFt@pA`GH~@\dAHh@Tr@^~C\jBJjAVhBNfDN`AHfEDj@?`@E\RzCNx@?pAKz@?d@Fx@DzDDT?f@DJAb@B^FNG?DnAAt@FfCTdDD~AP|ADpBNfB@j@HXNtCAvBVjHNlCJdDJjA@l@Lp@JvCBRNhC?r@l@rGB`@Cv@DzAHx@NhC?l@HnBFvEXfEH\ZnIRbEXvCBx@RpA\tAbApDTn@p@|Ar@rAbApAd@f@dBfA\r@nAn@DRjAILNlCt@r@d@z@Xz@r@z@x@j@JRTZNv@n@^Dt@_@b@^x@dA`@NrAnAj@`@bAfAJR^Vj@n@pAz@FLj@Px@n@BFXLr@h@`ALxAZZAVJrBLdAP^Aj@OVDnBm@dBWpAm@v@a@t@k@lAoAt@k@`EgFf@u@l@qA\i@\s@nAyDz@uB^iBDCd@}AZg@H[NUj@sBlAcCRq@JMDSrAaCROpAiBzAcBxB}A|@YvAu@|@m@t@OdAe@h@EtAq@DDkAf@CGXUIQBKWq@AOIWe@m@[}@e@k@O]oAsAQ_@kAgB_Ak@IKa@aAe@w@U{@CmADSLM@QDC@m@^[Vg@La@?S^uEHsBRcCA_EOmBCAGw@WqAG{@Ou@KUSu@i@iACZI??OGQK@OMoA@YGg@V[FMXI@m@OI@GHU@aA]?Cc@?Wm@e@c@EOGIc@IWeAGw@NmCr@_At@A\SViB@eEESIDR@VJDH@QKaBFkBMg@MCKKG_@mAq@OWSKg@c@GQGyBD}@Hk@Ae@Bs@E}@Hw@?u@GiAQq@C[Yc@e@Ec@_@[Ic@AuBcAcAw@oAY{BmAc@e@]S]y@S@SKk@g@OY,2,,,,GI
28,2,Afternoon Run,11795.8,4162,4538,314.2,Run,Run,,12798338444,2024-11-01T15:26:23Z,2024-11-01T15:26:23Z,(GMT+00:00) Europe/London,0.0,,,,0,1,0,1,0,False,False,False,False,everyone,False,,"[55.958996, -3.211272]","[55.95806, -3.208332]",2.834,5.986,80.3,True,153.9,182.0,False,True,249.2,20.4,13646588722.0,13646588722,garmin_ping_382415229493,False,0,0,False,32760347,1,a12798338444,kdptIlhqRPyBZsA^uCIyEPeDHg@lCiCh@{@`AcAxAg@dBe@DUKuBa@_EU_DAa@`DwBfAo@XAH]DmA]{BEcD]}BAu@FaAP[Z]Gm@D}AOmBEaB\sCz@o@ZEBMMwAUaBC]Be@U}A@kAYcAw@yAK_Au@}AOIDIpBy@t@NFGTw@V_@`@}CNuBDkEJcBAgCH{BTq@IcDLiFKaABcAEoBSmCAcAFmAE{@Km@YiCGmGFkBf@UPg@~@{@z@i@Za@Hg@QaBBIpB_C`@Ed@W`@k@Ha@?i@QoCHUEqBJ_CGgCBqB]iGCkCDcAPu@R{Ab@cBLeANiCDkELgABGHHHRJr@NT\G`@Wd@Lz@[n@A|@o@VIVDn@UVJjBIr@Zh@?RNrABr@KlAu@l@o@l@aAZaApA}Bt@k@DF`@MBD@t@G|@JF?rAJx@JPJETB?TP\Jr@FLf@HYqBQkAFg@XQAQgByFEk@B_@ZG\{@@MEISKBWZg@VND[TQ`AyB?i@FO[g@A_@h@i@EYUCQ]@n@Ej@_@t@OFk@U_A{@a@_BKu@@oAP}BReHCYOUWsAoArAcA|A_@LcBzAo@Fa@Qe@e@]k@Us@c@_Ca@kCWaAM{BKu@a@gAy@cAg@SuAMmCJoAFkEdA}@D]Hu@`AqDvIcApAaAzAGl@Wd@S|@?n@UrAkAvBKr@?z@HpAA~CD`AXjBz@xARdABp@GvBBt@Ln@HbAZpA@n@Rr@jAtCd@rBIzAHhAP`BTfANrC^zDNvDZrBP`C^jCL~Ct@tFAn@Kz@c@tAcAh@q@j@]p@CLFvAARi@^yAtBIMQROb@IJ]@c@Ms@_@UUWe@GJSCiAoAoCgAK?Ms@q@cBi@Mc@Du@c@QOIWICMHKVFPLFEf@oA`Au@VS^Qt@Gz@DbBMtADZB|@Qx@PrBStCArBS|AErB]fCFbBAp@U|@KdAO~IO~DFlBEtADd@NXp@x@x@jBV\ZPLTCNc@`ACNBVb@jBFh@DjCORf@~AF`ACjCM`@sA~@g@n@KPOnA?RhAbDLfAl@dDHhAAXe@b@o@TkAt@WXcBr@DlAPtANvBHjAEJsAfAc@Ts@LaDzADbAGlB@nA`AfGF`AUpAOl@e@Ro@n@_Ab@k@j@]B@lA\h@\xBTjCf@nHBhAj@nCNvCZz@Zb@,2,,,,GI
29,2,Afternoon Run,10270.5,3290,3422,51.8,Run,Run,,12782638950,2024-10-30T15:28:34Z,2024-10-30T15:28:34Z,(GMT+00:00) Europe/London,0.0,,,,8,1,0,1,0,False,False,False,False,everyone,False,,"[55.95897898077965, -3.2109709829092026]","[55.95818714238703, -3.2083243131637573]",3.122,4.981,81.3,True,157.4,178.0,False,True,58.4,18.7,13629685041.0,13629685041,garmin_ping_381892859215,False,1,0,False,32760347,1,a12782638950,g_ptIz~qRPNXJXP^f@JFr@fAj@j@FBd@Fr@@d@RJLf@\n@\fBr@`@\b@r@N^TRLNz@fCP~BAn@Uz@WtBFbAA`@L\`@Xf@~@RVNH`@`@RXJrAFlBDXSCFAHv@FRDh@BjACdAOj@Yf@g@DM?]F]ZUZAJYf@M`AB~@Pl@\XfBbA|@Lp@P`ANN@LEb@A^Mh@?p@F\H^@LCDMB?DJl@dBTt@b@tB@pAFVCbADpBAh@OjBIhCMfAUpCYdBYbAa@tBCp@J~@^|AtAdETr@h@fAXv@TRj@p@Zp@hAnAb@t@d@p@XGh@cADAHHC?KLENOH[HSPILqB`Ac@Zm@XSFaB~@c@\m@x@k@f@IDw@n@cDdE[h@_@fAe@dAmA|BWp@k@zBi@vAUdAo@dBe@|@]|@Yj@UZK~@IPyDlGy@x@{@hAMRaAhAQVe@XOPw@d@a@Z{An@M@cCh@cAJc@BkABu@Fm@@aASkAg@QCOBe@K}@Ic@Kc@W[[W_@s@SsAi@QOoBaCk@c@a@WcCeAiAy@q@Cg@DQ?YSi@s@uB}Aq@a@uAkAg@YaAu@c@S}AYk@Ic@Qc@G[SYY[a@c@]}@y@a@e@oB}Cm@iAWy@EGMe@WQ?Cy@uCMg@YgBOqBEmEGiCU_FQkAGeCKeA?iACKK_CAw@EaA@cAa@eEA_@UmBO}@KiBD{BGs@IsCKiAAuAGeC?sAOmDKmBEuBIiAScEGe@GaB?gALaA@_@SwE@kBKeAUuAMUK}@?q@Bi@@}AIy@?]?_BBcAK_C?i@[cCK_Ba@sCJ_A?UDMN_A@Wa@iAKeAKwCEIIkA]mCO_AGcAM{@Y}@EGSy@UgAcAmDo@{C?cADOJK|@k@RI|@Of@Yn@[`@AVEj@a@d@StAM`A?lAYlAm@p@UHGf@KfA]x@g@`@QTA`@UH@b@KZSnAi@nAYfA]TC`@O\Ij@Qb@UnAc@d@a@LCF@j@KnBiAh@UnDmBHIv@m@rA_B~@y@lKcFDFj@lARt@B~@ObBC`BQb@Y^QLGL?JHl@\rAZjCPhAH|@XrBJLABBHGJEN@dBR`BPfCXfB`@`EFfAd@rDNnCb@nBVd@,2,,,,GI
30,2,Lunch Run,6329.2,1960,2252,152.9,Run,Run,,12764564116,2024-10-28T11:39:46Z,2024-10-28T11:39:46Z,(GMT+00:00) Europe/London,0.0,,,,9,2,0,1,0,False,False,False,False,everyone,False,,"[55.95896833576262, -3.211671458557248]","[55.95890522003174, -3.2117085065692663]",3.229,5.056,83.4,True,143.2,165.0,False,True,62.8,20.5,13610297397.0,13610297397,garmin_ping_381317181855,False,3,0,False,32760347,1,a12764564116,w~otIt_rRp@Lj@x@HHFBRXn@n@bA`@f@LTLPDd@VdCfAb@\b@Nd@X~@z@`@x@Pv@H~@@tBAbABbAEdC@hAHf@TFT\S][UOaACeAHwCFu@AqBKkBOi@]e@_@_@y@SW?o@OcAi@YQKOqA}@][e@Ui@e@k@y@[[[i@SCMBYMQ_@w@oAYi@a@e@]S_@i@_@a@Uy@Yk@f@{AX_@DK?OLHl@C^GJO@GFOd@S\YfAu@f@m@|Aw@l@Kf@a@LQVUx@Wj@]RWL]KAUTe@Xk@p@y@f@_A|@i@l@sAz@o@LSFcAr@aADWJK@YZ}@VKP?FWHbCyAVGl@AHCh@_@j@W^YxA_Bj@e@t@_@XS`AY^Ir@g@n@q@R_@CCa@b@i@Zo@p@]NM@a@V{D~Da@ZWFkAp@}@H[J{@n@OPMJKPOBBOr@]JAb@@j@OVUf@[T_@p@YbA_ALC`@_@h@o@`Ac@BCn@MnAk@VQP[`@e@FOw@`@iBtAu@^UNSXSNm@XkBr@s@~@e@f@cAJSDONQ?WJ]JKJOZEX@D@GTMb@IP?t@Sd@_@x@c@HQt@e@f@a@Zk@\YNEv@o@l@?x@[b@[VWR[bAm@FSK@]ZGNc@Va@^QHM?cB|@c@LkBz@]Vc@l@UNWp@SJs@Du@Vs@h@Wf@[fA@PPj@lAfBlBlDd@^Lr@Zf@d@f@`@Tb@P`@PCGmB{@_@c@GQKc@UY,2,,,,GI
31,2,Fife cycle,40468.4,8690,14341,356.1,Ride,Ride,10.0,12749712523,2024-10-26T10:57:00Z,2024-10-26T11:57:00Z,(GMT+00:00) Europe/London,3600.0,,,,0,1,0,1,0,False,False,False,False,everyone,False,,"[56.217858, -3.095959]","[56.192688, -2.998657]",4.657,11.22,,True,117.0,167.0,False,True,167.5,4.9,13594187719.0,13594187719,garmin_ping_380812569875,False,0,0,False,32760347,1,a12749712523,adcvI`l|Q}@xLBbAdBpNn@dDbAfDT~AHfDYxEFj@`@r@tBp@nCR`@z@U`EgAtDEb@VtC~@|At@`C?hLuEzByAgAcEK{@Ts@t@_@`AmApJcIaAc@lDMzFZaHZqCM]c@XyHoAoEY_G`@uNbDQLHVOKFUmBt@oHfA_DhAaMvBWQ_B_H{@{BaAyAiV_Ra@GeA|HyEfTyD|]_@hI_@rDm@rA}A`@uEdJcBxECd@Lx@fExOZ~OcInVU\aAY{BzEyKpPi@vAu@~JgAzGk@pOJlBMzFQzBkArGC~Df@xNcBzE]rEeBlIaBzKi@fNyB~]]tIWtRqAvY?jMgBhLkA`NG`O^~FFfEu@|KQ`NKnQ^pIsAdDyCfNaBjBIZVdFp@bF|@vCd@zE]rJDxBs@xGKxE{ArKwAjRJxDElACVeC|@mC`@oBnB{@vLEzCsB|SsIe@g@_Bo@yHUg@_@OaES]VKX@~EMRFEAPIGjDyFdBHj@tAf@jF`@~AjIv@PMzAeRXSjGlAb@AXg@fA{Gn@cMNaGQu@GaCf@kEv@mKpAoKLqEx@qIEiDNoIe@wD_@u@a@iBk@oHKwDQWwIn@uAhAgAbB}QfCeN~GiwAb\oUxFaExAk@eCW_@cFzAZuFKcLX{PMgJnAap@dA}LhGal@dAwOtAo[VgDvAoEpMik@rLor@j@sA~W}Z`@o@Hm@aEqy@yE}RKwP]]kDFWi@eAiWDmFo@q@I_@JgEaBac@}Csp@F}AXL`Bg@|@mAXmDIq@d@gBXU|[wQbCu@jO{BdJl@|AMVk@\mET_ApB{@|@_BxO_c@C{@uBmGSwODgCv@eSl@iG^oBl@{@p@[pHT|\oHnGyEtAiB^gA~@gFf@yErAkUv@_GrEp@p@g@tAiDr@YjFdAlGXd[|JvFxAhDVhFlEpLhAp@c@j@sFdFgZ`Gc[bBqEhAqIVyD|A{GdAaKn@mKt@uGtAoQj@sCICzL_IlDkFI?nG_GdCgBpH}DjB}AbCwCvCqFn]mLtASt@sCbA{Ah@cBfCuTn@s@nEwBnB_Dj@}Bd@HVWb@cJTgAjBsE\sDaBg`@{Dch@G_WVyFbAqFvCkGpLqQ`RqZzG}LEuAVuAAeAaD_RViIm@gI_@uBImDqAyNO}DPcFh@}E`@_BvAiDlDsNbBG|EcGfA{@|GeB|G}@lADBm@]kEDe@pBoF~CsK~@w@f@AbKjQlBzDnDjL,2,56.3,False,489.2,GI
32,2,Unplanned and unfuelled half,21275.4,6900,7051,271.2,Run,Run,0.0,12734831423,2024-10-24T14:23:28Z,2024-10-24T15:23:28Z,(GMT+00:00) Europe/London,3600.0,,,,2,7,2,1,0,False,False,False,False,everyone,False,,"[55.959186, -3.214101]","[55.957755, -3.208788]",3.083,5.42,81.6,True,171.0,191.0,False,True,165.6,7.1,13578053106.0,13578053106,garmin_ping_380316437539,False,0,0,False,32760347,1,a12734831423,wsptI~{rR}HF}BvHqDxCw@dACj@tC~PHjB|@bEjBbOpApNlA`JXlAG`Br@rHJzJh@tMd@fHIlC]pCmAhE[`CGxCTnCp@jDhA`IvCxAj@FMh@?l@~Ad@JXEb@oEpDkDrH[nASjCYp@u@|DyA|DsCzKyElOyF~XWjBaAfDoAhKo@lBkBfKcAzDc@lC_@`AoBfBuA|Cg@j@aSvOeALQb@Al@qA?k@ZiBxDm@rCcBnKo@~As@r@wVtEiDXQHe@pAWdCo@N[AS[[{CCp@g@dCJvBCfPX`ADnCr@jD^tDdB~KVbDH|Da@hMw@zGo@lJE|Ky@pFyAvEOz@@`APl@nBlAbHtClCn@rCi@x@JlCpBd@v@ExBNv@b@~@`Af@n@tAh@~D|@fDjBpLxBfJl@^d@t@~CdAxAx@dApArBvEjC~DtBjAzEtEzDxCnB_@bBmAjAa@HaASyD@sAh@kESoEQaAKcFaAkKAiB_DaQsEuO_B}Lh@gIzBuNh@}A`BgDbAwAh@[v@aBn@sCXyEkAuRaDkNk@gBUgB@{DR{B^wAnGwLzAsAnAm@\o@xBpBdA\nDvFlAlD~@zAJCTc@m@qHe@iCg@mL@m@j@mDp@mAp@c@XRp@tB\Z|Cg@~C\|CuAjBqDbCeBhBEfCvBRINoAZQHc@CrAVXViDp@YTw@f@c@`@sAjBq@X@^h@dBIlAi@d@t@nBr@l@w@PiBh@yAnCiD|A]`CcAPeAVYRC|@j@`@C\i@x@sDBsCl@sFMsEN}C|AmHLeAAuALqAfBCjAoA^EhAX^`@bB?VmAb@sAn@sDfB}EHs@CmBRIj@^Tq@LsCjA_Bp@e@D]HPEg@R]v@P|AwBf@HnBpGxBpFr@dAjAsEvLgU~A}Gb@eEBeAaAcKUu@u@m@oGg_@WIkCzBkAh@oBVwBY{BiCeBwFcCiDw@_B{@wGu@_Cu@wFPoEEcEJq@b@y@g@_Gk@Sg@kA?qAo@iA_A{@i@yA}CmAk@y@cBsAcGaKWgAwAeDGwAFeAnAoC^gBFsDr@}G@qBO}CcAcHm@}AUPu@q@o@KsALi@e@yB^qACc@Os@u@cAGYi@Gc@XmCjAgCp@c@Pq@\sFGa@l@@OcBY]Qu@Hy@_@OKo@o@s@k@WQw@IeBPiEEuFu@cAyBm@sC}ByCcAkC}As@oA]CsAuA,2,,,,GI
33,2,A day on the towpath,90127.3,17287,24808,55.1,Ride,Ride,,12703668029,2024-10-20T10:44:31Z,2024-10-20T11:44:31Z,(GMT+00:00) Europe/London,3600.0,,,,22,3,0,1,0,False,False,False,False,everyone,False,,"[55.87133528664708, -4.25802499987185]","[55.959206968545914, -3.2130656205117702]",5.214,9.082,,True,126.0,177.0,False,True,79.2,20.2,13544621939.0,13544621939,garmin_ping_379290513069,False,11,0,False,32760347,1,a12703668029,ww_tIpv~XgKgBeGlOyBdXsE`MoAlBw@wCr@iFmuAn`Cc@_A`CoBwCPyBoUnCm]OwNmH_X}AsB_Jd@uAcFXeRoDuJkGqA}IkLmToAcf@qt@yTcj@_Kc\}DyXqA_WmMur@kFiQaAmOiHkOqDsCgMpGeCcAmB}MiEsFyB{MeImQ{AwMaEsGmAcIk@{i@jIyz@TeMwCqw@uL{a@sA{WwDoTwOyb@qDmDgBK`BnBaDq@tB}@qB}O_CcGkKyAuDsEaCwIuGwk@kLgUgFuTj@yU{Bc_AbCqu@{Gkd@_Pgn@iQiC}DaFcHc^_ByYgXq`@eGi\q@}S_L{YNgDbFyJo@sZx@iQwKkHgD_OaFoH`Fci@k@gJuByFgCs_@cQgs@kFiQs@mUcS_aAcYwjBaLueAaWyhBGar@jL_YdCo`@iPcz@{B_~@gGucAkEsQkFyd@yJmViHoi@uSsh@sJk]iL}KoBmGuGemA_Akd@vDoWUgw@nA{}@fBaKfBy@NvDxa@{{A\iVjHat@Zye@lFsiApAaDvh@s^m@UrF{FbGoVsDy{@~C}Zu@mp@dB}g@mAkM\q_@wAgJyAcaAeEgeBX{H|FiDzEqRoC}yAbIi_@pC{_@jHwPdBqWlA{HxNw]xIiH|N{T~Jcg@zMc@bI{KzBqJdGcm@oC}Uf@uXkAqOoCmMcEwGmBsNUsg@Zyc@cCqc@NwNiFsRgHcJiDuVuT}^{AiGm@iWaDmQb@kKgAqRbAkVqEyTg@_u@{CsVdJoiAcGm^EkJ~CoYcCcYjAoOjGcRn@eJc@{cAlBcZu@{OxG}iAOab@rBen@rPgk@`J{zAfDkM|OeRv`@mAzL}JfPuFbBcCnHq_@nGaOhCyOlBeBfNo@|NnS~G|V`JzPxE|Od@zKtEdOxEvX`JxHnDxHbFh\dFXld@yO|KgY`@yGcA{T|@sj@jBeJlDu@v@qDiBwLnCeUqAqX]w^|DcI`AcJbLuQlCgQ}B_KJwOaHmn@wMk`@_BoM|@uQjHcSvBkdAmDwr@bA}d@g@kH_D{InAuNiGwcBrBaObZw_@zGyMdJ}w@yCk[CqScVwjCcCac@dBkGxY}T~CyNo@sa@kDud@`@ku@aA_MeFyOPiTaE{`@TiPaIyZqBoLiPyb@dAie@oVo`AsJmOoPmL{McOiJgE}DwGi]_oAwBq@mA|B`@hAmJ~DsEbGVz_@sIuN}J|OuKqYeBtF_PjLcBxFiGkNwCkBoBeImD`Cm@~CsA~Yr@nJq@eHvAiX,2,49.2,False,850.9,GI
34,2,Evening Run,6931.7,3845,5487,367.3,Run,Run,,12680554031,2024-10-17T17:51:58Z,2024-10-17T18:51:58Z,(GMT+00:00) Europe/London,3600.0,,,,0,0,0,6,0,False,False,False,True,only_me,False,,"[55.854736687615514, -3.231680067256093]","[55.8546906709671, -3.227387610822916]",1.803,3.95,71.6,True,132.3,156.0,False,True,506.6,187.8,13519767853.0,13519767853,garmin_ping_378553321897,False,0,0,False,32760347,1,a12680554031,e~{sIjxvRH\@PMj@Ed@Kh@AV@d@XrC?d@G`B?x@NbBLd@PZLd@L`DRnA@d@[lDEPcAzAa@hAI?GNMzA?b@c@rBY|BIH?U@FA@k@CSDULs@TkANwA?_B`@o@B_@Rs@r@Y~@Il@]|AC~@Ur@KNI\?\S~AMfCMp@@\BABPE@[j@UH_@^KB_@rAMt@_@h@E^ELUn@OVIJIDQ?]j@ULUFINOHQVCHOREB?B@?A@@AAEK^[b@OX]bBKp@Al@H~AAhB@b@XvC\hBL`@f@tAdAfBRV\r@vAzABFTXl@ZHT@`AFrAHv@JZ\v@Cf@Mz@?d@DNX^JP\bAL|Aj@tDH`AHb@@d@FVXxBC@BEE@KK?@I?UKLBV^@\GZ@@ED@l@Et@Gb@Hb@R\Lj@Hf@l@jAv@lATXf@RJICM@BVMDKb@]FK^_Dr@mAFs@?k@DSBYDSBCAGB??@EAD@?B?CLKR}@N_@D_AHQ?ED[TSLUL?DEDMCc@FKJEBMCG?g@DAXDHMHTJRXZJVTRZj@l@~@h@jAVt@Z`@N`@p@lALJp@Rf@TTDFBn@F|@Rb@E\@d@NP?JD?CB?DD?I@LAKCBBJAGBE?ICa@BO?[LKDOBCF[H??IJa@@OAGBMLFDI?QD@@C@B@CDk@DOC[BOFSD_@`@m@DQ?SVSH@FDDA?IDOFED?JSHGFU?IRWBMHO?OLQLi@DA?AADAAB?A@GUKWq@}@_@o@e@c@g@o@c@_@c@YCG?@KICHEIOAQFSLUBk@?WEg@c@YMWc@i@_@c@g@KCCGKu@IY]U[GOQ[iAi@{AG_@_@cAm@uCO[U[w@}A[mBCoBDm@EqAHg@HkAOyB@e@AAF?COFJGUAY?s@_@cCKkBAgCAO[sANy@Ds@SiCK_@?c@@a@LkA@sADa@J]B_AF]Ey@?g@CK@G@FACABB@@CAEC??DCGBs@@cC@OF?FW`@_DLsAHcCd@kBN]Zi@PcEAW[aDIiAe@mBKsAFqCUsFH}@@a@LcACc@So@O[AKK[?O@AL\D`@AJOLEBWAKFKKGSA]w@aCWmAKeA@aAHc@LUdB}FAaB,2,,,,GI
35,2,Lunch Run,10719.0,3123,3127,51.0,Run,Run,0.0,12668467195,2024-10-16T10:30:57Z,2024-10-16T11:30:57Z,(GMT+00:00) Europe/London,3600.0,,,,33,3,0,1,0,False,False,False,False,everyone,False,,"[55.95915013924241, -3.2126160990446806]","[55.957703590393066, -3.2088002376258373]",3.432,9.282,73.6,False,,,False,False,58.8,19.0,13506881219.0,13506881219,97f53eb7-11fa-4407-8709-89c4028954cc-activity.fit,False,3,0,False,32760347,1,a12668467195,imptIbpqRy@mAOI]_@KSK]c@k@_@wAMyAQiAs@_II]GcBYcCIwBQ_BCq@DWAF?KScAW{CO{@[aAMaA]{AOiA@c@FQVYBKTQDMJaBVeA@u@Ms@GOEAQ{@WKs@NSPYf@`AkA}IbEUV[XWJKPWRqB|BQ\eAf@{A~@YDKJ}@RcAb@]\s@^u@JyBhAw@Dw@PUReAXQNqA\w@b@i@H_C~@q@Ao@TOAmAb@wAl@EIIJ{Cr@[PiAZS?g@VW@c@Na@ViBb@w@AMLF^`@|@H`Ad@fB`@jBBVXjARjANd@Dj@AZBb@LTPl@B~@BIVpAAf@DbAP~BTvED|APjD@dBXzE@bAVzBNpE^hDEjANrAG|AD|@BHHv@@rBFl@F`C?lBDb@BlAG~@?lADf@CN_@BVj@Lh@Bb@Fb@BjAFd@Cf@DbA?p@D^DpANvACH?v@XnDLbGPtCPzBF~ARzBBj@@hAJv@LxCJjATdFD`BZdFHnCZzEHx@V`Bt@`Dn@|BlArCfAjBp@n@b@n@dAj@h@v@~Bx@vA^tBz@`@ZL@lC|B~Ax@lAbA^Bh@Uj@BRVrBvAJNn@h@V`@dBxAd@f@nBtALNFAHLNFp@j@|Bv@lAf@zARhBHpAK\BDHH?NEDMPHl@AzBm@TQVCROb@ELD@CCCABv@q@d@]REXOLMXKr@u@`Ak@n@m@N[f@e@~@aB`@Y~@gB\_@lAmC~A}Ej@aCj@{AV}@rAyC`@wALOhAeCXUn@qAjA{AF?b@i@HS?Qb@Gp@gAZYTGFMjAaAzBw@`@]~Ba@~@Gt@I?DGXWZISEBUSKWa@a@GMi@[g@o@GQy@y@_AiAe@y@US[{@S]k@eB]q@YaBCiA@_@`AwB\wAHu@?g@Fk@D}@NaAPuFCkDGeAK_Ak@uDM_@S_AU]G]@OT_@?KEI_@OuAXc@Oa@Y]]GF]Ha@f@qAz@{@Co@DMGQUQEa@_@g@GGGGSEg@CsA`@cDl@aA^Y\}@R_AJkAHqBEOBCKI@Y`@FFKIUCc@Bu@Fa@UqA_@m@MAKQiAg@S_@Kg@KiBFgB@qBAa@Be@Ao@QkBMSk@i@cAg@[e@q@WQSgB_AaAOaAm@{Am@]i@YSc@cAk@YgAaB,2,,,,GI
36,2,Run swim run,8014.2,2389,3271,33.6,Run,Run,,12620251842,2024-10-10T09:37:24Z,2024-10-10T10:37:24Z,(GMT+00:00) Europe/London,3600.0,,,,0,0,0,1,0,False,False,False,False,everyone,False,,"[55.95891695469618, -3.21174630895257]","[55.958418902009726, -3.2093956042081118]",3.355,5.104,83.4,True,150.4,166.0,False,True,25.1,10.4,13455000873.0,13455000873,garmin_ping_376628844664,False,0,0,False,32760347,1,a12620251842,kpptIrlqR]We@w@Wu@OcAI]GmAKw@EaADgFAwA[oAq@yFIQa@eBAS@YDES}@OcAMmAo@gDIaA]iB?E`@[Nk@@SA}@TiC@k@Ce@S}@Eg@IO_@EkIxDsCvCc@ZQTSNe@Pg@VmD|AaCzAy@Xg@Xc@Rm@N]Bo@N]NCDg@Rg@@g@FgBr@iAVuDlA]Dc@RoBf@_EzAaAb@a@\yAp@g@Hs@R_AL_BJo@F]Lu@f@m@XoBf@e@TwJhD]Jq@Zi@Za@Nm@FoAl@WTc@n@}@|@]h@Oz@I|@KRe@\GRq@jCQb@ERM~AGbBIfAKtCOzCI`GYhFMzCChBPlBP~@^jANdAr@nGBUAm@SwBEqAm@eGKuACaALcIDaAJ{BJmHZ_ELmCDeBR}C^y@b@YLg@PoAPa@NQ^Ux@gAn@s@z@q@d@Md@Cz@]L@h@EJIl@IrAi@rHmB`@On@i@`@K^[RKl@Mh@C`@QvA_@r@Yf@ON@r@UzAq@j@If@K|Bw@r@YXIVSl@_@`@Gf@WROR?j@K`@Mf@Sh@Or@Eh@KrAk@lCo@pAq@^K^Ob@Yz@Sl@G~@e@rA_Af@UJCd@Wr@o@lA{@j@WdAy@h@q@t@c@j@o@jIaESXf@SX^H^ELX~@Fd@@TShCGZGPm@jAQJCZFv@l@zCRzALt@JhCNf@RvAP`A?t@TtCVfBAp@PdBRnDTrBNt@@x@Hv@RlABZ,2,,,,GI
37,2,Morning Run,6658.8,2029,2032,36.4,Run,Run,0.0,12587487605,2024-10-06T08:39:34Z,2024-10-06T09:39:34Z,(GMT+00:00) Europe/London,3600.0,,,,15,2,0,1,0,False,False,False,False,everyone,False,,"[55.95907746814191, -3.212530016899109]","[55.959356082603335, -3.2439954299479723]",3.282,5.204,73.4,False,,,False,False,50.8,19.0,13420050288.0,13420050288,03b67d4f-4ac1-42bf-8043-6fc9151b626c-activity.fit,False,0,0,False,32760347,1,a12587487605,kmptIxoqR_BiBKa@]c@QQQo@?GDE?EYg@QyAImAKi@G}@As@Eg@A_@G_@A]Gk@EeAUiBOaBAm@QwADk@IUGc@D]a@}@GkBMgAi@uC]w@Gu@GSKe@?MDGTO^a@@SL]@k@Bq@ZuABSAi@Ia@Yk@OaAKIC?QJOBYTg@PUBUGGJKDe@R[rAQN]NQD_@GKKUMMWY`@GZMTMFOV[ZMT]f@WPW\KJIFY\QDULMLw@b@[FIJSHUPQFK@eBx@KDWDQLWFABE@EASLWD[RUB[HIHSF_@B_Af@e@NYP_A^]HK?u@RQFUDWNYFYJm@NYNs@RQJeAXYLKBg@PIHyA\WJCHCTKGW@]DWHa@@cA`@WDYHYTYJSBIDS@c@P}A`@WJSBS?YDIDAHLlAdBlHDZVdAt@dE\bEFVP|B?NBV@rBDj@F^DlAAXJ~@?dAD`@FjCLdAHvBD|APrBFpE@hBFfCJlAJzDNjB?r@AHLtBBl@Fn@@l@VhF?d@JrC?f@PpGb@`HHfAHd@FdBJz@Cr@JfB?|@HdBNxAJjB?l@HbB?j@LxDHr@DnAAf@Fv@HfCBj@BJRfENpBFbCHx@FnBP|B`@hCLd@BTLZF\tApEh@`AFPb@l@R^f@r@HPHHr@~@HJt@`@f@d@L^HPJFL@\N^HPJfCr@rAn@nA|@rBbBrBfALP^Vd@@d@YPCLDpA|@vBdB~@z@hAvAt@v@v@h@RFb@d@NHR@RFJNNJ`@HFARNLNP@VJL?h@L,2,,,,GI
38,2,Afternoon Run,2083.3,686,735,6.0,Run,Run,0.0,12467977731,2024-09-21T15:06:51Z,2024-09-21T16:06:51Z,(GMT+00:00) Europe/London,3600.0,,,,5,0,0,1,0,False,False,False,True,only_me,False,,"[55.95868435688317, -3.2126547396183014]","[55.96808818168938, -3.200113819912076]",3.037,4.98,83.5,True,146.5,159.0,False,True,66.2,59.0,13293127856.0,13293127856,garmin_ping_371822598956,False,0,0,False,32760347,1,a12467977731,elptIxpqRg@Wa@Wk@m@m@w@i@g@e@m@IYBsA_@eBEc@_@cFMwC]eBImASkAWaAS}Az@sACEYsCg@kCS_AK{@?q@C]Ms@f@c@LOL_@FkBTaB?c@IcAQeAUc@a@Im@IaJzFEEESMb@[h@a@j@i@|@wCxAwAh@eAd@_@Z_Br@,2,,,,GI
39,2,Afternoon Run,5230.3,1413,1514,29.0,Run,Run,,12458804732,2024-09-20T13:37:33Z,2024-09-20T14:37:33Z,(GMT+00:00) Europe/London,3600.0,,,,12,0,0,1,0,False,False,False,False,everyone,False,,"[55.96069919876754, -3.1977532245218754]","[55.95855443738401, -3.245029002428055]",3.702,6.176,84.2,True,147.0,163.0,False,True,76.2,46.4,13283316012.0,13283316012,garmin_ping_371553581323,False,10,0,False,32760347,1,a12458804732,_hqtIlloRcAfAsAnAiCrA_C~@q@d@aAf@c@Na@Tu@ZkAHw@Rc@Fu@\IHg@TKJuAd@c@Vm@VkBh@UJ]XQ@g@JkA^g@H}@b@e@Jm@PiCjAc@H}@^wDt@aAPi@?IBKZl@pDXdAXt@NhAVbA?p@DJb@vFx@hF@d@VtBJjA@dABvFBt@?bAFhB?tE\~DJ`BKxA@vBKdEBtBb@lFHfDCnCd@fIF|AH~@D~@Z|APrDJnAXzARvB?PCZ@?EBEl@CFIACB?XFx@@`CHnCLf@?`@Jh@A\?MP^@PF@@CA@@VJt@JhA?|@V|AH`DRvC@pAFtACfCDvAn@tHd@zEn@lD\~AX~@v@vBvAlCx@bAZj@VTv@h@b@f@fAl@jA^`@Vd@H`@PpAv@~@b@j@d@j@XNLZPjAb@jAjAPHf@Fh@U`@?^V~A|AlA`AnCtCb@Th@\j@h@~@h@J@b@PjAr@vAb@p@Hl@J`@@,2,,,,GI
40,2,Morning Run,2743.2,867,907,13.0,Run,Run,0.0,12447974303,2024-09-19T06:49:04Z,2024-09-19T07:49:04Z,(GMT+00:00) Europe/London,3600.0,,,,4,0,0,2,0,False,False,False,True,only_me,False,,"[55.9591662324965, -3.211981002241373]","[55.95960787497461, -3.2144341338425875]",3.164,5.237,84.4,True,138.2,154.0,False,True,52.6,35.6,13271723191.0,13271723191,garmin_ping_371227917723,False,3,0,False,32760347,1,a12447974303,cwptIjdrRa@XoAl@gAr@}@FWIc@YKY@OO{@O]GEOAQB[NSTGd@?^Mh@_ArAeCdBk@h@IP]VUX]Z_ALq@\k@Rq@d@o@Zo@f@YPUDY`@KTCl@Fx@Jb@PfBNbATh@f@|C\~Cb@|Bb@vAId@B\BX^bCf@dCd@jBb@b@`@Jt@AXKd@WbBmADA^WPc@NMD?`@MVQvAw@pAy@b@UZ[\kADkAG_AEkE_@uHMmF?_ADIT?v@JdBF,2,,,,GI
41,2,Afternoon Run,7705.3,2210,2915,29.0,Run,Run,,12442598781,2024-09-18T14:55:52Z,2024-09-18T15:55:52Z,(GMT+00:00) Europe/London,3600.0,,,,24,1,0,1,0,False,False,False,False,everyone,False,,"[55.958642195910215, -3.209793157875538]","[55.95883053727448, -3.207591148093343]",3.487,6.466,85.1,True,156.5,186.0,False,True,40.4,23.6,13266028028.0,13266028028,garmin_ping_371058134355,False,21,0,False,32760347,1,a12442598781,{sptIbjqRM[AaAQ_CM[Iy@G_AIqCWwCS_ACcAKkAOaAe@uBBq@Ci@E]KuAOu@EcAFcA?KSwBWsAEg@V_@TSTcAHuBDUJgACq@WkBOSc@Ia@D}HnE_@`@cAx@gAjAi@^c@Pu@PgBfAQHq@P{@n@c@V]Lg@^YJ]^g@NWRKBwAFeBP}Ar@OV[Tc@LgBp@cAVMHq@LyAd@mAj@c@NcALe@J}@`@g@XwAb@gAb@g@Li@ByAPyBPqAf@SN_A~@i@Hq@NiLnDq@Xk@Je@Ps@DMd@[l@k@^oBrB]nAKV]R]f@ITIn@[vAGj@GdAEnFM`FGjEGfAEtDUxHFfAJ|@`@lB`@jETfBFdAYFOmBY}BG}@UeBECCQ?QImAI}BDuA?qCDuBBoAHaAFeBDgED_ANsAHoAPsFPoCBMBB`@y@TQTUH]Fu@Ha@JY~AeB`@_@^IZSDIVMDGfAk@NEz@Gd@UPCn@W|KmFL@fAg@FCh@?NCl@@j@SdAWRBp@Sn@[TIP@h@M|@a@f@]`A[z@[hASp@Iv@[r@Kt@a@d@GT?f@CfBwA`@OHGb@Ab@K~AGj@WhC_AtDiBJAtAm@nFeCt@s@x@i@TQ`@a@Xg@`@_@hKoHb@f@PfAXr@N~@?JCh@QlA?~@O^cAv@CF?Z`@`C`AfEL~@HhAR|@BFAv@Bz@PpA^`ETtAXjE,2,,,,GI
42,2,To the beach and back,7499.5,2706,4913,28.0,Run,Run,0.0,12432635445,2024-09-17T11:56:59Z,2024-09-17T12:56:59Z,(GMT+00:00) Europe/London,3600.0,,,,10,1,0,1,0,False,False,False,False,everyone,False,,"[55.958279, -3.208255]","[55.958111, -3.208758]",2.771,5.52,81.1,True,136.8,160.0,False,True,26.4,9.6,13255413278.0,13255413278,garmin_ping_370771746338,False,0,0,False,32760347,1,a12432635445,sqptIlkqR[[q@sA?iAKcAIU[c@Ea@UeEc@cEOgCMe@EgAIw@Kw@GGF]?@A@AEB[Ac@UuAa@aDMw@a@kBGa@GiABm@r@_ANi@F_AJs@Ni@Dg@Am@a@eC]M]?[VkH|DSB[J[XU`@o@~@WNIJsBn@[Vc@Na@VqAd@wBrA_@NgAl@e@NsBRaBd@c@?}@Nw@lAEBO?MJ[LW?i@NUASDO?qAv@g@J[TcC|@MJgAf@e@Vi@HyAf@_@HWLc@F[NOB_@Lm@HgCj@a@DMLWHc@Fg@Ru@d@UHYNk@FUJKH_I`C?B_@JIACTMBQAa@Hw@v@c@L{@Fc@N_@^c@r@gAdAm@f@QXG^KXWJSD[`@{@vDM|B_@vM[dW`@nDLh@VbBf@~EBj@OUSwAOiBSqAKs@Sm@Mk@Gc@Ky@Cq@`@kMFkGTiFT_HL}A^iBPo@Pa@TQT]j@eBhBoC^YRM\O|@UVMr@Sb@El@D`@WLCrAo@xIqCNQRAFK\QXWTMHIz@YrBg@bAYfBo@h@MhAs@x@SrAGlAUb@QpBm@~Aq@rA]b@Qf@_@~Bu@z@Sf@FhAi@`@WvAe@bDuAPC`Aa@p@e@jAo@NGZGrAq@h@Q`@UVWfAw@^_@~@{AXwAD@`@l@RRDLD?PRh@`ALP^Xt@z@b@H^RN`@Lf@L|@\zA\dC`@|D`@j@Df@FdBDLDhCVjCRjADpATrCLdARfCF^AVHx@TxAP`@^X,2,,,,GI
43,2,Morning Run,23507.0,7266,7510,281.7,Run,Run,,12406822855,2024-09-14T09:49:05Z,2024-09-14T10:49:05Z,(GMT+00:00) Europe/London,3600.0,,,,13,3,0,1,0,False,False,False,False,everyone,False,,"[55.959199760109186, -3.2138964347541332]","[55.96320463344455, -3.2185605447739363]",3.235,6.752,83.4,True,173.2,205.0,False,True,165.6,7.1,13227764867.0,13227764867,garmin_ping_369983161504,False,10,0,False,32760347,1,a12406822855,gtptIdzrRmHK[\eBtGc@fAwDlDSp@tAxNh@lB`AnGhBrMn@fH~BpQb@pBhA~XfAfRYfF{A|H[vDNlGv@jGh@xBPvA^PvBMlDd@`@XIpBsAx@mCrDqCnFq@hBgDrQmApDiChM}EvScE`TgBpGuBlJyDvTk@tBeCbCy@|A_XdSM`@Kr@wAEuAtA{@tAq@rBkBlLg@tAe@n@uGnBmT`Eo@pBGxAuA`AGz@U~NBvEl@nIjBrOXhGc@`QWfC_AtEQlDIrDThIYpCqB`JAhAT`@lDzBlFjBlAH|@l@hDWn@^zATb@d@hAhBDpCv@hAZJd@fBZvCp@tAbBvLCtAJt@VZf@`B`CvEVN^|@hBd@bDnClCjDx@nBzBrDjDlBpBzAhAdB`@jAhAZxBIdBmAfAwAJw@GeGd@mEk@qG?_E_@uAUaCa@iAa@uBB{CcBeMw@kEgBqDgAwCoBuNBaElA}GfAaJtBqGlCkDfAkBj@uCPqBa@sKuAyJs@}A_CkHY{ACoEv@wG|CiHrB}C~EcDnB~AlAZh@tAz@dAdB`D|AtDXNVUQiAc@cNq@wEMgCT{Bv@sCb@m@^Qj@eA_@z@f@v@D`AXj@tBa@`BDtC`@nBgA^e@~AoDj@IvAqAfDy@h@?fE}@\k@X@fAiA`Aa@dAEjC{B`@HnAlBPG~@mDdA[^_@v@aBjBm@t@?vAwAf@C\iAp@ON_@BaAb@aAOsDdAsK`@cCZyEjAoDp@]p@CBqCLs@x@\TGAMf@M\kARKhANdAbBbBFNq@@w@lAeGr@yA|@iD?wBTM\^Tg@PqDbBmBh@IZk@nCsBh@Bz@zC`@ZdBhFlA~B|A{E~AcC|BkFrDoGj@uAn@}Cx@mHM}Ec@wD_@sASGq@oA}AcLsA_GwAqIyC|Bq@TeC^iBCsAkA}@qAwBkG}@yAcBeBi@yE}@oD[qDWu@Iq@X}ECgFf@yAU_Ec@}@q@e@Km@WNOe@@sAwAcCWuAq@gAeA{@Rs@]YeAYK\Vd@\PV]MCVl@EQs@FaE`AsBzA_GtDuAdCk@Ze@p@qAvCQp@kB|BsEdPeEpIyE`G{BrBsCpAy@~@aCf@mGVeJqA{AcA[w@eCkA}JaJmA^k@UmEmCmDuC}GkBgDiCu@aAiCeEkBwH]kDaAeUo@gHAmAi@_DjEaAPJd@YbABJqCk@uK@OpAsBhJuF~RwMrBwBhBkAZkA,2,,,,GI
44,2,Run and swim,8130.9,3225,3882,40.7,Run,Run,0.0,12390243412,2024-09-12T08:52:48Z,2024-09-12T09:52:48Z,(GMT+00:00) Europe/London,3600.0,,,,16,1,0,1,0,False,False,False,False,everyone,False,,"[55.95928458496928, -3.212939640507102]","[55.958614870905876, -3.209899105131626]",2.521,5.842,83.8,True,146.5,169.0,False,True,25.1,10.2,13209941373.0,13209941373,garmin_ping_369475492098,False,5,0,False,32760347,1,a12390243412,axptI`erRo@j@wAz@Y^a@\c@J_@]Si@a@eBAWAaCGiCMuB[{BQ}@Fq@@_AUsAMwAGsAEeDHkBCqCHw@TYA{B@YTeCNaC@c@IaAQcAH]JON[Ou@o@wAOuAV}A@_@?i@KsBFwAC}BCKCo@Ye@YYi@hAo@|@[^wAxAa@TsBp@uBfAc@b@m@Xo@`@QD[BW\QDS?MXUFwANe@Jm@VqAv@{Ap@w@Ji@V}A`@[Jm@Jq@^s@VyA^e@NaBr@}@\aB~@g@Fi@VaAH_ANaAJoBZsA`@i@\sAl@qARcIxDqA^KFw@NW\i@Jm@FMDqAvAu@p@s@v@Ub@U`Aa@PYp@G??N{@vDSpFc@hIYzNEdFD~@f@vCVhLC?d@i@?KEo@g@uFMcAWgAAKDQQgDFwCEoB@oAJiGp@kR@U^mBd@sAd@YJQR}@d@aBj@w@PQ`@YPQp@]d@q@HE\ID?TS`@MN@t@CRMf@k@h@[VCRFxJaB@KP]z@]h@m@ZOh@?\Kr@e@l@OfBq@rA[`@Ub@ObAWd@@LIz@Yp@]l@Qd@W~Ag@\O`AWf@Gb@MLKj@OdAe@fAu@rCg@|@e@z@Qd@Cn@Oj@UjBi@XMTQ^O`Aq@VKt@u@f@[pAg@vAkAl@{@lAs@dJmENBBD@LNn@Vr@Fx@Ch@Ib@C`@@bAKZe@V[`@M\^lBH~@PfA`@dBH|@RpBRJANCH?~BBNP^DV@jAHzBRt@HxAT|BL`BTdBL|BPf@^fB,2,,,,GI
45,2,Morning Walk,5613.1,4340,5084,43.0,Walk,Walk,,12365515503,2024-09-08T09:30:10Z,2024-09-08T10:30:10Z,(GMT+00:00) Europe/London,3600.0,,,,0,0,0,1,0,False,False,False,True,only_me,False,,"[57.084351908415556, -2.9430537577718496]","[57.08817522972822, -2.932575875893235]",1.293,2.185,53.9,True,90.7,116.0,False,True,164.6,146.0,13183644312.0,13183644312,garmin_ping_368802547635,False,0,0,False,32760347,1,a12365515503,c_l{Izf}PRo@DkCFy@z@yCFu@Vc@RYZy@NqDHw@XiANkBXeAVe@HKRg@b@{@d@wAXyAR_@h@SXWZGz@_@r@q@r@iBJy@Be@j@yADU@m@Jc@Ls@Rm@^o@L[XkAZy@Za@DY@kBCyAWaCBmAHi@@c@BWAk@HgBC]O_@QaACBIEC@@@F@DCViAXkCBeAWcEAa@JmBToA?u@Mg@@a@Li@HqAJs@FgBAgAAQO_@KIY@a@n@ONEPKPMBIAOMSi@SWEQCe@Di@F[|@eB`@URTRt@JLNBPLl@FPCPKJSLs@NmADi@Lk@D]@a@AmADcADm@Je@Ag@Ne@DSEm@Dg@?]Gg@Ma@w@oAC[AeAt@{EFeARmAJ_AYaAQKM[GEo@SMS?qAIaAOUM[Yc@SMOJOt@WX]j@K\o@t@SLWXKDSNg@h@g@vAIbAMt@Iv@ITMHc@AICaANSHOCIBMLUf@WZQ\]\SVm@bBI^UnCE~ACXGRYf@a@TKCOM_@OGKa@{AQSUc@e@g@EE[EUM]Wy@c@u@cAISa@]Q@EFIVORYp@Mn@CZ?j@IFDECC?JEEADDKCC?DDEA@GOSIMUQ{AGEO@KBS`@Qh@g@jCG|@@l@z@tAb@~@`@nBPd@TZFPBZEb@QpDJh@?NCIEAA@A?@EOD@RKz@G|@CtAEH@P?TL~A@j@OdDBdB?bAUtC?DB@CJ@GAC?BE@A`Be@fDGzB@\DGAp@EPYFQVCPAXGJ?AE@@BCDIIYSMWm@Mc@D{A\[L[FWZS`@K\o@`AOLMF{@L[RSV_@|AUfBQh@Ch@FZ@v@GnA@b@At@,2,,,,GI
46,2,Braemar gathering hill run,5335.7,2538,2551,386.0,Run,Run,0.0,12351013872,2024-09-07T12:21:24Z,2024-09-07T13:21:24Z,(GMT+00:00) Europe/London,3600.0,,,,0,2,0,16,0,False,False,False,False,everyone,False,,"[57.00392092578113, -3.4067166689783335]","[57.004348151385784, -3.406683560460806]",2.102,5.034,70.5,True,189.7,205.0,False,True,691.8,303.4,13168022043.0,13168022043,garmin_ping_368393608975,False,0,0,False,32760347,1,a12351013872,mf|zIz`yS?^_@dBDZdAdBPJp@r@Zz@H\FB?DNTHVH@f@x@HFBTL\hA`B\l@Z@^Q^Il@RJAL@^VXGVL`@YH?RK\_@JQf@i@b@m@DMNSLc@j@aCNa@Ha@LYPQt@c@XUTMH@NLPP\FJRDX`@x@BDRHH@BEF]FOPNHEBIHGJCX@j@J~@DJHVFHNBCHYD]DIVUF?HDFdA@BJ@NTVNBJFBBF@lBFf@DDX@DDV\JV\AFDBRCT@^L|@^|AHF?b@AZ@TFHJd@@\Ax@Fb@LJTBJLF@FFH\FFPf@F\f@`ATpAV|@DHb@rBHJ?b@^z@RZFZJT`@h@v@rARd@Lp@FFj@@NQJAl@JZIDEP@NSNBJHF?JKD?XNNDNLJTHHHFHBXd@JDT^DD\BHHHZB?@[EYKq@YkAo@eBk@uB_@aAOe@sAaDa@o@KSg@k@o@g@W]i@k@GEUEEEQY]cAa@k@i@[MMk@Wu@e@W[_Ac@MKe@w@IQIm@IGSC[MOQO]Ks@Aa@F[EOGIM?UBKWMM[QKCGGEKGq@@k@Ew@MOOIMYQCEc@?a@GKGAYXUv@GFEAAEUASIMBUGkBKg@p@AAGHQ?MCGIUm@C[IWQMIAg@YGAQDoAx@GHy@nC]pAYj@wAbBq@dAKDYTo@rAQJOAOQ_@aASWe@Oc@Ha@POAg@kA]q@i@k@Ma@Yc@OQa@WWY?IGGa@{Am@i@QIKKo@eASc@AKFm@F[Ne@Bc@KcA,2,,,,GI
47,2,Morning Run,4516.7,1395,1395,43.0,Run,Run,,12252257438,2024-08-27T05:40:05Z,2024-08-27T07:40:05Z,(GMT+01:00) Europe/Paris,7200.0,,,,0,0,0,2,0,False,False,False,False,everyone,False,,"[45.956944366917014, -0.6729094963520765]","[45.95709222368896, -0.6730023678392172]",3.238,5.218,86.0,True,140.1,167.0,False,True,12.8,-27.8,13061194906.0,13061194906,garmin_ping_365570838682,False,0,0,False,32760347,1,a12252257438,obowGx}bCOrDI`AMpDo@lGA`AFrBCv@S|AMn@eArC_A|Ao@tAwBbD]^E@YEa@]Wa@_AgAYo@[]m@cAmAeCyB_D[w@{@eDOu@YaCMiBI_E?iAI}@Wg@q@q@]i@c@uAKy@CgAPyBPs@FKVmAFgAr@kII[SKw@]cAw@gDkDqAkAw@y@?o@jAmMPc@RUHYVsA?SZ}BPq@`@aDFi@@o@GuB@u@XmCRiEF}@f@yDTwANCPFrAz@t@n@l@bAPj@x@vDFRRf@jBlCjBvBj@v@r@hA`AvBh@zAlBnI`@vAl@tCxAhFdB~Dt@`D|@rB,2,,,,GI
48,2,Morning Ride,28577.2,5644,10421,146.0,Ride,Ride,,12228691273,2024-08-24T07:53:19Z,2024-08-24T09:53:19Z,(GMT+01:00) Europe/Paris,7200.0,,,,0,0,0,2,0,False,False,False,False,everyone,False,,"[45.957000609487295, -0.6734167691320181]","[45.95716590061784, -0.6730791460722685]",5.063,9.593,,True,124.2,167.0,False,True,48.4,11.0,13036635138.0,13036635138,garmin_ping_364865623892,False,0,0,False,32760347,1,a12228691273,a`owGfabCLeBXgAz@aC@RcA|CYdBCz@JpIJXt@Ju@OS[AcGDwCFk@nB}GTuB@sDMgETuG@aCW_PJkVFiBnA_JPuEXwB|@uKJuGNwCAiIDqCZaFd@mCTmB@_CImB?eCj@sE^oIPiAl@eC`@iChAaKXaD\iJF}KKwBg@wEa@mJOkJDaBf@sC`CiEjB}A|EeDXWZw@WeCqBaLuIq_@yC}Nc@oE{CuU_@_EHIjDg@dACzDv@z@QLQKiAH}@R]jAcA@]Qy@?e@R_CXuJAc@Ws@Ce@^cJGU]_@IYWiFs@_AGa@QaG?mCN{CJgHS{Ff@yD`@uBpAuE\cB\oCr@iCVyAr@gF\uEh@?v@iBzAs@dAy@~C_@p@S@Uw@cHGqBBFG@CMH_D?qRXqHKyFk@sLHkDNiB?_Aa@}FEeCc@kKCmGPmGQsOHkF?aGHyCxE{p@|AqSlB}OlFoKtA_Cp@gAdHkJnAuACDE?NY{@wCcI{TeAcDe@yJHsAAoA[aBu@eGa@wAg@eAaAwCi@}@Ig@Li@zB_Gh@oBXYPHnAhA|CvBJAHEXi@lC{HX[\{@zBiHP{@KWi@[Sy@kAw@Qy@FBFJYOID@EKOD@?Dk@ADOy@pAL`@]]_@Bs@W_CkBXFvAnArBj@LZk@bB_@t@k@`CW^aAHsArC}AvEm@jCqCfJBX|ApC\z@bA~Dh@bDVpEGzBj@dJT`Av@`C~FnPPv@tBpFrBdCpW|Yd@p@n@fAXx@@ZoCdS_Mzx@o@pFoB|Mq@nFQpCD??\c@jOc@~W[@aCm@uEi@u@JsBrA{@Tw@EsCuAgDe@{C?sCPQN\rGBlAE~@QlBEfBf@fITxG]tK@rUFfCr@|GCVKJsC@q@RsCpB_@p@a@bAg@GKFG`@EdBKt@s@xE}AhI_@|DS|@u@bCeArFIdBN~DInGCvKDdDH`AHVd@`@LVJxEJ`@Z^H^YtJXdAQjIREEACBQt@WnCBh@Rp@?XiA|@_@h@Gr@DfAKPwAFuBg@_BM{Cd@YHMZBf@~BzPhBzNlKdf@dF`YQ\gBbA}B`CaDlCsBfE_@rBGlBTbJf@lKb@rEBpEGxIg@hLmB`OmAhGMhBM|Fg@vDInCJ~A?vD}@`FYbEExDBjJWxECnBy@nLa@xDMhDa@tDy@jFQrU`@pQAjBUlGLjF?xCQvBQ`A}AjFMbA,2,58.3,False,329.1,GI
49,2,Afternoon Ride,12895.5,4247,6014,20.0,Ride,Ride,10.0,12214246280,2024-08-22T12:32:30Z,2024-08-22T14:32:30Z,(GMT+01:00) Europe/Paris,7200.0,,,,0,0,0,1,0,False,False,False,True,only_me,False,,"[46.1867272015661, -1.3223495800048113]","[46.194360852241516, -1.4237239211797714]",3.036,6.479,,True,115.3,155.0,False,True,7.2,-3.0,13021604724.0,13021604724,garmin_ping_364425795384,False,0,0,False,32760347,1,a12214246280,_f|xGhzaGi@tAK\E\m@|@Wv@_ApBgBfDKD@@i@z@Y\cAdBi@r@Ip@O`@c@v@Sd@CEb@q@BCN?Pb@VTXlAb@|D?f@C\_@jBGbA@l@HbAFZWJ?RCABCCZWjACFCC@AEJC?@@OJSn@e@fBQxAMh@MNEX@~@YtB]hCMf@ATGRK|@g@tCK`AMn@{AvKD??E[vBc@bCU`Bo@vCi@`Dg@zBc@nDSrBYlAc@rA}@tBgBpDo@fAo@v@eBxDWp@]hAi@rA{AvEa@~@{@dC_@t@Un@?JDAGH@bBq@xD[tAMbAQ|@qAxIo@nA_@f@m@zAId@AlDCTQZ_ChCs@v@[R}@DSEs@JoBLuA@[F}B`As@LcENqAAwABMAa@MWBMLG^Tl@F^LNDJBdB?zAD|BFj@@fANlBHRNFf@FXXCPJp@?PBVNV?VTdA?^Nl@@ZGb@KZARITKl@IPI`@BTESC?Wf@YOOQGCADr@`@LIFQ@EAAB??@KG@FDCNNABD?G?MHKNEBWIyAgAUUICMJ?f@B|@J`A?zADzAZzD\lBFVP^JP`@\j@TfBDn@ZlBLnDAnBFvAdB|@zAh@xBHt@Op@UVaBReDBoANwA\e@Nq@`@sAxAU^Er@CnA?pBR~C?|@]pG?pCJbA?`AOhGP`Af@`Fr@hLB@x@M^ABBD|@BvBFxA@nBADKBu@ACBGVl@hEHz@h@hLF`@^AVBHHDZRfEHdAB|AKDs@AGHi@hQ?d@`@vDFbADpD?hBCZEG@@@GAFFNDb@PxAFzA?jDCxELvDA|DCn@a@|DCdAA~CM`E{@~F}@dDy@pFw@fEK`ACt@`@pCBdBKrAQt@GhA?^RtAHnADx@?hAK|BQhBEnADtAEnCBlCAtBYtE_AvL@\\pCDl@Ml@Wh@?BDLTLnA\p@?h@EV@nA\pBn@~@Pp@BVGXQd@INBZJf@`@t@`B`@@~AIx@OrA_@n@GfAVbAD~@KjAWRMF@bAGnA?l@M^[t@{Ad@m@h@Gn@?ZLf@p@lA`EVhBf@|Bp@jCdBtI^p@tA`Bj@dADBFCLQFWd@iC?FJw@`BaJL[BBACM@GKA@D?Pa@Hi@ZcERoBDm@AOIGkEyA,2,24.9,False,105.5,GI
50,2,Morning Run,12735.6,4745,5278,27.0,Run,Run,,12212110652,2024-08-22T08:44:23Z,2024-08-22T10:44:23Z,(GMT+01:00) Europe/Paris,7200.0,,,,2,2,0,2,0,False,False,False,False,everyone,False,,"[46.24240692704916, -1.549190366640687]","[46.24329364858568, -1.548231728374958]",2.684,5.003,83.7,True,149.4,165.0,False,True,-32.0,-44.2,13019386400.0,13019386400,garmin_ping_364373625689,False,1,0,False,32760347,1,a12212110652,syfyGvfnHUvCAn@u@~Cm@lB{A|HGr@Q|@Gp@Dr@Nr@JVZj@h@v@FNLDjAbAFL?To@pAOx@m@xASp@Yl@@z@ChASXUPi@Hg@XGTGDDQPKf@HXWT]Nq@BsBLa@NU^{@b@wAXq@Tu@Tc@ZMtCjCRf@LjANZ^N`CPvAe@pD_CjCwAbA_AxAmBzCkDp@m@x@eAl@e@fCoCt@aAjCmC`CaE`FmHzEeIz@gArBcDd@m@fCqExB{CvAcCrAqBz@gATDd@`@X\Td@VZPDx@a@`AyAzBsB`@o@`@e@`@m@fCiC`B{A`@g@b@Y`@i@t@q@h@o@\d@b@ZhARRCLFTXTfATZd@GD[A[N_@RGXYNQHWlAE\OLS\eALs@DkAAGSGSDME}@aAYgAGi@Sy@e@s@FkBEG?UZuASaB@STe@Nm@B[@]Ce@KY?a@Ly@DGGWPKZFLEh@b@JGHe@LYLi@Fk@NY?e@La@DWCEBAGf@B`@Qv@Ar@Uf@EPIn@GLOAOU_Aa@{@Du@ScAABUXgA@KAAHQf@cB`CaEVi@?Eu@qAaAoAw@cBUOIWFGEQ]o@]k@sBmCmG_KkAaBIJQxAi@vCg@nBYl@]h@Wh@Ut@QvBUv@i@|CCp@D|@Gn@Kf@C?q@y@qBeBgCoC_AmA{A}As@}@iAiA@@UZ_ApDi@zAc@bCa@~Be@lFc@hCa@~E{@tE_CnI}AjFOVMIgB{Bc@e@sBcB_@GWX}EdLc@x@]~@s@zAE^CrBIdBUHeDc@qBI_Dg@i@C_CDOPOb@UAoAe@kIeAUP]fAQVI`@Fl@FrBDzFCRAbBGx@Md@UbCIhBKX@t@MzAAv@SjAQlBGjBY`DYhBG`ABpACLy@|BkAlEUzBi@dDGbAUt@C^Hl@Nn@\t@j@r@JFFK@@jA`AJZCVq@jAQJm@v@oA`AOFe@BeBO@A?}@Fk@BuBPkDFaA\aB`@@RNV|@^|@f@z@Z\d@Tv@n@H`@EZ[h@Ol@gAdCQl@Oj@DVA`@Oh@OVSHWOU`@Mn@QPDCJ_@@u@Da@DILGl@cATSR[MBi@g@Be@a@a@Ug@S]_@O]CAEPyELiBL{@t@wC^qBz@wFj@iFJu@JQCPAKJcA?a@i@OAG@wAT_C,2,,,,GI
51,2,Evening Run,6546.1,2123,2799,47.0,Run,Run,,12198417652,2024-08-20T17:35:24Z,2024-08-20T18:35:24Z,(GMT+00:00) Europe/London,3600.0,,,,9,4,0,1,0,False,False,False,False,everyone,False,,"[55.959148379042745, -3.2127344515174627]","[55.959281818941236, -3.2150616869330406]",3.083,5.535,85.0,True,153.8,172.0,False,True,93.4,55.2,13004957744.0,13004957744,garmin_ping_363968635950,False,4,0,False,32760347,1,a12198417652,}`ptId|qR~@fBLLXDXRXj@X`@b@`@PJ^ZfB`Ah@Ff@PlAn@N@`@H`@NFD\d@d@Td@LJL\t@b@hCB|@JjAEnCGt@FdAP|@Pb@`@^JX^f@F@r@j@R^NnAR`CELKJk@IFFKjDEdAOb@[h@S@WC_@L[Tc@bAKvA?fAJh@Tr@d@^LZ^Z`@NhAXZBb@Fl@CZKZYZN\Ob@Ob@Bh@JBBL@\[?JZ\Zl@d@jAf@xAV`BP|BHpBAr@Cn@Kz@StCCp@DfBGl@KVMv@e@fBOZcAxAEv@HfAXz@Xl@R|@ZbAt@zAr@hAb@z@`BvB`@l@h@j@z@l@P@h@AQJYFwAf@oA\w@V_@BoAt@m@Rc@VeB`BoAfBmAlAa@f@iA`Bi@fAOh@Wl@Oj@S`@aAtCm@rAa@tAWp@{@vCU`AUr@kA`Co@r@k@|@Yl@e@t@QP]b@a@\a@R_@j@EJURa@Ja@Zs@|@OXa@b@aAb@EH]H_@Pc@`@i@FaAEa@@u@Ne@BIQKm@u@Sm@_@}@Wu@KiAUe@GUIIQy@mDe@mDMsAEmAAoALqDTkB`AsDPiAJaB@cDEkAWaDYeE]gNKaCYuDWoEDObBeC~@cBV]VSFQdBkCh@aAr@aAJiAI}Am@iGq@cFKWAYBo@GsBKcASkAOoCYuCE}@MaBAc@C_@CAHs@DcBHsAC_CJkA,2,,,,GI
52,2,Lunch Walk,7674.3,5063,8343,106.0,Walk,Walk,,12196355972,2024-08-20T11:20:44Z,2024-08-20T12:20:44Z,(GMT+00:00) Europe/London,3600.0,,,,0,0,0,1,0,False,False,False,True,only_me,False,,"[55.95901820808649, -3.211996089667082]","[55.95946881920099, -3.2111547980457544]",1.516,4.096,59.5,True,84.0,126.0,False,True,124.2,56.6,13002748616.0,13002748616,garmin_ping_363923776351,False,0,0,False,32760347,1,a12196355972,keptIvmqR\sAFs@ReAHaEX{ABq@Gc@EeAHyACg@@KBMJSRWZiAXq@LID?LCXc@^[NI~@cAZOVILAD@LPnAs@NELGz@CV[TKRa@d@Kl@o@XINIh@g@RFFPJJJ@DCV]Ja@PYLGd@c@DFHf@L\BTNtCANFdBHVPKFmBAGRk@Y_A]aBA]Ia@QC[TUi@@BLCDKHCNKBO?_@Da@@{@OoAAs@OUIg@I_@Ym@Kq@Ee@@q@G_@Ay@@XAUEcAU{AEw@CG?aAEO?OIw@GQ@IGc@Wi@GYDQ?YDINCXQNB?m@KwA`@fAHFFCNaAAQG}@I[GgALBv@o@fAKl@S\WTE`@MNI\K\UNWHAXSJYRc@H_@B]A[Ng@AmAFmA@gAGY?YHKFYCSDQJGVo@Q_@^a@Je@DERCFELMd@_AH?DCTx@JJJ?LITYXOLORGTCLKVWXOP@RK\@FEFJJAJi@HEJ@BCkH|CADk@VQNMDQG?DE?QMSFQSE?KLe@Z[ZIDINWHO@SHGb@@LB?EOD@?AEQ?HGLYLw@NkAr@_@HsAx@_@HGAMDME[VUVWr@EKMGG?g@LAAW{BKWG?QKa@Ic@DMOOESD?ECJEAGBe@h@SHGE~BkCJBDDDXC\Wb@[rAKL]NWb@Kj@@VCLMIUFOd@[b@?DGJCOAFFT@RUzACJ?NK~@DbAF\^b@Lf@Bp@Nb@BRD@\XT@JHx@~BL@^K\?VXPr@P`@f@MRr@D?ADDDFRA`AJJL@RzADh@?~@Hh@BXLj@@H?VK`AF@?F`@M`@ANEPUTQAVRAF^Gj@Mb@?XFB@Z?~@Lh@?j@FVNBBZ@z@BP@v@AjAHFDf@Pt@AlAHFF@@FCbBBb@CN?RPt@?`AHABDPLDPCt@@`@PLKLu@JAD?JDNJ@DHZUD?LGRCDDHVIj@CdAFBFXJD@XCZ@^HN@VMvAd@cM]HMLWLc@b@WNYHMLs@`@MCq@JGCSF_@EQBQZ?Fm@Lk@PIFCH@ICAOFg@`@e@BWHADKDHGC?MLMFGL?HBn@J^DXA`@Jz@KN_@N?BQFWN_@n@C?WXOPCLIHWAGBCJEHE@CJu@v@KR[Do@\q@HKD?\MVOBSLM\i@Xe@GGDWFINKFAAOB_@A,2,,,,GI
53,2,Morning Ride,30080.2,4677,5221,111.0,Ride,Ride,,12177009507,2024-08-18T07:54:57Z,2024-08-18T08:54:57Z,(GMT+00:00) Europe/London,3600.0,,,,0,3,0,1,0,False,False,False,False,everyone,False,,"[57.435752637684345, -5.412659486755729]","[57.43565708398819, -5.412553707137704]",6.432,11.112,,True,132.7,168.0,False,True,34.2,2.8,12981336922.0,12981336922,garmin_ping_363361514597,False,0,0,False,32760347,1,a12177009507,usp}Iv{_`@~Tr_@xExIzAlDpFbO\nAHzBEhDB`ALbA`@dBP`@PTTDzCwAd@RxEvG|@|AnBpFP\nHxHt@|A?Zo@~Eu@hDcA`D_DtGiAhBwBrCoGvGqApBkAfCyF~N}Pnd@Cj@J\nD|G~KfUpGtNhAvBbHfOrBxD|J~PlFrItS~`@dEdGbJtKhM`NlAx@dBx@|B^tDHbFrAvEbCfGlCbAn@nAjAhEpFxD~BlCtBnAtArAjBb@dAb@jBbBlOhAvGpAhGxBfNx@dDlB|Fb@rB~@jJ`@`D|A`ITdBbA|Jz@tJNhAbHnHfEvJnBxFx@|AnA~@~Al@zFh@Zb@bCrBnFlKdDlI|AdCtA`BdNdLdAhApCdEjF`Kx@hBrBfHVn@p@t@jAHb@XpAnCjBjCtAnAlCdBjBrBjC|Ez@pCvBzCt@pA`EzK\`BTt@RZbCxAvBrEvB`DbGfDfHbFnArBzBbCxCbGfCvCdBnCpAlCvBtFZ^|A`A\f@~BbFrAdEz@zBtA|E~@fCH`@RhCZ|A~@fCjB~DlDxG^jAnCbNhClJx@jBNz@Ar@@o@RY|CNtDa@aF^yBWST_@nCEfALrEPhAf@vAr@vDRd@xA~@X\bAvA\bADrBb@tDRfDCb@XhICJ@KGI]gMEFGwAu@aIg@qA_AuAiAa@YYq@sDy@kCSiD?}A^mEKqAy@gB_BqFiE_RBCE@m@}AD?i@gAkCuEoCmGUq@o@mGaDuJgEyKyAgC{@e@{@_AQYoCuHwBwD{CkDqBkEg@u@_CiC}AcCmH_F{CsA{AaA{BiDiAkCs@kA_C_BoAeFgCeHw@{AiB}B_EcHa@oAYi@w@cAcAw@o@kAsAy@oAiAwE_HgAU]Ye@{@}C}JaE}H}CgFy@gAmOmMy@w@yAqBoAwBsBoFuEyJ_@u@c@i@cDcCiGu@mCuAW]q@}A}@aCs@{CkCeGw@oAgDaEmAeAYCSiAe@}G}AoOSoAeA_Fq@oEyAwMu@uCcAiCu@kCeCiOcBoIwA}J_@iEg@}Ca@kBYo@gAcBeBkBmB{AyFmDmCkDaBgByA}@mKeFmCcAgEw@aFOcBy@yA_AuDsDeLmMeC_D{DkFkDuF}FkLiBwC_E}HsUu`@_DgGyG{OoI_QwN{ZCa@LkAdA_CpJqWpHmRbB{DdCoEfFiFdDiEnCsEnB}Ev@_D`@yBN{BAyBQ}@uHcI{CqH{GoJ[E{CrA[AWYOi@c@mCEoADoEEiAKm@gF{NyCcHwDmHcT{],2,79.4,False,371.5,GI
54,2,Morning Run,8273.9,2518,2571,37.0,Run,Run,,12167997012,2024-08-17T07:31:53Z,2024-08-17T08:31:53Z,(GMT+00:00) Europe/London,3600.0,,,,1,2,0,1,0,False,False,False,False,everyone,False,,"[57.43589948862791, -5.412557227537036]","[57.43510966189206, -5.41141209192574]",3.286,5.087,84.5,True,145.1,163.0,False,True,39.8,10.6,12971293997.0,12971293997,garmin_ping_363108558235,False,0,0,False,32760347,1,a12167997012,_cq}Ivc_`@OSWq@a@o@I[]_@eByCqB{Ce@o@}@yAQSg@a@[u@Ki@MoBM_AIW}@yAUcAw@mBIg@EcC@kAPaBDcAC_AIoAS}@]u@We@K[Q_Ac@oD]eFUmAi@uBUoBiA{FK_ACm@CcCGgBA_BCaA@gFIcAa@mCYcAIeAg@kCsAmDq@oBMaAEkA?cAD_BAgAMu@KU_@i@Qs@_@kAGUu@}AMq@SwCKm@YaAUs@[u@kAaB]u@Ki@s@_Ci@uCOyAScAiAgEk@wA[o@Ui@EQUoBMw@o@gCo@wAyA{DeByF_@_Aw@qA}AsDwBwBg@m@mAuBsAoBk@_AyAoCaEcG[s@Uq@w@aBoA{A}@w@s@c@YW]m@Ys@{AoB}@gBUa@[]~AzC~@tA^XjAnBvArAbAdAh@p@jB~D\n@rChEbDvFhBrC`@h@j@z@b@f@j@f@`@b@~@hB\t@z@zA\v@\~@j@rBfBhFZv@l@jAXz@Rv@LfAJlALz@Xt@xAzCPl@n@lCRnAZ|CXnAlArD\r@`AvA^z@l@pBTnCPfAv@hBb@dCHTXXFBHNJf@?dAGfA@fABxAJ~@V~@t@hBj@dBRx@r@zEZhAj@vCBZBpFJrCJfFFbBNz@`A`Ej@fDTfA@PCIFHXrAl@~EV`BJhBLbAx@fBVr@NpAFhBC`@UpAEbAD~CRt@`@~@n@`C\h@Tn@Hr@DpAHp@J\p@`Ab@x@dBfCpBfDpBrDd@p@,2,,,,GI
55,2,Night Activity,5700.0,4800,4800,0.0,Kayaking,Kayaking,,12172340522,2024-08-16T09:30:50Z,2024-08-16T10:30:50Z,(GMT+00:00) Europe/London,3600.0,,,,0,0,0,1,0,False,False,True,True,only_me,False,,[],[],1.188,0.0,,False,,,False,False,,,,,,False,0,0,False,32760347,1,a12172340522,,2,,,,GI
56,2,Morning Run,26041.3,10609,10644,711.0,Run,Run,,12153388921,2024-08-15T09:16:02Z,2024-08-15T10:16:02Z,(GMT+00:00) Europe/London,3600.0,,,,0,2,0,1,0,False,False,False,False,everyone,False,,"[57.481904067099094, -5.329232309013605]","[57.43827357888222, -5.405323980376124]",2.455,4.267,79.8,True,174.4,205.0,False,True,653.6,0.2,12953486696.0,12953486696,garmin_ping_362664833192,False,0,0,False,32760347,1,a12153388921,gzy}Iplp_@v@zC}APaA|A_AIaAoCXxCc@pGJxIqAlLs@|M{BdGl@Jr@q@FZq@lEmAjEDjA_AnF{B~HaAfBaAOoA}B[V_AfEu@u@O~@w@cA_@p@eAKi@aAiBmAo@gB_E~@QTKtA_AjAe@UqBDOdA[Ds@jBk@\Gn@_CLsAnA_Bf@gBvEw@l@yCbEq@tBwAc@UhA{AjC_GbGkG~BCtF_Az@sA_@oDpEwDlImB`GaAtIkApUVdDEhB^fB[zFc@|CZ~GG|EaAjESjGWbBDpAaAbGH`EmAvHFrCWpA?nBu@fAeApDEfBcAtH_@bNs@fDw@xIWrIi@lEGhCkAjE`ArQ]pDH|Bx@zEh@fIz@~Cp@lG?dCl@dFVfIAjJh@bKFhLeBbH]ViBe@m@|@mDG{AnAkAV_CbD_AtDgAxBuG~H[l@m@hEgBjCBfH_A`EgAzAO~@xAnIlD|GPnAAxBoB~I?pD|AzB`HnBCfCaBhEQhAf@C`@d@zBq@nGb@pArAx@jH~@p@V|B`@_@~B^l@`@D|@`@X|A@PzAjApBRpEj@j@tCvN`AzAZnBvAn@rBvDhAx@RbBb@^^_A`E_@|@aBxFeAVoBrA}B|BYvAkBdAaD`@_@zAoG|@}ANsA|BoCp@yEt@a@N}AzByDpAkFpBaEpCqDb@cFWiErAaGj@U|@yBhABjBsGlBAJm@fCyCx@wCt@c@d@_Ad@Vh@_@`DgEhC\vE{BtB]r@iApByAbJqAjCeFpIn@nBwA`B}A`FeA~Al@hA{@hInCjCiAtDi@nC}A~@d@xGu@lBkBVwAh@u@tCk@RkA`C}@j@iBtGEtBmAf@}@fAPx@yCbAq@\XbF}FdBD|BkEbAGrCyCx@DbCyCfCErE{BxKiGb@yA|@iBdBt@vAyFjBwCfEgKpCY|@uAbA]rGpBdDpEpChCrDfBpFlEbCd@hHg@tEf@UNCr@x@Po@CUuAsCWWa@tBoGfAwCvBmLHuGhAaGvA_ChBhAZQ@_FTcAd@_ApAPrAwE}A{C{AyOmDqOW_VgBkLoB}Ey@iDFaIQ_AcAs@{AsGg@eFyDiGqAiEa@{BSqE{@kDwB}DcAmHsHwQ{CmGoCsC{HqNqCwDkC{FiE}DoAeCkBsBMs@dEpGrEnEjDnHpLzRxDlEbCfFhH`RjAtGjC`IfAlHlAtEhCvEv@|B`AtH`ApDhA~AFvJlCvHvAnIXbCd@rVnDdPrAfNhBdGDvCYlCHpDZbA,2,,,,GI
57,2,Afternoon Ride,10200.0,2622,2622,0.0,Ride,Ride,10.0,12138466793,2024-08-13T12:40:43Z,2024-08-13T13:40:43Z,(GMT+00:00) Europe/London,3600.0,,,,0,0,0,1,0,False,False,True,True,only_me,False,,[],[],3.89,0.0,,False,,,False,False,,,,,,False,0,0,False,32760347,1,a12138466793,,2,,,,GI
58,2,Off path walk,7629.3,9655,12324,387.0,Walk,Walk,,12137851106,2024-08-13T12:37:03Z,2024-08-13T13:37:03Z,(GMT+00:00) Europe/London,3600.0,,,,0,0,0,1,0,False,False,False,True,only_me,False,,"[57.463323, -5.351155]","[57.463165, -5.351176]",0.79,3.083,51.1,True,97.2,139.0,False,True,336.8,8.6,12937202052.0,12937202052,garmin_ping_362205443399,False,0,0,False,32760347,1,a12137851106,aqv}Irus_@C_@mA_FIkB[}B_@yBYISaAi@wAOOCFk@q@s@g@s@_Dm@e@Ue@i@a@S]e@aBMUE[Yo@q@{@MADC?NIBBu@GLFJK@a@eAD[Q]HCCZDLO_@?ZKGK[@U@ZW_@EUICGq@QF[q@FMIFDBCm@DGG]YUGYMCH?BXBOGA?KGLI]Dh@QQEUWKWWKgAy@iA[mAQ_@c@CDe@UWSw@I?E{@OKL?Ea@]c@OcAUWSu@Ec@WkA]g@Ow@s@}@Gq@WWq@yAc@s@WgA[o@USQu@_@[W{@SSOo@e@{@m@y@q@gAuBsESKwAIM_@Ls@M@GVXi@If@AOMFE{@o@yC?[mAmDY]a@qAGKEDgAiCDKIYNEIMBe@?HFKIAABPY@DGBYKDDEVDJQAQl@u@e@e@aAW?UU]kABBNg@GeAg@IOQe@mBU]_@kAYSe@{Aw@}@c@cD]gACk@a@oBOaBE?HNHG[?U]GYNaAEa@Xe@FWSaC@MWIEs@K_@LSMk@NyDIeAKEGQ[QKc@SEYo@g@sBFGPlBJHb@|@HOIDALTSBHGOBEJPGKKHD?o@YAZDUj@MNSP@ASf@WNUE?D@Co@NOIHESBMVOKSQCJE?UVLt@p@DFCFHAEJLTGPSMv@@RWVb@ASOD^N?INH@KGLJNb@C@HFMJp@GAF?ATVbAN[H]N\?L^QE|AKA?NEEHt@v@bBZ\f@vAP`An@zAb@zBt@rCzAnDt@bCBb@`@^b@x@v@`@j@dCd@x@V~@pApBX?G`@KL@H@CANpB`FPBXjAp@tANn@Zp@\B|@l@JGBPh@z@^If@`@H`@LFv@jARj@TNj@jAp@`C^f@VSHhAJd@l@`@`@b@d@x@j@xAh@~@DCtD`Lp@|@vAhCd@^p@lBDNEFb@f@~AvCVTf@jAtAvBh@jAd@f@Xz@x@vAj@v@IFAXL^JAL|@BIGt@D|@FNC\NJENHNEH@j@OZB`@KRCn@S??VMfA@PKFH`@ATIJIZA`@S^Bf@KABPMDOp@KJJLIB@JIVFLCB?j@GLGC@ZUbAU?AJBN[??z@GPHROPD@EJ@`@OZFp@j@zB\bAFfAXrBT\Hr@j@lAj@|B,2,,,,GI
59,2,Morning Run,10833.2,3619,3666,65.0,Run,Run,,12134511730,2024-08-13T07:40:32Z,2024-08-13T08:40:32Z,(GMT+00:00) Europe/London,3600.0,,,,0,1,0,1,0,False,False,False,False,everyone,False,,"[57.43540822528303, -5.412521101534367]","[57.43503011763096, -5.411056615412235]",2.993,4.028,82.0,True,170.0,192.0,False,True,129.2,62.4,12933698488.0,12933698488,garmin_ping_362126231687,False,0,0,False,32760347,1,a12134511730,maq}Ixd_`@[u@e@w@mAaBeAaCwAaCg@m@a@o@cAuAa@g@[g@Os@OcCEYYu@[m@m@yBa@}@Ma@Ig@E{CJ{ALw@B_AGcB]uAm@sAY_AI}Ac@uCi@{Eo@uCa@mCiAeFO}@SiCKmDGsEBsACeAIoASqAKoAa@_BKi@G}@Qu@aAkCmAuEG_A?gBDkA?iAKu@[m@[[O[QiAMa@_@u@Ia@Sw@O_AKkB[}AWu@e@eAoAeBWq@k@aC[{@SgA[oDm@iCIi@Uw@[o@_@y@g@w@]kBOqASaA{AaEsB{EcBkG_@aA_BqDe@{@a@a@}AiA}@}@kEaH_DuFgA_B]s@q@gBc@aA]m@iA{AoBwAOO]g@q@sAi@k@_@i@i@y@_@y@_@e@KG_@Gc@N_@ZY^s@RKGy@Ka@HuAc@m@wAWUy@mB_@g@kAmAUc@Ai@?}A_@oBBgALg@?e@aA}@i@qA_@k@UUWk@YUUIWWUCOS@EA@EMe@kBa@c@k@[g@Ag@DOG_A{Ay@}A[e@s@iBSKu@w@MAUTQ\cAGG`@OXy@dAQt@UZCRJv@Tx@Jr@P^VPZp@NP^AJB^^j@t@`@~AA\P^LBDJb@bBCp@SbBInBFz@b@lBPf@Zp@@\Ff@DLl@r@b@Xn@R`Aj@l@vA\bAGDBnAPh@BRd@j@\~@^FJATMNCBEPEFGZIJMd@Wn@MV]JEX]FONuBN[hAUp@CZP`A\\GFGXy@BA~@?h@HPGVSXY`@O`@Fd@d@vApBvAhBz@nB^^xAjA^^rAhB`AtBt@fBnCtDd@~@\j@^z@hBzCxArBb@r@lBtB\f@r@~A~A`Dj@lA`AbDv@zBXn@d@nApArC|@fGZ|@f@v@v@zB|@rERtCXfAp@fBF^l@`BnA~AVn@x@rCRjCLbAr@xBb@dCPZ`@XPf@Ft@I~C?fAB`@L|@XdAf@jAjAlDLn@VtBf@rBZxBFdACxCBzBZ|JL`BHf@t@tCf@pCz@bEj@nF^~BNrBRx@\l@^|@TjABh@@tAKdAObACr@DfBLpAVp@^v@XnATp@^`@FNLr@DlBFl@FNrB`D`A`BfCtDx@rAfBbD,2,,,,GI
60,2,Lunch Walk,14779.6,16419,23636,1235.0,Walk,Walk,,12122157332,2024-08-11T10:21:37Z,2024-08-11T11:21:37Z,(GMT+00:00) Europe/London,3600.0,,,,0,3,0,1,0,False,False,False,False,everyone,False,,"[57.48248275369406, -5.332625554874539]","[57.48573174700141, -5.347983129322529]",0.9,4.42,57.5,True,110.9,169.0,False,True,947.4,30.0,12920718434.0,12920718434,garmin_ping_361720641923,False,0,0,False,32760347,1,a12122157332,qaz}It`q_@LvCOt@]tIk@hCA|BIB_@bHc@rB_BdEf@?n@m@NBNdA[nC[MHEGXNRGEIp@h@bCh@jA\hBB~@GOtAbD`@dCNBd@hB?p@PGKB@n@TjCl@l@\NNl@SXYzAE`@V`CsAhJJ|E[jAEhFM|AY~@ErACrBF@Q`Ij@lCTvCU`@m@pDK`Cy@nBq@LSt@QYMr@Q@Ib@m@Dk@bB]Be@pCYAI`@c@NAh@uAd@Gx@QN@n@a@vA]jE]Lm@dAi@fEcAzCFvA[xC?hI[|FDr@NLK`@CxCXvCCxAVv@OD@v@]nC\|CxA`C^Hf@hAhAl@FVIODLMRLI?Yz@nBx@Rn@n@lBhE^^p@fCBlAKb@mA|@mAp@u@LcAnBg@Ug@VUk@c@ICdBOLQAOp@wAl@JZGp@w@C_BzAuBVw@VQRNp@OVDPl@`An@Rl@bBo@Jw@v@mAbB{Bf@DhCKhA\zBBlETtFa@nB_ApBWxB_Al@Yk@i@XmAm@s@VsBnEuArAAt@_@rBw@jBe@fCaAeAs@MWHE`Ag@fAiBJyAm@DYGTGKi@t@UESnA{@Ee@bAk@ARDUBUl@MKm@f@_@|@KEiA`C_@VeAjCQ@m@jH]|@a@xEe@dBKrBK?G`Co@hD_@n@G|Da@~Ai@d@gBpCAj@]f@HfASZ]bIm@lEq@nCa@rA]^Q`AkAhBO@U|@DZW^QIQj@w@GQWkADm@a@QUG_EMASw@o@g@IsAY[@WiDgAq@w@UeAw@}MJ{GQ_BBoBUiFWmABgDo@oBKiDkAsGGaCy@eEi@kFTeH[mCCy@NyCWuAx@_GTmDh@sBEgB|@cN?{ARyA|@kCPiN`A_FHoAGkAPmA|AsDL{@PeBFiEf@gDl@_Ct@rACjAnAqCpAYpAf@KUHk@k@d@yAj@i@OCe@[IW_Aa@c@k@wBv@_ECqBPiCByDzAaGDgE_@aGf@aFG_Ab@wDY_AHsBMiBW}@^aHDeFRiAL_Dj@cFf@wBf@_A~CiIdAkDZEt@gAx@e@`@_AzANlAcAE}@DqCTs@|B_@lAaA^?dAcAx@wA`CkBrBsEvARrAwCvAaAh@aBnAoCzAoBjAWjAkA|Ak@h@DVaAdAaBb@ORkAhA^\_@l@Lv@_ARwAzDs@Te@`@nAvBxA\x@,2,,,,GI
61,2,Evening Ride,8300.0,1800,1800,0.0,Ride,Ride,10.0,12113648553,2024-08-10T18:11:40Z,2024-08-10T19:11:40Z,(GMT+00:00) Europe/London,3600.0,,,,0,0,0,1,0,False,False,True,True,only_me,False,,[],[],4.611,0.0,,False,,,False,False,,,,,,False,0,0,False,32760347,1,a12113648553,,2,,,,GI
62,2,Morning Run,8359.6,2553,2617,45.0,Run,Run,,12108974418,2024-08-10T08:18:59Z,2024-08-10T09:18:59Z,(GMT+00:00) Europe/London,3600.0,,,,1,3,0,1,0,False,False,False,False,everyone,False,,"[57.43535910733044, -5.412367796525359]","[57.43516162969172, -5.411410331726074]",3.274,4.742,83.3,True,162.1,190.0,False,True,52.8,11.2,12906865814.0,12906865814,garmin_ping_361378281459,False,0,0,False,32760347,1,a12108974418,ybq}Ivc_`@_@g@o@sAo@eAs@_AkAqBcBcCmAoBeAyAS{@EwBEe@Sk@i@m@Qk@Q{@w@iBIo@C_B?iAHkAP_BAcAG{AU}@]q@g@{@Sw@GuAe@cEUiCiAyEg@sD_AyDE]QoCOoIAoEEyA[}BoAqGYu@a@{@a@mASu@[y@O_AGcADcB?gDQm@q@o@Y{AWcAe@iAUeAM{CIk@_@}@_@kA]s@}@mASe@e@aB{@qCMy@SuCEWu@aD[aAy@aBc@mAO{@i@cEQq@q@aAGYAGBCGGcC}FU{@Q_@Os@[y@eBaDmAmCgCgCkAeBgBuCmDkGiAgBa@g@w@{As@iB]q@]g@qAwAiA{@c@c@y@aBsBcCWk@c@w@c@c@m@E]TPMf@GXH`@^~AtCVVj@v@f@v@Rf@^f@NHVXz@p@p@r@V^^j@Rd@v@rB^v@^n@v@~@j@v@rA`CbApB`BdCdAjB`@h@v@r@dAjAfDdGjAvCj@vBZv@p@~A\r@t@jBZj@T|@j@|ETn@z@bBPf@`@vANx@V|@Jp@JxANdAT`AlAnEZl@rApB\|@\fAPz@TtCPv@^bAPl@PrATt@XVNTFRHv@AhEDhAJ`AD\Rr@|@~BXx@XhAn@jD\rAZjCHrAC`F@dAT|GFhALbA\~Af@nBf@`Dn@|CXvBXtCRjAP`CPv@`@z@b@nARnAHzAElAQjAA`AFbBJdAFT^|@n@bCf@bADVHp@JzBXt@hBlCjClEbC`EjA|B,2,,,,GI
63,2,Into the clouds,13223.7,5639,6296,558.0,Run,Run,0.0,12102114500,2024-08-09T09:18:52Z,2024-08-09T10:18:52Z,(GMT+00:00) Europe/London,3600.0,,,,0,2,1,1,0,False,False,False,False,everyone,False,,"[57.43507403880358, -5.411969739943743]","[57.435075379908085, -5.411111768335104]",2.345,3.886,76.7,True,163.2,201.0,False,True,533.0,16.0,12899651804.0,12899651804,garmin_ping_361160064264,False,0,2,False,32760347,1,a12102114500,_op}Ity_`@XVRCCPPj@n@|@p@|AjCbJXfBJAP`@dAVlDlEdA`CrA|Av@nB^NjAlAfAO^J?KPIbBdAZz@b@n@Lb@TT`@xAf@~@~@@bAS\a@l@Wf@yAn@kDFsAKaEHq@?eDIw@[cCG{DSo@i@_@M_@c@kEMi@JeDG}BOqAa@cAs@gA[w@k@u@i@eBeBwCMm@Ao@h@s@H_@@aBQe@s@g@o@aAyAeBs@{D?c@Te@H}@Aw@sAkC[aBGe@s@aASk@Ku@McCNy@QkBC_Fs@aCYoBg@}ALsDReB^yFG_A[wAm@iBAc@Dw@Co@He@Ak@e@eCy@y@sAYuCqHyAgCCgKG{Bc@sA_@gEu@wB_@cBQ]eA_Em@{AcB{DYgAe@mA{BqCiAyDu@_AcBiHs@sAi@kBB]Ty@@wAE[DkA@qCEy@WkBLwGKwDi@yA_@oB[OO[}@qHWw@a@aCUo@a@e@]eA]qBs@cCw@}DQ[_@M[e@_Ag@gAqCSuAMeBe@wAW}C]{@_AgBg@q@i@Qa@a@Ws@SUc@Cg@_@w@uAi@_@aAqBa@gAmAgCo@o@Yk@u@c@eAaAmAqBSk@SgBOWy@i@uBkDyA}@w@_CCe@_@o@Ka@w@y@K]m@Ue@g@q@MQc@Ic@Cw@Io@{@o@y@oA]MOSc@w@o@uB{AkBu@cC_BqGi@eB}AmCQm@BaAGk@ESm@y@IaAo@_B[qAYe@UQeAF]kAUIObAKtDCpHdA`Mn@`CRpAChCK~@LlADhBHJDnBQ`@a@xB\l@HvBGnAKTUXKdAIJi@Om@HOPUfBP^@ZO\DZCf@YP@n@Kp@?^Dp@INJ`BKl@QJI^Sd@BTKt@[XS~@YNIN@r@UzALXDd@Uh@a@RRlAA~@_@jCMT@ZUz@Cx@HTBEvBdDdBpCdCtBlAxAr@xARv@t@bBbDlEzB|DfBfDhAzA|CfD`DnG|AtEP~@pAxCdArCf@hEFtALd@bBbDb@rAV`AdAjHtBzGhAxA`@t@Vv@\rAZfEJd@p@|Ah@|Cf@b@L^EpGJvAl@pBbCnGXpARvBVt@ZvC?`AUpEj@vLN~@nA|Ev@~Ed@|B\fDf@jDL`CrAdDTpABrCQ~ACdANpDn@|Ah@pBv@~ALfDH\dNjT,2,,,,GI
64,2,Morning Ride,8593.6,4317,7514,23.1,Ride,Ride,10.0,12094020335,2024-08-08T09:11:52Z,2024-08-08T10:11:52Z,(GMT+00:00) Europe/London,3600.0,,,,0,0,0,1,0,False,False,False,True,only_me,False,,"[57.435727743431926, -5.412604082375765]","[57.43578985333443, -5.41275872848928]",1.991,8.478,,False,,,False,False,25.3,6.9,12891169930.0,12891169930,29591314-c254-4506-adc5-335bcf71a215-activity.fit,False,0,0,False,32760347,1,a12094020335,}sp}Ib{_`@rCjEd@`AlAbBlBnDvAlBnAdCt@tA^b@v@zAb@n@Vj@f@n@Zx@JN|@jBX`@Zn@NTXn@|@hCR\fBpF`@x@t@|BV~@LpA@nBCvBDz@Ff@VtATp@RXJHJ@j@EHC|@]DId@OHCTHV`@PJ^n@X\P`@xAvBj@`APJDLHFpA|Dj@zAX\PJ`AhAr@p@b@j@v@n@PXZ\Z|@PXD^C~@Y|CWpAgA~D[x@a@bA[`A[r@sAbCSd@_@d@U`@u@v@qBdC[\]VkApAc@`@c@l@g@f@iApBO\C`@GHCNm@jAUl@k@hAQZMb@MHK\ALQr@MRWr@e@fAMd@[n@]jAi@vAy@hCm@jAW`Ag@tAeApBC^o@|A]p@St@Wp@[l@ANe@`BOZGXB^DL|@dBx@pAhA`C|@zBt@tA`ApBRVTb@p@dBn@pAFRh@z@h@jAz@~AVr@lAjCr@fBPTxAnDBLDx@BBDPFH@PHTDP_@_ABEDHG?CHAGCEAMBE@ICQKa@uBgFgDeHa@q@wBkEsAyCQYiAoCuBcEk@qAwCcGOc@CM?MDS^y@j@eBdAkCrAkDd@eAn@kBHO^aAv@{ANe@@S|ByFJa@N_@Ry@rA{DxAkDTq@jAiC`@w@\e@FOZc@Vk@PQnAkAVONSHGJCb@c@~@w@h@s@Zs@l@w@lBuCHIj@iA\cAXo@^uAHK`@sAPa@f@{BPmAFoA?mAC}@CSWi@i@i@W_@UOw@y@S[e@k@aAy@]c@IOaB}EWo@oGeJUUIIK?{@\{@`@g@JM?KE]i@Q}@]{B?wFAo@K_ASu@cEgL{AqDsAuC{BiEsC_Fw@mAgBaDsAwBS_@iByCc@y@wEyHGO,2,83.7,False,361.5,GI
65,2,Lunch Run,8174.4,2317,2317,38.0,Run,Run,,12085146141,2024-08-07T10:24:35Z,2024-08-07T11:24:35Z,(GMT+00:00) Europe/London,3600.0,,,,0,1,0,1,0,False,False,False,False,everyone,False,,"[57.43572120554745, -5.412783287465572]","[57.43494973517954, -5.410797530785203]",3.528,4.948,84.7,True,171.5,192.0,False,True,88.0,59.2,12881896775.0,12881896775,garmin_ping_360666303624,False,0,0,False,32760347,1,a12085146141,_bq}Ild_`@_@u@yCaFW_@_BkCaAqAiAgBo@{@c@s@GSKgAKmBUy@k@cAWwAy@uBMkBC}AFaAP_B?cAE{@Iy@W{@i@sA_@kAQgBScB]oDQsAq@}Ca@qCSs@s@sDMgAIwA]_I?yCEwCUqBOw@Uo@aAmF[kAqAwDOo@I}@@yDEoAOiAe@m@s@iDo@oBMcAQ_Cm@wBk@iA[g@s@}@wBsHQeASgBg@_Dy@eC]w@g@aAm@kES}@WaAg@mA]mAg@mA_@k@Qg@cAmDa@oA[q@i@}@}@kBq@gAc@g@qAsAgAoBg@cAe@m@kEiHmAgBq@{@c@y@{@yBc@aAa@k@g@s@aAeAy@i@a@c@Ug@]o@oBeCYi@`@r@zApBXd@\t@\h@rA`Av@r@rA`BVf@fA|C^t@xCbEbDrFjAbBfAbBPRrAnAl@~@tAjD|@hBb@dAh@hCbApCPt@nBvDRbAf@lEXv@hArBVr@hAlEJx@FbBLdARt@Vn@Xz@XjA\p@jA|A^r@Zx@XfAN~@Bz@J~@RdA^|@n@dDZXTZHVFz@IjCBbBJ~@XdAb@bA^fAhA~DHb@V~BV|@`@dCDp@B~@?`AGhA@j@J~ARzIJbAdAnETfBPdAt@dDLx@`@|DXbBBlABn@DR`A`CVv@JhAFrAAdAQhAGnA@xAH`AXt@b@`A\tAXn@\j@DPL~@BhAHz@Rd@lEvGvBhDfB|C^h@,2,,,,GI
66,2,Morning Ride,4200.0,1560,1560,0.0,Ride,Ride,10.0,12084309967,2024-08-06T08:58:09Z,2024-08-06T09:58:09Z,(GMT+00:00) Europe/London,3600.0,,,,0,0,0,1,0,False,False,True,True,only_me,False,,[],[],2.692,0.0,,False,,,False,False,,,,,,False,0,0,False,32760347,1,a12084309967,,2,,,,GI
67,2,Lunch Run,10048.8,3262,3386,60.0,Run,Run,,12067543172,2024-08-05T10:44:12Z,2024-08-05T11:44:12Z,(GMT+00:00) Europe/London,3600.0,,,,11,3,0,1,0,False,False,False,False,everyone,False,,"[55.959030613303185, -3.2125910371541977]","[55.960079692304134, -3.214665809646249]",3.081,5.554,80.6,True,163.7,203.0,False,True,70.2,32.4,12863479824.0,12863479824,garmin_ping_360171092319,False,3,0,False,32760347,1,a12067543172,cvptIndrRiAv@m@j@qApAa@\a@@YKc@q@Sg@[i@GYCqB?}AEeAKmACaAKu@UoC@gACeAGYW{D@WFe@B_AC_@F}@BiAE{@CSAcBTm@AeDRwAHyAAoBG}@F{@o@mCKY?@AGEACI@GGI?B?[Nw@AUeAOWDCB]?w@c@q@Oa@QmAKs@SUDU@QAe@Jc@S{@m@a@Se@_@CEeAgDWoAEu@]gB_@y@OU[A]DUAGEa@sBWsBMwA[}BGsA?}@BiA@_DGaAQ{@KYAi@WqAE?MDGDEPAICKOUI?a@OS?e@\]NaAbA_AxAUR[^{@ZSBa@G}A}ASg@q@[e@Am@De@GODOVs@TQJONg@`@c@JMJa@f@qAfAUf@Yb@u@h@_@v@c@d@c@x@OZkAhFw@~B?k@g@kGQ{DOaBO_AADDHJb@b@fCDfA?fAVdE?v@Gx@Of@Yf@YnBAl@Bv@TpBIf@H~ARz@PxAj@lAhBvGd@dCZhARbARtAHb@Rj@lAvE^jCZpAz@vCRdAAlAXfDEHV|HZtERpBBfDD|AD^j@zCFjBj@bEFxAIbA[ZQZIj@D~@AJTnCBxAHr@@r@DJEj@Jh@?`AHl@HrAAl@B\Ef@J`C@fAChAJvEp@`FDl@@~@PtAAnABj@Jz@TpDFhBAt@FbAJ~@JnBExAJp@PtBDnBC|@HbAF\FdA@hAN`EVjC\xC@nAd@vEF~AP~@j@lBRz@Rn@vBvFf@v@t@v@b@\|B|ApCx@dBt@h@`@t@`@zBbBRHh@^d@b@XFTPH@`@^TJZHJA^OLANBLJ\`@lAp@t@l@x@|@j@r@nAhArA~@RZH?HEz@jADEPGf@^d@Vr@XLJvAXv@TvADJcANS@GEWWk@aAOiBo@KOyAaI[yBMwBA]@kAHuBTwB\uA\iBHQTWBKMKAG?YJ{AB_BAu@OkBSwA?u@MoAIoAUoFWsIq@cKGMK??@B{@E}@SsCYiBSuBa@gCo@yEKy@SoD]gCe@uEYeC[mBQo@Ic@[oAHg@j@wBNaALuCPqBHwABqAAaAFs@PoAx@qDN{@P]NG\Ct@?,2,,,,GI
68,2,Evening Walk,4200.0,2820,2820,0.0,Walk,Walk,,12062743239,2024-08-04T17:34:33Z,2024-08-04T18:34:33Z,(GMT+00:00) Europe/London,3600.0,,,,0,0,0,1,0,False,False,True,True,only_me,False,,[],[],1.489,0.0,,False,,,False,False,,,,,,False,0,0,False,32760347,1,a12062743239,,2,,,,GI
69,2,🏙️ ➡️ ⛰️ ➡️ ⛱️ ➡️ 🏠,67344.2,13829,16117,494.0,Ride,Ride,10.0,12062493157,2024-08-04T12:34:20Z,2024-08-04T13:34:20Z,(GMT+00:00) Europe/London,3600.0,,,,11,2,0,1,0,False,False,False,False,everyone,False,,"[55.957879945635796, -3.2132594101130962]","[55.95918173901737, -3.2124982494860888]",4.87,12.134,,True,118.0,162.0,False,True,327.8,10.8,12858166572.0,12858166572,garmin_ping_359986188400,False,5,0,False,32760347,1,a12062493157,exotIrgsR`CsFdNaJfEaSlEkKv@cIn^cK_G}W|FcN`@gEtL{COqXbC}g@pEcTfEm@xLaJjMcFpLaKz[sQfOsFnI}FdYu\vUTrKsO~K{InZ~@fS`MlGj@|ToTnIgGxYz@jJiDtKfAb@zBxCfCzGzBxAxDxJd@dGnItBLnAjBbCoA~@bAzAqDhOrMlBkAbSfMpBJlAj\~BpDIdKfBnAB~FlAnAZnFxAxAfCzOm@yE`Bi@bFf\fFrQ[dBxDnYt@~QdElHtIvFfHzFrGhJlI`RtIhZtDx@pErFm@lI_E|E}@`PtEpFhGzPfHrO_@lG`B~JIbNwB`IgB~B_BxVgQth@qGlH}CzGuGbVkAzO}BbHdAhD|CnChCjIzBQrBxCfEpLdAvO|DvDz@jEjKfO|E|JxFtRzBnCpCxMlAnN`K|_@dFx_@zD|EjLbVbGbRHjDpFtPcA|UqArEHvCuCjIwHpF_E`LeInNU|HxBhMgA|M[tVrBtGNxGgJhZ\fC}BvLoIbEkA|Gk]bIkLeEeIeNrC}MuDof@w\s]`@gMmZca@{KUsEaKqBlB}ImIkJdYcNoQo]oWsE[m@oIyD{M_MySwAiJw@sKpA|AjBw@dIiHpC{FPed@i@oLqBRyFq]mFaI`BaDl@gE]oByG_IcAlIeBtAs[w]iC_b@uC{I_F{Fb@_TsVr@iF|BsE~ExAvKcAmGs@tD_HbGm@i@k@iK_GgJ{CwIyL`DsFzE{GP_G}EsB}LoIsMoDf@sGlIeG\wC_IuByL_IkUeFmL`AaSJaQoC_IiRqv@qMoRyK{GoNcOuG}BaHcJkWo`A_GyO_CfDxE`WrEsJmB_K~AeEkCaZnAoBUqMgAeDqByc@`@yUnBwY|C_RvKqFHoBAmHsCqW|BaGiN}Pm@gG`JoStBq\kBuYqE_T|@oKuDgMhAiNkCcQhD|@fF_CfD`J|I_MFwBxDi@a@oRr@sa@Oyg@wCu[S_VkA}C_JmIeAsMuAuCwAy]Que@iDqN^iAq@GbDaC~@{HtDwKxFnBbC}Hm@oIhA_JrAsB`G}BtAvHdD?hF}HdF{Cv@yCtEer@eBsPgFoH{@cD[iH~@}JoCcHaEfB}JpQmBk@_FiHmFpD_Gu@qE{VcNwJuHxi@gA~WqMhe@}@~MiAxt@{n@juB_BvMaGnJq@tEe^zr@eK|PwBfIeKnUJjHiCrMmDx\pFbK{HhC_DlJ_C`]p@|TeArZwGnM{H~i@_AtCqCzBP~IeA~OnAxEvHzQjD~_@bG~Yz^ls@~D]pHmDjGmGtIoCZrIyAzDdCvMxDzb@~CnD,2,71.4,False,987.3,GI
70,2,Evening Walk,8100.0,10800,10800,0.0,Walk,Walk,,12055325086,2024-08-03T19:36:11Z,2024-08-03T20:36:11Z,(GMT+00:00) Europe/London,3600.0,,,,0,0,0,1,0,False,False,True,True,only_me,False,,[],[],0.75,0.0,,False,,,False,False,,,,,,False,0,0,False,32760347,1,a12055325086,,2,,,,GI
71,2,Morning Walk,8414.7,8395,9780,311.0,Walk,Walk,,12053897048,2024-08-03T09:23:47Z,2024-08-03T10:23:47Z,(GMT+00:00) Europe/London,3600.0,,,,1,0,0,1,0,False,False,False,True,only_me,False,,"[55.95893916673958, -3.209838168695569]","[55.94807144254446, -3.186034569516778]",1.002,2.94,51.8,True,106.1,155.0,False,True,250.6,17.2,12849172252.0,12849172252,garmin_ping_359745100373,False,0,0,False,32760347,1,a12053897048,ycptIdaqRNo@AWL{AG_@H}@B{A@}DLUp@{@bA]BMxAcAdA_@b@Cn@_@lAYrDcCRJp@eAVUJ?\^FGHe@n@MV_AJQx@Lf@k@HBv@UNOY_@GiDHcBHSD_@La@Fk@Gk@Fa@CMiA]SHCUHQWmBWaAKaAYuAEoBB[O[Ki@Hk@BE@FBKAGEDD@CABm@IsCEWSWa@yAKu@BYEqAe@qBA]LWMm@MWK{@IS@a@]cAIm@BSMAT]KHGe@CFAGCLOM?I]]AUo@[a@c@J[ESPEb@g@l@QTk@AGP`@GYBH`AQFEP_AZCNUE[HoBLWBwAAIEADGEi@@aAVsCXw@Do@JKB[MgCNg@_@k@Ei@By@KmCBaDO_AOa@SaBT{AFcAEQDk@GwAB_@G_@@sBM{@O]C[?a@Hg@@{@AI\{@RAPQRy@V[~@OnAiAn@CjAe@f@{@z@eBFUA[[gAEiALi@NGR_@?Ou@wDCy@JsCEMG?AJMoGIyAG[@mAM_@KcBLaAZw@Fa@DK?H?]Hw@j@cCNiAFgCCyALoCL]p@?`@c@PGV]\EZSL]T?NSn@ATS`AYvAExADp@HpAVJL`@PhACLLfAG^KCSV?^[Ra@^a@?Gl@m@LYTs@RqAKg@Ty@NBGFDRTj@PGVnA@n@Ux@Nl@V`@Dv@EPJRCJMFAf@@PR?ICI@HANTUo@E_@BUKK?i@ISB?GSBc@Ei@DYHE@WK_A[s@ICCO]_@OXD^ETD?AJ]L]hAi@l@iA`Ea@f@c@X[FEPSBWXWJe@JiB_@MDiAc@q@Po@MOFUOi@^WCOFs@l@[LYRQTS@q@^e@JWEq@eAGi@BQYIEBG^KfF?fA[nDi@fBCx@U|ACvCJvDJrBPtIC\Hp@IS^fC\fBF~@d@tB?b@Qd@m@v@]x@gA|A_@R[`@k@Lw@QuApAOXE`@@f@^dC\x@B`@STVtB@j@ZpBb@vAHp@?f@Nv@h@`Aj@jBILBNQr@RbADl@^rA?bBFj@AVN`@D\@lBLn@Av@^dA@x@Tb@BVG?RxAFtACZF`@G^N\Hd@R^Gp@Hp@@j@CXPZFdBGJ?NE?Yb@OUUEc@NHWf@WN@NKZZT]^@\S`@BC_@,2,,,,GI
72,2,Night Walk,7400.0,4500,4500,0.0,Walk,Walk,,12046890577,2024-08-02T22:05:26Z,2024-08-02T23:05:26Z,(GMT+00:00) Europe/London,3600.0,,,,0,0,0,1,0,False,False,True,True,only_me,False,,[],[],1.644,0.0,,False,,,False,False,,,,,,False,0,0,False,32760347,1,a12046890577,,2,,,,GI
73,2,Lunch Ride,8984.3,1624,3440,35.1,Ride,Ride,10.0,12043387958,2024-08-02T11:43:50Z,2024-08-02T12:43:50Z,(GMT+00:00) Europe/London,3600.0,,,,7,0,0,1,0,False,False,False,True,only_me,False,,"[55.95911694690585, -3.212797148153186]","[55.95906464383006, -3.2116854563355446]",5.532,19.378,,False,,,False,False,25.1,9.2,12838219572.0,12838219572,f50546e1-bad0-4093-ba09-a4445f0c278b-activity.fit,False,1,0,False,32760347,1,a12043387958,okptI`qqRSGy@y@OS]YYg@a@[k@q@GMEMSWGQIuAOs@Cg@MqAMs@CaAOsCU{B@KGsAOsAQo@IcAIMGs@EkCIu@GiAKg@IQa@oBIs@Oq@Ge@[mAAM`Am@ZYXO@QCgABc@J{@@_@Gk@CSYw@C_@CO_@YE?G@KLWJkB`@nAYgH`Fa@JYTEHORg@d@IPOJoAr@kAb@URCNIF[Hc@Pm@j@YHaB~@W@IDSPg@NIA_@Vg@LW@e@PeCpAGBICIHWJsBf@IASLu@L]L]FUHU@WFSFILOJQFY?SDy@b@m@Bq@TYAi@^c@NYPq@FMD]V]Lw@J[NQDs@Fo@`@wAb@_@Ns@DMFWBSHSRm@Zi@Ru@NULYBMDq@D`@CcH|CW?WNM@MAu@VSNo@Fm@LYN[BG?E@WZYLGF_@p@a@`@a@j@IDYh@M`@EREf@MVIh@ILQJMPKXq@dCCh@CxBe@hLa@tUDz@TjB^nANt@JhAVbDF\XbEDjAAPG_@Ck@KaASwCM{@UoDs@}FIgA?o@AMDuA?aCH{@?w@DiAHu@F}ADg@FuFHq@ReDH{DPeBBaA@C@DBUJUPUJEH?HKLs@L[X_@FU\]v@eAJ]P[ZWLAFEVIb@St@?|Ac@j@YTIVQh@OXU~@a@tEeCVPH?b@SRGVAt@Wl@_@^_@DM?DIPBDNCj@AVEPKb@GH@j@OBBPCRKbASdAm@`@ORAn@_@ZMXCfB_@fBu@j@KnAg@^ELKp@Yj@Of@STCd@U\CjAe@`@[F?NB^CJCl@_@`Bu@lAUd@Sd@K^Sf@Sn@]\KTMb@S^I\OHIFCF?VSXOp@e@fAiA`As@n@mANQPE^U^[`@QgDvBbH}EtC}@HBPANDHDDJJt@N\FTDX@h@Ar@Qx@@vAAJIHYNMNOFQNEJ@\PtAT~@XlBZrAj@nEJxCVjBVhEXdDFrAVtB\tENx@V`AdAz@,2,67.7,False,109.9,GI
74,2,Afternoon Walk,8235.0,6667,8031,49.1,Walk,Walk,,12037004011,2024-08-01T14:19:53Z,2024-08-01T15:19:53Z,(GMT+00:00) Europe/London,3600.0,,,,0,0,0,1,0,False,False,False,True,only_me,False,,"[55.959110828116536, -3.2122711837291718]","[55.95932255499065, -3.2127886824309826]",1.235,6.624,65.2,False,,,False,False,58.8,20.2,12831578182.0,12831578182,2104c262-fba0-493d-acb7-864f0168ebbe-activity.fit,False,0,0,False,32760347,1,a12037004011,e`ptIn}qRNXF?Pj@d@JFGBTZRAp@DXJTJ?\O^\BNpDfAPVd@NHPXNx@Nb@Zl@L\^d@Xp@dA^XFh@KtCHjAIr@EnBHnC`@r@rAdANBVRXd@Jb@DAHp@FbDENOCOQM?@GHEFHGbABf@?t@QzAYt@[Nq@Dm@`AIXObBEDGMQ|@APBd@Zt@?JC?HLfBfBd@KVLr@Rt@ALD@HXDXKBSRIZ]d@[TILR\LnAAP^Ne@D@Rx@Hv@FJDALd@H|@Pt@P|CNp@Bt@Jl@FlB@rAEx@YnCc@p@Cd@?pAE~@O\Mr@KLCI?LGKGn@i@f@EJGXDbATdAPV@LHRJp@T`@hAtDNVLCp@rA~A~BWHBEGJLGf@RDLXPl@fAj@\\CCHJC?DFCHJPk@PCCII?mAXkA^eBXgA~@gAT{@d@@\I@CKMD_BjAeCzCu@lAw@`A_A`CUb@W\Qt@k@~@e@dAE^k@tBSd@Kt@Uz@_BnEu@vAWr@VKCLORq@\]hAy@fAq@lAg@`@oBrBeAl@wAnAqAn@g@ASR_@BORs@FGDSZaAVB@QMu@@KK@y@BFF]Gs@FiACs@Hg@?S^s@RcAL[B[R_@B{@d@oAAYQ?Oo@IMGZ@MHGMHCG@IDBDI?i@MLD_@HEBPCHAEPIVWJVAPHAFNKA?FF?CR@R@KI_@KDFD@SLHIMHZF@BI@IE@GY?[D`@A\MM?JJFf@QEAB?Ea@?HQe@G?FBJAHHBSBbAq@FCDBL@GEDHQFFJAb@OFTFwB^jBG@GPDD@LCWOU?I@HDEOWBAUBCt@FEFJKF@MCVLJCFAOGEK\DBEEBNGA?AJAI?FGCLFMK@NDS?HOGJP?EFKGJ??FGKFECAJGEBHRGSNEKTAO?JF?ESGNDCCLDOIBBHDQGAU^EE_@XOG[NMU@H?KZp@_@i@@MAPA??M?N?Q?RCIDDELHSHPZ?@FFFGHFBT_@DB@JFEPw@f@WZ@hAdCLLRC?s@KoACiHE[@_@Gs@?kAOwBKq@[}Ei@{FM{@e@sGQwBGMEcAe@uEEmBGMA_@M_@BGK_@BEEOQYs@iJq@yFOsBKe@Q]H{@OuAA_A]qCW_DQuA@UM}@Fy@OaB@a@K_CEWI@Ec@GgBOyA]oFMKAO@c@Ho@AcBBC?eDFuCRiC@y@Ns@FgALgA,2,,,,GI
75,2,Evening Walk,4400.0,3168,3168,0.0,Walk,Walk,,12015337687,2024-07-29T19:50:30Z,2024-07-29T20:50:30Z,(GMT+00:00) Europe/London,3600.0,,,,0,0,0,1,0,False,False,True,True,only_me,False,,[],[],1.389,0.0,,False,,,False,False,,,,,,False,0,0,False,32760347,1,a12015337687,,2,,,,GI
76,2,Afternoon Walk,2231.9,1304,1389,81.0,Walk,Walk,,12010696331,2024-07-29T14:40:27Z,2024-07-29T15:40:27Z,(GMT+00:00) Europe/London,3600.0,,,,1,0,0,1,0,False,False,False,True,only_me,False,,"[55.95897772349417, -3.2109550572931767]","[55.949265444651246, -3.1875493470579386]",1.712,2.984,61.4,True,99.7,117.0,False,True,98.8,23.6,12804265887.0,12804265887,garmin_ping_358503114340,False,1,0,False,32760347,1,a12010696331,wdptIngqRFWRi@J_AJg@Dq@H_@Bo@GaCDaBT}AFu@Cm@Ny@Vg@HKd@YXWPCHMp@e@HQNKb@KLKTFX?f@k@LIn@]XIHGJA@IBEZ@XSREB@P?^Wj@G\Ol@u@JADK@SDKJ@RLFC^Y\MZ[d@Gn@{@PMNYZc@DFLAPODW?qAS_BQ}@K{@AW?yANW^CHMTQ@IVc@TQ|@URUXAp@[DGHo@BqAFy@TeAFq@Ja@@i@IwCH{@DEF?d@BXIPQDi@?g@O}AYaAAs@KuA?yAB_AUkB,2,,,,GI
77,2,Evening Ride,8600.0,2520,2520,0.0,Ride,Ride,10.0,12005407827,2024-07-28T19:42:59Z,2024-07-28T20:42:59Z,(GMT+00:00) Europe/London,3600.0,,,,0,0,0,1,0,False,False,True,False,everyone,False,,[],[],3.413,0.0,,False,,,False,False,,,,,,False,0,0,False,32760347,1,a12005407827,,2,,,,GI
78,2,Afternoon Ride,8054.4,1436,2454,73.0,Ride,Ride,,12002716938,2024-07-28T12:55:43Z,2024-07-28T13:55:43Z,(GMT+00:00) Europe/London,3600.0,,,,0,0,0,1,0,False,False,False,False,everyone,False,,"[55.7819964364171, -5.096080284565687]","[55.837609358131886, -5.05306351929903]",5.609,10.902,,True,122.5,165.0,False,True,63.2,-33.8,12795934636.0,12795934636,garmin_ping_358246120273,False,0,0,False,32760347,1,a12002716938,{_nsIvza^p@sFbAeJ\qBfCiMJq@JqABy@BaECkH@wUASGSUSsB}@_@I]AaEn@k@D]AyBWy@CkIgAu@Ug@UiAy@g@[}@WK?c@LkAd@yAt@s@~@Yb@e@l@KJyAx@kBz@YFg@Gc@Ky@i@a@s@iAmC_AaCgAcDa@q@cFoE]a@g@w@[o@yBeGoA{C}@_B_AiAu@k@u@YgGkBa@IU?kATeAGmAg@g@YcDiCqGiEuAeA}@aA}@mAkAeB[_Ac@aBcAyCuAyD]{@_@i@o@m@m@g@eFoEOSk@o@o@e@{DuDmBsBaB}AsCiCOWAIB??BcEoCqFiEaAo@gB{AoAaA{DqCmA_A_Am@uDwCi@[kAa@mCq@[ABG]MwGmBoEkAcIcCaAG{AFqA^mAj@mAViAPu@H{@FqD@c@Bc@J_@R[ZiCvD}@bAa@XqAv@_@NOD_@?gBW_B[uCW_BGaCMkBC{FPaAAc@EgAYaAi@sDiCkBkAoAq@yCqAmAU_@EY?@DBA?BA@B?{@g@@y@NiAT_DAq@MWMGc@CeA?,2,75.7,False,108.7,GI
79,2,Lunch Ride,11262.8,2077,2211,118.0,Ride,Ride,,12002715535,2024-07-28T10:45:09Z,2024-07-28T11:45:09Z,(GMT+00:00) Europe/London,3600.0,,,,0,0,0,1,0,False,False,False,False,everyone,False,,"[55.83695380948484, -5.128544736653566]","[55.77968671917915, -5.098050618544221]",5.423,10.896,,True,126.1,164.0,False,True,18.4,-41.2,12795933153.0,12795933153,garmin_ping_358246095081,False,0,0,False,32760347,1,a12002715535,_fxsIlqh^pAq@rBu@d@WrAk@j@[nA_AjFaD~@w@d@[bCyAfAw@h@e@pAaA~CqBpC_BfBoA`EcCtAaAbE{B~IoFbAi@~DgCjBeA`@[pD}BjCsArF}BPONU?[k@gBeBgES_@u@iCoB{EsByFsBgGOk@Iu@C_B@uIAyB@wBCqDEeBQcA_AeEaG}[oBiKiAoF?YJMNAXFhCz@XNjAnAHFf@TnAZxC~@bB\`Cn@jFhAn@l@fA~ATRj@Nh@d@tBtBrChCtBtBj@p@j@`Ap@|Aj@t@^ZRJpCdAr@\fBxAr@t@fB|Av@|@v@pAj@lAp@lBHNRTVJlATz@HZJ|BtA|DnCvAx@lG`Ef@`@X`@r@tAhErJx@xAj@t@h@`@`DhBxBnC|A~AnGjDfAd@vBr@v@\\RhAz@vDxDj@\ZLfA^tB\`CZ|Br@ZFbA^fCrAlAz@xA~A\Tl@TpA^rANlARvAj@hAPzAF|AVfD~A`@FZEtAw@`Bm@z@_@rAc@hBgAPQ^g@fAsBh@mAp@iAnCmDnAyAvAqAbAgAhDgD~CiDtBsBh@g@d@]\_@XUCDnC}AtGcFf@i@FONc@Bi@Am@Gk@]gC[oAi@kAm@u@][i@[o@m@o@y@oAoAaB{@iBs@w@a@aAw@gCeCq@u@U[[i@Yo@g@sAwB_Dk@_A_@aAOi@e@iCOaDOuA[aBIs@D}@f@iA~AoC~AeDbF}LNe@b@mBDGABJ^LRvAlD|BlF,2,76.1,False,158.1,GI
80,2,Afternoon Ride,7512.4,1302,1317,43.0,Ride,Ride,,11994501240,2024-07-27T13:55:49Z,2024-07-27T14:55:49Z,(GMT+00:00) Europe/London,3600.0,,,,0,1,0,1,0,False,False,False,False,everyone,False,,"[55.83757155574858, -5.057521937415004]","[55.851766811683774, -5.139217497780919]",5.77,7.727,,True,117.4,148.0,False,True,17.0,-16.2,12787361332.0,12787361332,garmin_ping_358014514306,False,0,0,False,32760347,1,a11994501240,egysI~j{]kD`EgAx@iDhBiAZqAPoBLe@JwAN{@NaCPwDPyALkARiAXa@FuAFqACeBQiAk@eAa@m@MoCMeBEgB@qBFyAHiBA}D[aACu@Tq@f@yBpBuBbCOVa@`Ay@rCm@`Bq@vBi@pBe@|As@xAQPo@b@_@ZU\u@zAgAfBkDxESn@Gf@Gx@Ad@IlAA~@YXS~@g@lDWvDQvKWnGC`C@n@Hl@b@tC~@pFXz@\pBBd@Ah@O|AOrBeAtK_AfFYrBQxBgArRDj@Tn@d@bAXt@P|@f@tDx@bEn@rGZlBNjBXzB\hGZlINrGGdIIhV@zBBd@f@bAGCKKKASZSbECh@BZBlBBfCAdDO`COjBA|@Bd@f@tHl@tHl@rGTvCfAjMfAvNb@`FH`@ZpAf@fANVfAbAnCdBh@d@dBpBp@~@Xj@h@bB\rB^|Ch@~CbB`JxC`Ln@fCTdA,2,63.8,False,83.1,GI
81,2,Afternoon Ride,41498.6,7935,9717,118.0,Ride,Ride,,11987925654,2024-07-26T15:43:10Z,2024-07-26T16:43:10Z,(GMT+00:00) Europe/London,3600.0,,,,2,2,0,3,0,False,False,False,False,everyone,False,,"[56.058452390134335, -2.716966252774]","[55.95874696969986, -3.2098836824297905]",5.23,10.06,,True,135.9,181.0,False,True,40.0,-2.4,12780490119.0,12780490119,garmin_ping_357816359347,False,0,0,False,32760347,1,a11987925654,{zcuIhlrOf@nJ?`QGpDeA|EC`Av@tLf@bZtKj_AXvCAxAhRt`BfFdWrBnHdD`In@~@`@gA`@@xOdM~DlHdB`GjI~e@pIl_@tC~Th@zGIpQgAfJK|BBbC|AnQdAbS?pIgAlOA|Ch@hK`C|NvK~r@dEpSdDrRdJvb@zBxOb@t@fDhA|U`L|HnExAfAlMnNrHxG|@_@dLqM|NkOfFgBt@N|@`AdClFjBpJt@vBrBfENpEBbPSjG\`FZ`Bb@v@r@`@dCx@rB`E^fC^hGlDtTrCvJh@nGh@F|BsCVAVh@PfEv@jIbFhUva@xvAlJjZb@r@tAl@zKvAjHpCtHdBlDvC~D`AxBvBhFjGb@`ApBbJpBjGrDvS|AtCbAVlR_ArF~@|Al@`AbAvDzIrCbE`EnLhCjD^vBPdJTrC`@bBdBdDlDtCn@vAzBhI`CnFxAbCbDbDbChEd@|DPlLfChV~AfJPrCDnLfAjk@hAlb@MfO_ApAY~XcBrZ?zApBfPRb@`AE]lDfDr`@jBlPhApEhBnChBmB\Cn@xHk@|JeAdIq@fCu@fBa@n@DnGdLhSbBxAnDdJrAhAtB?l@g@p@wAtA[vAv@bAlBl@uGp@sAfCjEfBjEjCfIjF`SxE~KzCxMzC~RjFnRpBbKTrADrAfA~Cy@pDl@hGN~K^nBOdDClIVrGxBdG|Br@vBpC|ArGZf@^lDh@hBjGjs@TlGO|Ls@f@_@t@c@xCSC}@dLmBxLeFbb@M~Fa@tNb@rQj@fGr@hEDtBjChObAzChDxErD|AlASRk@`@Mx@T~@nAxM`@|Et@~BfA_@vG`@hLc@b[`BrUNzZj@dKJjILn@Xn@}Ex[OvCEbKc@jFiAtGqHtSwAjHaArLIfYcAx\qAfDuFhTkJr[oArFyBtGY~AyB|FoBdHkAtCo@vCmEpMgArEKpEe@zBeIlMJEWzBc@pAk\rp@_EbHsDdFiAjCoAdGuExHeD~JOvAZhEkC|M_AvMiB~M`ApB~BtCl@rA@d@Up@a@PgCG{A~@uBlD_AnDi@zHu@`GKlEc@dEh@|CNvOsA~TBxDcCvDeDpJk@bDeAjNK?_BpJNlAQtBoDnGeBfABtKs@|M`BrJ`BzD|D~NX|Dl@`CjGlc@d@vAb@Zp@dCf@r@|CnCf@I~@aAfAsBlC}ClA|@`@Y~AhHA~KpAdLvADrDnLj@z@hBlAdGXpDvAlBT|AbFRjACtBt@pCrApX`AzWZx@|AXrB]|@w@,2,56.1,False,445.1,GI
82,2,Lunch Walk,2053.2,1827,2274,125.2,Walk,Walk,,11985138017,2024-07-26T11:25:34Z,2024-07-26T12:25:34Z,(GMT+00:00) Europe/London,3600.0,,,,0,0,0,1,0,False,False,False,True,only_me,False,,"[56.04898268356919, -2.7190447971224785]","[56.0493569355458, -2.719063488766551]",1.124,3.425,62.3,False,,,False,False,162.9,42.2,12777600076.0,12777600076,4c1c3720-0271-483e-86b7-14598de3bdaa-activity.fit,False,0,0,False,32760347,1,a11985138017,_uauIj_rO\i@Lu@AUEOFc@GGCK@UKw@A_ALcB@sAAA]@AIGCM@?BC?IGGOE?EEEBEJKEG@QSWBIGOEMIM]CKOCEG@?AOGUADEGC@IGE??_@KAAK@@@WEUFQEIKGAI?IEQ?YCA?H?DHJGK@MEMIKGACEC@Um@EE?GUc@?WA?@DAA@@GRGE@GA?EKCAEDADAEA^EFCCA?ALDLAPD@@DAT@\CNDl@@DB?JPDN@NFPB@ALHDLb@B`@JFLJDPBB@CB?@FJLBJHBFJDED@@M?BB?BHF@?N@BB?FEDKHGD@DEJAPHRBXj@RJN?H]Rk@JoAGu@DWBCBO?g@H?HMKo@FEJHDWG]@VAf@HX@PDFPKNEFIJA^[JQLc@TYHWB?@FNTLJFPDt@Hf@@b@Gd@U~DSzACh@CJCV?jABn@SdBs@pAu@~@i@Tm@\o@T,2,,,,GI
83,2,Morning Ride,42424.5,6732,7232,136.0,Ride,Ride,,11985142139,2024-07-26T09:14:53Z,2024-07-26T10:14:53Z,(GMT+00:00) Europe/London,3600.0,,,,13,2,0,3,0,False,False,False,False,everyone,False,,"[55.959153324365616, -3.2122852653265]","[56.04931904934347, -2.719143619760871]",6.302,10.182,,True,140.3,184.0,False,True,77.0,31.6,12777604269.0,12777604269,garmin_ping_357746693577,False,0,0,False,32760347,1,a11985142139,ooptI`mqRsA_Bs@eBwD_c@u@iFoAwFVsAlAeAZiDm@iDOOkAd@iKrGmCdCqJzE_CE{BeCaCeGqE_I{AcF_L_TsBoFoAgEkAkHiAsK_DaUoB}GuCaHw@eEc@kFz@}OKaH|CaDvAmCp@oD?y@vAqGCe@`B}SnCyJp@uAjCcEHeAE}AnAgSQcPc@gFdC{[fAuElBqCxAi@vCERs@?gAgEiGS_ApAqJvAwQpCyN[yEXcBrDuJbE_HhBgIbB{CrCkDdKqRrVkf@pA}F~@aA~CoFp@iCV_Ev@}EfImVA]|AgFhBeFbDqKfQeo@pDiOn@u@x@m_@EkRXaHrBwNjIeV~AsITuBDqKd@aIxG_f@Ky@kCB[gCg@cb@mA_T`@cVSsPVcGwBeAkDo@oOm@uAqAu@Os@f@gAXoDyAu@w@_CeE}BwJgAsHEiBa@gCu@cJ_@uK@sJd@}GEgBvAmO`DmVnByLfAcKj@uDl@qAf@UDuIScHcAaOwBsU{AiO_@sA]cDw@aBk@iDu@oBgBkBgCy@gAmCk@aCMmC?_KXiEa@oCKeLo@qGLqAl@qAu@sAuEuUkD{LoEwW_DgLeCaGuDcLuD{NuG_P}@Zq@lC]d@q@NaDWyAnBwB\kBgB{CyIeBcAkLgT?}GTi@\Db@{@`AeEz@yH`@oHs@iJs@X{AzA_BwCuAkGkB{NwCy_@AoA\uBu@Ig@y@eBmOBoBjBi\TuWhA}AFkLqAid@yAw{@qBoLaBgPaAuJKkGIsAqCgFyD{EaEkHoA{CmAkGs@aA{ByAsB}De@}Bm@mO[yA_DiEsCyIaD{EcCiGoAoBeBgA{ImAyN`AuAC{@c@k@w@]qAuDqUgB}EmB{Ik@yAqCeDuCsCaBaAcDw@{BsB{Aq@{E}@wIuCqK}AeCeAm@eA{Pyn@gWi{@yGoZm@eEm@cJU}@UJoBxC}@Kg@{FkCmJaEuWs@uIeBiDwDuAaAmAi@wJ\aPWaKeAsCsAeCgCaL{ByE}@cAu@QiGbCe\b^gZiZ}c@{SgAk@c@aAeB_O_Jib@sCwPsEaUcOi_Ac@}Do@eNZgGz@}GH_CyAqYqBkT`@{Fv@_GNkIcAwTqAsK[w@J{@IaAyAeI{GgYmGi_@iAcFeA_DsCgFmCsCqLwIWDYx@SOeFsM{D}OgCyNyKqaAwIkt@iGkk@dOwSXs@|@u@ZPzCtLf@GxA{AvAu@lBPz@yAdB}AhAu@qBgWmFcWeBgSEkCLgAXQfB`@nFS`Cd@,2,83.9,False,565.0,GI
84,2,Afternoon Ride,5621.2,1431,2160,55.0,Ride,Ride,10.0,11978063707,2024-07-25T13:56:00Z,2024-07-25T14:56:00Z,(GMT+00:00) Europe/London,3600.0,,,,5,0,0,1,0,False,False,False,True,only_me,False,,"[55.95535347238183, -3.2166441064327955]","[55.95917117781937, -3.212951710447669]",3.928,12.272,,True,139.3,190.0,False,True,129.4,54.4,12770249407.0,12770249407,garmin_ping_357533945805,False,4,0,False,32760347,1,a11978063707,kiotIbxrRjBwA`@e@DKJc@Lw@n@aCTmAA@ADFADINq@h@cCA]@@TmAb@_Bf@aBzAiD`@gA@FC?@IVy@FkC@GLSEUBKBBBUDKHIj@SdAQ`@KhAi@HMFOLc@AMFeBJg@HUf@{@|@gBz@oBl@gBf@yBPiB@[CWKUo@w@EIK}@DuAXuBB}AG{@Km@WgA{@cCc@cBCUGoCIaA_@eCe@gEEKc@y@[ESAIKa@wE@aBGYC@N[~Aw@bAm@TWx@]`B{@x@u@DK?DBI@QEa@S{@w@aGw@eIKaCMs@CGA@@DF@AMZwA?OEEEA?BB@MCAEE@B?{C|CoA^_@Pc@\{@VCABJWLKBe@DgD|@m@t@kBlAcEzAcAh@QAGDGLAFHpATvBNvBHRTvAJp@@`@A@?KHRA@Jl@LtAD|ADr@EFKFq@LcAd@QFCAk@Hk@lAE~@f@zH@pAFxAVbAGZCBiAXaDnAIHALwAn@sAf@q@\mA`@kAd@aCx@uAt@cAb@iA^eEfB_CnAm@b@a@X?B?GUn@?l@FfADPh@xFFd@rAfNNjAJ`@b@lAPTdAbAdAz@Vb@RP`@Rb@f@,2,54.7,False,78.2,GI
85,2,Lunch Run,8453.0,3374,3380,39.0,Run,Run,0.0,11976950278,2024-07-25T11:04:38Z,2024-07-25T12:04:38Z,(GMT+00:00) Europe/London,3600.0,,,,14,0,0,1,0,False,False,False,True,only_me,False,,"[55.95888686366379, -3.211387228220701]","[55.96209838986397, -3.2158527709543705]",2.505,5.462,79.8,True,152.0,165.0,False,True,85.0,51.0,12769095770.0,12769095770,garmin_ping_357505915033,False,2,0,False,32760347,1,a11976950278,mpptIhjqRs@}@Mq@Bw@GaAS{@CWUu@Gu@GsAm@gDAYKq@Ma@BaAN[?KE_BGq@WqAYm@DuA?Oa@wBCY@Y[cBIcAa@_BQy@CY@GRWj@kA@UCMAO^eANo@B[Ee@SaAGs@MOsK|Dg@l@q@bAUZ]f@e@Ny@v@a@Tk@De@Jo@\e@ZUJ_Ar@kAn@a@Fi@PUBQRSDs@AcAPS@q@PM@SPiAXg@X]d@w@p@kARa@L]d@k@Cw@Hc@Pc@Xg@FmBz@kAdAYR{@Z_DXe@J{@@_@NuAN}@DUHCRB\JXDX\v@b@hCFp@Rx@d@zCr@vBDn@CRJhABz@Pf@M^XhAPvA`@|B?|@D`AC`AHfALv@Bd@CL@Z^hCO~AIR@tBPr@FdBHhACfAL|@FPDTDnAPzAEl@I`@C^F~@ZrBCh@DP?r@Hz@L^Fv@A~@L~B?z@PnAAj@CPIpBL|@?hAEf@@ZVfCD`A?n@F|AJx@D~@PdACH@dAJlABfALjC@fAJvANtCPpAAhAStAG~ADlAGbA@zANv@?b@EHBAFH@TD`@?^FlAD`BFl@GRf@xF\bAP`BN|@HfA`AbGd@zAbAjCh@dA\v@Zd@d@`@p@dA`BfAXVpAj@nAN`@H`@VrA\^\b@Vf@f@vAdAf@l@b@T\Jd@b@\R`@Ch@SFANF~AvA\PXVh@h@^b@h@`@j@j@TT\h@dA\bAt@lAh@hARl@NRJbAn@h@^jANTDJCf@?dAFX[LcAIMw@QgAi@kD]KOg@{Be@sCw@wDM{AAgBBaAHiAD}@j@iBPs@TwALqBHo@D}BEiAa@wEQoCEcDOkDAaBMiCYqDKgCKoA?u@FQQe@Ok@i@qCWaC_AuHMqB[yBIqASoASmCS}@kB_Np@o@Fq@HoC@iAFa@Dk@FaFH[,2,,,,GI
86,2,Morning Ride,4800.0,1200,1200,0.0,Ride,Ride,10.0,11983808538,2024-07-25T05:40:51Z,2024-07-25T06:40:51Z,(GMT+00:00) Europe/London,3600.0,,,,0,0,0,1,0,False,False,True,True,only_me,False,,[],[],4.0,0.0,,False,,,False,False,,,,,,False,0,0,False,32760347,1,a11983808538,,2,,,,GI
87,2,Evening Ride,8373.4,2022,3712,43.1,Ride,Ride,10.0,11972554575,2024-07-24T19:32:18Z,2024-07-24T20:32:18Z,(GMT+00:00) Europe/London,3600.0,,,,3,0,0,1,0,False,False,False,True,only_me,False,,"[55.95841814763844, -3.208052823320031]","[55.95924912951887, -3.212786838412285]",4.141,15.715,,False,,,False,False,42.6,8.8,12764528086.0,12764528086,767e5cf0-854c-495b-a1ad-4f01f19a7c10-activity.fit,False,2,0,False,32760347,1,a11972554575,qrptIpiqR]{@Ms@MeB[iCm@iIQqAG}@EICq@Gc@GeAOeA?QACCB?S[gFSqAKUm@eD[{B?IX]~@]BICUBQ@sARoAAOQu@W}@@UEa@OMSAQBSHIJ_@Bc@Jc@Ay@@gB`DUJ[VSHEBMA}@jA[\y@p@c@f@y@Zm@h@WHQJUBSHaDzAYDYPMDWNyA\{Af@UAYHM@uBfAQBS?IF]H[R[HSBQFW@YVgAd@_Cf@MDm@^YJ]Lu@Ls@`@m@Vu@FUH_@PYFM@SCg@Jm@V[JYPaBj@YD]LGBSA_@LgB`@YPa@\]HOF}@h@s@\uFnAOHeAP}Ap@s@Pm@HIJULWTY\]VSZUTQV[h@_AhDANCHMHUFYVS~@Wx@Gd@_@tKAvAGvAMpFIpAGjHC`BBx@Db@XzAPf@LdBVnBd@`FL|BF`@AVCDECBLCFBXDEGNMFMEKAOIA[Ii@Ka@IwAAoAF{@HKCMJG@@CCFd@Ln@D@FIFFHNFlAFp@BnACFCDE?@ID?Ba@KwBOkBc@}DImAOkA@a@[uFEwCB_AF}@LU@?BLD?PHR@v@VXAXJRGL@t@@BG@ODiDHg@JQDCh@LZLVFp@B~@PVHRBTJrBDZCRBd@@nFMbBSlA[FB@LZnE@FJ@b@Cp@OvAa@^Gb@KRKTCVIPARGf@[j@KJE`@KDC^AZEdB_@NRJr@JzB?x@F`@RxC@pBNbCFn@Bv@\zDh@jKD|ANfB@~@H`AFjAJZETBfAHhAD`BVtDFbBNpADpBF~@@z@NbD@DHFpA}@hC{AhCgBpDyBl@YlB{AXOp@g@f@UxAgAvCeBNSl@a@pAkA^Kt@g@^OVUz@e@dAq@t@YlAy@LEt@o@nAs@`BgAj@[POVKHKRIHk@Ba@FaB@iANsDJ{@BwBDe@?eBL{B,2,69.7,False,141.0,GI
88,2,Afternoon Walk,7089.4,4079,4149,47.8,Walk,Walk,,11970495815,2024-07-24T15:20:45Z,2024-07-24T16:20:45Z,(GMT+00:00) Europe/London,3600.0,,,,0,0,0,1,0,False,False,False,True,only_me,False,,"[55.959164975211024, -3.2127330265939236]","[55.95915215089917, -3.2129648700356483]",1.738,5.114,66.9,False,,,False,False,58.8,19.1,12762411513.0,12762411513,c314235b-8017-4856-901b-c09a12b5067a-activity.fit,False,0,0,False,32760347,1,a11970495815,gaptIp|qRtApBLADDH?DN@d@HLLJJNNHFNHHVJVVj@^DHJDBUKEH@LJDFL@XJH@NHh@FNHv@N\LLHVVTLRTDBJAZPNRNFh@^j@v@NFHJJz@E^C`A@|ACXBj@IzA@|AFp@Jb@HLf@^RXFRD?TH`@V^h@Rf@L\?TEP@RA\@TA\D\APYKIGI?CC@AN??d@D~@AtAMbBQ`@SXIDMEQ@WDILQ^KFOb@KL[jAGb@Cv@D^L`@JHB?RNNRFDJNBJBFF?RNNHP?NDJAPJDHVERBLFBANBRE@LB@JAT@HE@OFAHFB?RKNCD@D?^Sj@GPEb@CJDH?NJJRBAN]H?@Bf@hBTtATbAJ~AFVFj@PP@F?n@J`BB`ACNF^?VI|BWxBEdAMl@A`@_@~AMz@KbAMf@Kn@E`BEd@?RPj@JF@NVn@Jb@Pf@DBHPBAFJz@fBf@x@Zv@h@p@?DF?NLfA~AVXNFHLNF@GB@PHN?PODGPKB@BL?ECGWBWPKDWFO?WFQDQH[HYDI?[FQFc@VODG?e@^KDK@IFMFI?SNCDC?IJ]TGB{@x@QNMF_Az@IJ[Xy@lAMLINYb@KVWb@Sf@GBO`@IJ[z@IH?DIH_@dAAPIPGZ_@p@g@bBu@jBk@dC?LEJ@HEDO@GZ]p@APKVU`@o@fBa@t@M\q@dAGDS^UVWn@m@f@UZG?SHu@nAONWJUL_@`@e@^_@RIHMB]Ri@f@m@J[RETG?MIK?g@L[NWDw@RW@IEGAODO@EIAK@W?SEEE?CCG[CCs@Mc@UWEWQWIQBYE]?IFGGaA_@EEi@aDU{@eAuGEgAD_CLsAJ[Du@j@qB\qBCKAUHqAD}BBSIyACgAYuCKqBKsDKaB@MMcCE_DI_BAcB[}F?m@NUEEA?ABECOW]}BScAw@wG]wBU_CY}BGcAO_B?a@Iy@U}Aa@aBIaAOs@OqAi@{CEe@G]U}@?[DUCMGGBo@Hk@DgA\iDDqANuBDQJSNi@TSH_@Hm@?D@WLc@@SDKBWLe@Rm@FMNs@@UPm@FMFGRAT?JDZADIFFF@pACX@@BX?\EJCBIH?TGDEBITGn@NTJPGDk@,2,,,,GI
89,2,Evening Ride,2473.6,822,882,41.9,Ride,Ride,10.0,11963597851,2024-07-23T19:44:13Z,2024-07-23T20:44:13Z,(GMT+00:00) Europe/London,3600.0,,,,1,0,0,1,0,False,False,False,True,only_me,False,,"[55.95379192382097, -3.2147606927901506]","[55.944483652710915, -3.1862882897257805]",3.009,7.396,,False,,,False,False,92.5,56.1,12755263683.0,12755263683,e2f42448-31ca-40c6-8e6a-36c9c4fd5052-activity.fit,False,1,0,False,32760347,1,a11963597851,_aotIrhrRz@wDDQC?B@A?ACBC@@DUZw@j@_BLMBO^gAVg@H_@t@aBPeABaAIUEWBUPa@Ee@BCHE?DVy@VWLEXEVJf@Ih@Qb@c@?g@H{@AyBBw@jA{Dh@qAd@oBTm@XwAL[?UF_@@Y@KLYDw@Tg@L]LwAPyCCuBAY?qCFo@FQPS@OCi@G_@Uu@A_@Qo@Ei@GQCs@IWEm@EMKeAIOG_@MWGe@F_@C_@HKBOGuAGIDcA?cABSXaAJ}@P_@Di@J_@DILKXu@PYVMZa@@ICEDS@[~@{Ah@oAPQL_@p@sANa@Jg@,2,76.7,False,63.1,GI
90,2,Afternoon Walk,3310.6,2790,4553,8.1,Walk,Walk,,11962713961,2024-07-23T16:36:19Z,2024-07-23T17:36:19Z,(GMT+00:00) Europe/London,3600.0,,,,0,0,0,1,0,False,False,False,True,only_me,False,,"[55.97277198918164, -3.20849496871233]","[55.95923898741603, -3.2127210404723883]",1.187,3.822,62.5,False,,,False,False,33.7,16.2,12754356616.0,12754356616,2aa20e44-3f2c-48b9-aa74-346733d05e3a-activity.fit,False,0,0,False,32760347,1,a11962713961,owrtIptqRHEEIHADGBA?CHKJCPOBGPG?IF?FE@E\YLY\WH?DO\[Zi@j@a@JAJSJAn@k@HBHPBAJWD[DIVUFK|@{@TQHIJSABB?JGn@g@P]FE?IROJGDGLAFEJQDMRONQLUXOPUFEBGPEAQBFH@NYPM@GFGDG\]?EVYFMJE@DD?DMFC@GFCBGPO?GVGv@aALEBGPKHIN]d@e@HMRSV@HIJe@FKROLUHID?HNHd@LTHXVh@Zz@R^TbAF@BBLOFCZr@h@|@H\?RAHBJCR@NDFAJDFALBD?N@DCL@HG`@BDC`@@VEf@BDANBD?NFn@DnABF?JDV?bAFv@AZIn@Ah@DH@JFJ@b@BF?ZHRBXDN?PFT@RBD?LBFCb@IRCBA^?FDLAHRDING^E`@F^?~@Ht@ATGTVl@`@hAR^\DPFPABCLBHFD@BCFBFATOJSZY@CHCBIFA@EB@NGPKNO\W,2,,,,GI
91,2,Afternoon Run,3426.6,1400,1557,17.0,Run,Run,0.0,11961694294,2024-07-23T16:08:25Z,2024-07-23T17:08:25Z,(GMT+00:00) Europe/London,3600.0,,,,3,0,0,1,0,False,False,False,True,only_me,False,,"[55.958739928901196, -3.210372682660818]","[55.9729035012424, -3.207627944648266]",2.448,4.302,75.9,True,142.7,162.0,False,True,41.8,30.2,12753311406.0,12753311406,garmin_ping_357068163348,False,0,0,False,32760347,1,a11961694294,atptId|qRI~@IZ]l@JFZFHN?FMb@[h@qAjAsA~@}@nA_Ar@OCEIWUKWOO]SOs@Bo@Hg@@m@CcAKeAAeCCy@OsAYiAQcACaA@g@DMK{AJm@B}@[cBA]DaBPyA?aAG}@MaABSNK@E?i@FwAHcABgBJ}@D{@D}ACUPk@Ka@Yu@S}@CIEUFm@IIDoAFeAQiEHiCFs@FIGE?DA@JFEMIaA]m@SKU`@e@r@a@dAkAxAa@b@MFs@Pq@VqA~@o@NeA^o@f@cBv@_@J}@r@WVoAV_ABmAXaAr@[VMDKHmAPCDg@NcAVi@Te@BCAWJ_@Tk@JaA^g@BaAj@_@^e@Zm@HkAZe@?e@R[Xg@Hg@?QFoBJUBe@Pa@DET@Ph@jB`@pB@NJV@H,2,,,,GI
92,2,Afternoon Ride,3487.0,585,758,0.0,Ride,Ride,10.0,11944643152,2024-07-21T14:29:17Z,2024-07-21T15:29:17Z,(GMT+00:00) Europe/London,3600.0,,,,3,0,0,1,0,False,False,False,True,only_me,False,,"[55.94853462651372, -3.2626833859831095]","[55.959161622449756, -3.213139967992902]",5.961,9.757,,True,110.6,139.0,False,True,135.8,32.6,12735604437.0,12735604437,garmin_ping_356555588108,False,2,0,False,32760347,1,a11944643152,}nntIh~{RgAcIe@yEUsAYuA_AcISwAU_CUyAY{TK{AUuKKcCIsAKYGAw@`@eAXS@GGOk@uAuJg@yCGOOGi@ISOGK_BwIkBaIk@uA[i@UWa@[eBcAsA_AUW?@KIGM@i@hAeJ^uDb@iHJeCM_AMw@Oi@eCgFs@gBuBgJuAsFkAeFe@iBQe@Sc@U[WSq@W]?QLQHI?IEO[c@kIe@_GYeF_AkNOsAAC?@@@?CKF?C?c@GyARcK^wG\oD,2,31.7,False,18.5,GI
93,2,Afternoon Run,7405.5,5721,5900,274.0,Walk,Walk,,11944479231,2024-07-21T12:47:16Z,2024-07-21T13:47:16Z,(GMT+00:00) Europe/London,3600.0,,,,0,0,0,1,0,False,False,False,True,only_me,False,,"[55.94833, -3.262933]","[55.94838, -3.262893]",1.294,4.32,61.3,True,108.1,149.0,False,True,164.6,53.8,12735434432.0,12735434432,garmin_ping_356552173748,False,0,0,False,32760347,1,a11944479231,u{mtI|n|RN_@`@EJO@ICg@Kg@CYBKPSDBKRa@PFJ@LIXEDSOIgA?y@JoAfAiCj@qBDIH@TVFPh@SP[@a@ZEN_@`@uA@Oh@aAZaBBLT^Lt@G\Db@GVZdBAXMX@LMLGVILAJBB?IK?QRCHAGEFWd@WBa@JW\ENI@Ii@M?Gh@YTUFWf@Wx@?`@PR@HGh@Cl@Kz@BGc@VGh@HjATx@M\Av@e@fCCCADKI@EGDKGYHUg@]ESj@@KKSIFMZGFCEc@qACc@SaAGy@My@?c@QoAUWO_@M@Ub@c@b@_@E@PELMDg@]KAONMlA@zAQr@Yl@SXSl@QzAKdCO|@DdAIz@BVE`BI\Q|ACbBIj@BJAx@G\\jCCRIM?c@GKYRK|Bi@|BCx@O`AIXYg@_@_@Se@_@g@_@Wc@CBGt@j@GS[Ms@LGWQ_@SQIOG~@GGYz@o@n@_@PCR@NJTA@DLULGJGd@@XJMLCCEEFTACMI@Ih@Cz@k@dAMh@]z@c@d@[NQGAGIIGPQDITMFUk@Ei@GKIKs@KO]MMWTOCSLw@FYN[@c@\EASg@Pg@GKAg@Is@][CMBSJ?JU@m@f@k@j@}@Z@TKHMPPXARJBCCYa@m@aAk@oBDwAXURSd@YdA?NUbCk@~@CJe@r@y@l@QFa@\i@JGNQbA}@fBg@r@ID_@Ec@Fe@h@i@^e@pAIH]Ga@_@KQCe@c@C@JITVv@bAXAf@RGLDDLTGJPAn@BXDATe@DNPHVt@TpAJ@Rg@Je@FG@uAJm@X_@b@Y|@OZSPUD[Ro@l@OK`@JPFFLC?KACGFCMA^HJXE@IQyAHkAf@q@^?Rc@VOR_A?OJYl@Kp@e@^GLBLd@DF\BbAy@b@O\c@RCJHL`@`A`A`@\nAr@NERQVe@Z}@V_@ZSLFl@G@QFILc@@g@ESHw@DKd@g@Zi@d@aA^Sd@DNQHiAKi@Ws@EyAc@QCWT]?MKCFIWf@YlAQLM`@WP]f@CNFh@EP]v@E`@Sr@Yp@w@nAOJOFe@C[RJMVIRDPGXm@^Yn@u@RIZY~@I`Ae@x@EXYHU?KFY^MZw@Hk@NAXBLWLm@@[UaCEgABaALoBAgAB_@GqAR}B|@uC,2,,,,GI
94,2,Afternoon Ride,3687.7,935,1001,100.0,Ride,Ride,10.0,11943586998,2024-07-21T12:25:41Z,2024-07-21T13:25:41Z,(GMT+00:00) Europe/London,3600.0,,,,1,0,0,1,0,False,False,False,True,only_me,False,,"[55.959259271621704, -3.2132964581251144]","[55.94838467426598, -3.2628122996538877]",3.944,6.786,,True,130.3,157.0,False,True,100.0,-1.0,12734508968.0,12734508968,garmin_ping_356532550563,False,1,0,False,32760347,1,a11943586998,qpptI|{rRB|@UdHAd@GPIx@CjABv@?t@BI?BEzB?nA^dDt@vLjApMHnBVpD@Hh@VVXPNx@\ZRXZp@vAvBdJ`@xBbAtDVtA`AdE~@|Bf@fA|@~AP^P~@Fd@PZBZAdAg@|HWtCwAfM@LJ\NTXXnB~@l@\^Z\^Td@l@vBXh@X|Ah@vB`@tBhAdFPf@LLl@NDDLb@b@vCNlAn@~Cf@`DJHVEj@SjAaAH?DNFxCLrCHrD?pCPhCPvI@bD?lCLhBGBEELb@L~A`BvKN~AXjBAT@LXjANdALtAp@tD^hC,2,104.0,False,97.2,GI
95,2,Evening Walk,2500.0,2100,2100,0.0,Walk,Walk,,11938053141,2024-07-20T18:53:29Z,2024-07-20T19:53:29Z,(GMT+00:00) Europe/London,3600.0,,,,0,0,0,1,0,False,False,True,True,only_me,False,,[],[],1.19,0.0,,False,,,False,False,,,,,,False,0,0,False,32760347,1,a11938053141,,2,,,,GI
96,2,Afternoon Ride,7888.9,1647,2711,34.0,Ride,Ride,10.0,11935187718,2024-07-20T12:09:19Z,2024-07-20T13:09:19Z,(GMT+00:00) Europe/London,3600.0,,,,3,0,0,1,0,False,False,False,True,only_me,False,,"[55.9601644333452, -3.2147114910185337]","[55.959113677963614, -3.2125216349959373]",4.79,10.588,,True,120.6,146.0,False,True,37.4,-12.6,12725761574.0,12725761574,garmin_ping_356296349235,False,2,0,False,32760347,1,a11935187718,{{ptItzrRQCa@?a@h@_@|@Qj@[fB[hCGPMDg@`@g@n@oAx@s@fAsAdA}A~@e@Rq@b@eAx@IJ]BQCQe@WgAi@eDkDeRSo@{@uG_AoEU}Ak@mE_@yBuDkQSq@IEO@e@f@s@hAwApBkAfAs@~@yBjAm@FGIKYKc@?g@DO@c@Ag@iALqCpAs@Py@d@oCpAmAb@mAl@cAZeB\gA\y@ZIGiCDyF?w@e@mBsAOKOBIRALElAM~BShBDn@@^G`CEp@O\KDMEuAMqB]OPILCNAhEH|BZnDbAxJNlBFrB?DA?GGAJDc@Ao@YmFMyA[oCIkAG]Wu@[oBEsANwGH}HFeCXuIZyFd@{BA?Ve@`@KRSv@}Bh@q@P]x@y@x@_@f@Od@?\Gd@m@|@g@PQrAOxKwEROzA_@zASx@Sh@SpCs@dBk@t@IlA_@zAg@xAs@rCw@~HuCpAYLIjA_@rCwAd@Qr@QPI`@CTBHC|@_@bEyB~Ag@`@c@l@c@\[PSf@u@RCRKFIbLeFNXBZLp@JdAEl@Ov@AdAIf@mA`@G`@z@~FZzAn@tE^|HZnC@TRlC`@~CZ`DNrBRtAJZNXrAxA,2,57.3,False,94.4,GI
97,2,Morning Run,21272.0,7031,7033,115.0,Run,Run,,11934604464,2024-07-20T09:45:26Z,2024-07-20T10:45:26Z,(GMT+00:00) Europe/London,3600.0,,,,27,0,0,1,0,False,False,False,False,everyone,False,,"[55.95851143822074, -3.20947271771729]","[55.95914863049984, -3.20737162604928]",3.025,6.76,84.3,True,164.5,186.0,False,True,83.6,20.8,12725151851.0,12725151851,garmin_ping_356282684134,False,5,0,False,32760347,1,a11934604464,}rptIvvqRe@`@]hAG~@c@bCx@h@Kl@uAtAmD|BqAA]]k@sAEyGu@_HKmCu@cEHcEPcDAmEZ[@cDPoE?mDXqAOyAYgAUa@Ee@LwDEi@U[I}@f@sEk@yA}AbBy@d@s@z@}@rAwBn@}BdBgDbByB`@{BhAeDlAoCn@mEfBwIxB}AfAoKzB_E|AcKdBiBp@gBzAwATiA|@c@hA_BtAa@tBs@n@Md@y@~DeAhUG~QXtCXfAhAxKTzGy@`IqCbQa@bBq@rJNfA_@pDe@tFW`E]j@_@rAw@xDc@|EWx@kAtGq@jEIvAA|PLfCn@~DRjIOvBcArAMfA?xDJ~Aq@`M?hJ_@jLDbA~AfIvG`XnDnS\t@`@\tA`@Tb@pDzL\xBHtASdKwAzISbCHxI_AfOM`WLlLt@`LStJEx@MXLrHj@~HrB`QTpCDlFg@rLUxBcAjFWhIDrJWrC{A|H?jBVf@rA~@lIvCf@f@zAn@rBm@bB?hAXn@h@p@vAxAfFHt@h@fBTjBr@rBnAdIf@nB?bAJz@Rl@?t@Lx@dAnC\d@fAn@Nd@n@d@n@Hd@^v@E`C~AX\bAdDrCdFj@f@vDhBdA\lAfA`BxD~@TvAMlBq@~@u@Tm@C_CF{AGEE}A^yD@iAQmA_@}A?aGk@oC?uAs@kB?gD_AcH_@eBoAuHwCuH}AyJ]}Dn@mIvAgHRqAl@iCp@sAVsAZs@nA{Bn@m@NBr@oATeARiETsAD_AKcEk@mE}@}DYwBiBaHw@_E[wC@kAb@eCZeArAwBp@}BH_AFaCQ_Ee@eEn@uD@{@_AyG{AyEaAwJYuFl@eEBmCo@kF@m@^u@vBqBRo@|@}D`@kC|@uCNsAx@iDfC_N~@eDfAkF\cCpAkEnAwGlBeIrAcIfAwDnCcNrBkHnAmDZiBzA}CbAyAjBeA`DoChEYCMlDkCrAkBjGwFbBiCzFsOXuA~A}Cp@}BDi@dAcCxBeCdC}BPq@jAsA|A}@rAEhFiB^Dk@Jy@c@}@aAoAaC{DgFeByEHsCn@mAvAiEd@iFFuBIqEs@gCWsBu@}AWcDOc@w@e@eBBiBp@eD{@mAa@gBsC`@}AF_BTg@P[pBe@b@{@Hg@ScDKCVQWqEc@iAa@McB}AS]Gg@?iATmAOeCDsCEcAw@yAaB}AoF_D}Ai@aD{C}@WaBsBqAoCuA}A[E,2,,,,GI
98,2,Night Walk,4313.1,2887,3284,76.5,Walk,Walk,,11922863617,2024-07-18T21:02:48Z,2024-07-18T22:02:48Z,(GMT+00:00) Europe/London,3600.0,,,,0,0,0,1,0,False,False,False,True,only_me,False,,"[55.95906229689717, -3.2119723688811064]","[55.95928609371185, -3.212565891444683]",1.494,3.682,70.1,False,,,False,False,78.2,20.5,12712937436.0,12712937436,83a6019b-c39c-4dab-a96d-fd0703e11fd8-activity.fit,False,0,0,False,32760347,1,a11922863617,ydptIznqRH]TkBBOD{BJo@JmBLg@BO?o@Es@A}@@ADACOIKGAAODC@UA[B]Z{@Hg@DgAFc@PIRE@C`@ORSF?BGZI?Ej@MHG@A\OTIVCLD?CHEf@e@ZI^[ZKZUDALDNCJIRIJI@CHC?AXI@Cl@WFAp@e@R]\YBc@PM@KCc@Oq@G{@CAAIE}ACACOCg@Ik@Be@J_@CEBi@Ko@Es@FOd@WD]P[?@RCFDHEBO?UQgCOy@A[?a@LKAIBIEK?KCE@MCG?OCCAQA??SA@Gk@AACUEAIi@AUCEAYCCCBCYDMBCd@JZK@KDE@KN]@KP[@SKi@Sq@AK@GJGJ@LMF_@HO`@YFSTO\GJSE_A?q@Go@?OBUCy@OcAKcAI[AQBMFBTVXVJI?GD?@CB@@CAB?CANAm@GFJISDBDF??M@JAI@ACHDb@CEBCE[SXAKCAG@ELQDEJG@?PABACA@E`@J\R`@DZHv@JR@F@f@B^@B@`ACFSDc@^I@KHAAIBELAAABUhBDlAEFGKCBG@M^?\MPGFEAKHACI?SBUTAFE@CJAGGBITGFSCCI?@ACEACGC@OOICE?a@n@ALM`@@rAJfA?JNn@@P@h@CFJh@Ah@DT@ZFFBr@XrBKz@K`@GHO?e@JIFE?o@b@Y@e@HEDEJEAG\CHQLIDCIGAYNWDYRI?KDMJMRWVBdAS`@?NV~BPlBF|@ABVrBBz@MF[XEHKHELUHIHKDMXK@[UUHSVE@KPE@ARKZGTI~@Gf@G~@ENExACL@hCGl@ItAGTEhAObA?PGZAVCP?TGJC`@GFGt@GNCVGJM`@OXKX,2,,,,GI
99,2,Afternoon Ride,42920.5,8269,9698,275.0,Ride,Ride,,11921072228,2024-07-18T15:01:09Z,2024-07-18T16:01:09Z,(GMT+00:00) Europe/London,3600.0,,,,19,1,0,2,0,False,False,False,False,everyone,False,,"[55.959268072620034, -3.213228564709425]","[55.95922063104808, -3.2131164148449898]",5.191,11.41,,True,115.3,138.0,False,True,110.2,17.8,12711094262.0,12711094262,garmin_ping_355874497289,False,13,0,False,32760347,1,a11921072228,_pptI~zrR}@|YlBdVD}@_AqE@hAzBnXHl@r@z@?~CtGtq@`BzS`@fTSl@UBiAsCJhEWpBeE|Bq@MQ}@U~CBdEoFvFeDbFcB~DmAxJcH`[mIhc@eJzYgB~Q}CnDZ|IStIlA`PvApDv@fGBnCk@zCz@~M[~AeDlHYbBChCp@rFbFxUh@fJ?tEo@lGwDbD}BfH_C`Mg@fIx@tJhBdInCnIvCfQGRx@vCb@dHErEj@pEc@jHDzAZbDlArBcAlJyC|Ew@NqD{EyMkMyCwE}EuByBpBk@dB{@^_g@gg@eIlWIpIZlKqDKq@f@Ux@BlEr@nL_CtIeF~VWxDChImBnHqH~O}EjIe@JeAyCeB}@oAAyMjIeF~E}CzLiD~IqAbB_JrGmBxBqDvQuBrHiAtAuHzQgC~Am@~@i@xAC|@jBhCp@dEn@pPv@pDSlFTdNdCjYtEpIjFhCfI`IvAxEfBjO\dBlAlBL`AxCtE~EvLlAvQE|B~@zCh@lFAlBk@rDhEz^PhMs@rEBl@BaCz@sB@bDMZFTXmAf@SR_As@_[H{Od@{GpAyFr@{AfHgIxD}BrImC|JoFtTwGTg@QoEbC_AtP}@ri@zBjEyBxFsAd@hV\|DjAdEdCt@jLp`@xZtx@`H~PlBzHp@xRLAzHaDb@wAl@p@j@}BEhAjHdAh[^tHhAbTl@n@w@b@cDzAsAtNgFfAkAPkk@Et@Bc@z@G@[Z`Af@?pLkD`Fo@Zh@GhDNn@VFp@{AR?rCkGxA{AbUqAp@_A`B}GJyIf@yEjC_JtBoDzKyJlCO|@}A}@qEl@vBNCNQG}A~@o@MuAnAeIBuDY{E{A}f@wBkUa@s]ZuHnBkGjTqWbImMfCoFjB{MfFag@MoFqAuIa@mFa@uMRmIyCec@oDoW_BqSeA_T}G}m@aBu[l@_DdBqBtMuHhImG|A_DdAaEP_Lc@{ICoNeAeTmBkO?_^j@sGOoRmBiMaBiCmAcFKoCf@}La@kHgB}M}@oMXmL]uEuBeMaAeCMFJYsAcDcDsNoFiNwFuLcAoDSyA`@cIbAcGV}FDyDSwBsCwIoC_Q}E}NmBsJwCuI{KiOmMeJkI{Iq@CgEaEmEqAcDqD}BmEsAyD}DcPqFaRw@sEaB_FqF}T_AiAuBxAo@KOjA}D|CeC^{AnCgAp@Pc@o@nAIvPYnFH`Gu@[q@sB]ScByFaAaBcDzF_FzGc@NmDgNaEmJo@l@iArE_ObMk@tAe@`DSCq@oCeE_JwBiBg@E,2,70.3,False,581.4,GI
100,2,Lunch Run,11005.7,3606,3674,46.0,Run,Run,,11909878369,2024-07-17T11:02:21Z,2024-07-17T12:02:21Z,(GMT+00:00) Europe/London,3600.0,,,,31,3,0,1,0,False,False,False,False,everyone,False,,"[55.959328170865774, -3.212717855349183]","[55.958846965804696, -3.2108290772885084]",3.052,6.466,83.0,True,158.1,187.0,False,True,61.6,21.0,12699504081.0,12699504081,garmin_ping_355569914778,False,5,0,False,32760347,1,a11909878369,sxptIzfrRkCjBIB_@AiAQ[m@_@oAAQAyAGmA@yAE{@?}ASoAC]@wBBi@Cy@]kCOg@GiA?cBHsCAu@I_ADq@RWNm@@_@Ew@DmBLqBd@_DD{@HS@KUYBi@K}@q@}BCY@o@TaAH_BU{AGs@FiATwAGFMy@Ui@Y_@GEIDUf@aArAQP_@j@u@|@_Av@k@XUF}@r@aAl@k@VaAVgAj@gAp@_Bd@k@DgBXc@Pc@f@c@VcA^e@JsAj@cABa@FcBt@_AVm@HsAl@c@JaCfAe@Dk@N}FfBg@@c@HKT?R\bBl@dE@TAR@^RdAd@jBRdADjANnAF`AVdALxBLnAFbCEb@?p@Bd@Pv@RbCN|@JhBB|@CfDPpCBhA?b@ElBJrABzCFdALvANhGNxC@n@LxACfAE`@D\?\\vCHfA@r@Db@FzA@hAb@xDHzB?tACTHlCJvAPjEDxBAz@N|@VfAE~AJhCPrB@tAHfAHjBHnANhFJn@T~BFnA?nADr@VzBXzCTnAbAjEt@hBhArBZd@d@d@T`@`@f@z@h@f@`@fC`AlBj@jAj@jAhA`FlDn@j@p@Jn@YVEFBz@|@zAdAj@j@`Ax@rArARZhB|ADFrB^vAdAfBLpANb@RvAT|DMzDiAd@KR@~@s@lBo@v@eAXk@d@m@Vy@LC`@a@HYPYx@EDIXUjAcBbAqBj@uAlBoDn@wB@c@Vu@l@sA`@sAR_Al@}@Xq@l@{B^k@r@kC\{@Ns@f@[n@?FOj@ELOn@[LA|@{@z@WpAm@|A[lAo@bA_@d@YRAIJECS@k@Mk@]Ug@i@o@_@y@W]k@o@kA{AQ]a@g@cAuCe@_ACMQwB@KNo@dAqCh@m@XuCL{@JYLy@F_ADiC?mAMmB]kBYw@g@eB[qAIg@Sq@[y@[@c@SeA?c@JKCoAFGFMBWIu@b@eAGq@]OSYg@CUk@uACe@Ky@@y@N{@Zm@TYj@Mb@g@HMHi@FO?_@K_AKQWqA@WBO@Cl@VFKB@Ba@GeACyAE[I][g@a@QU]o@i@IUIa@MgBESD_B?kAGgCLkBAKCKSU{@m@cCwB}@WUAWSi@O[Qq@UWSqBgAg@c@_@k@MMm@WUS?EMW,2,,,,GI
101,2,Evening Ride,9068.6,1891,1891,27.0,Ride,Ride,10.0,11905254842,2024-07-16T19:52:59Z,2024-07-16T20:52:59Z,(GMT+00:00) Europe/London,3600.0,,,,4,0,0,1,0,False,False,False,True,only_me,False,,"[55.954662803560495, -3.1101646833121777]","[55.95914125442505, -3.2125333696603775]",4.796,9.524,,True,135.1,158.0,False,True,26.8,13.6,12694701886.0,12694701886,garmin_ping_355418995528,False,1,0,False,32760347,1,a11905254842,eyotIjz~QE^Wj@{BnHYl@YdASvAGjCGr@Kr@q@tB_@v@y@rAgBzBs@pASf@Mf@CTHb@CPQb@}AzCiApB{CdGcCdFoAxB_B|CeCvFoCzEcBtDgBlDO\u@pAkAvAi@p@cAhB_@v@e@lAaApEkA`Bk@`As@rAy@hBu@zBuAxDW`AEVCt@\bDAb@wBnKU`BW|CMlB]pDm@xFWjBA~@MxADPjChD|@xAVt@Al@ERKTE@]LyB@y@b@m@T]X{@jAq@nAo@fDg@tFMdC]pCIpAGzAUtCSjB?T`@fCDr@Ah@H~AHzG?dAi@hK?r@c@nIBhAAb@OZg@d@sAjBuBvFa@tAKd@WtAYhBEb@MtBk@fH?N@FJMBDKAWn@o@xCKV_@|AE`@LrAK~@Cf@Ix@GR_@l@q@~A]f@gAbAy@\]`@u@`Aa@hA]rBO~B\xCn@lDB`ABjBBr@H^BL\h@L\p@dCVpA~@dBb@lAt@`Bd@tAp@dCFl@Rx@NvAHZ?b@NlAV`BNnB^bCn@xDh@zFRhAZrBFlAZhBh@tBXzABHr@bAx@xADLFj@N`@lBtDz@pA`@bAh@|@h@lA|AnCbBnDXb@rAxCfBfDv@`B~@pCf@fAt@p@~@l@h@Jv@BFA|CqAdCyAjAa@nBkBn@cAVUlAs@hJaFA\@TJj@\lAHp@CZMbA?nAEXORkAp@ERBXPdAZjARx@^~BTbCJj@F`BPpBJvBXlBLnA`@fG^pCPxBNnAZpAFJpA~Ap@f@,2,49.4,False,93.4,GI
102,2,Afternoon Ride,8945.2,1423,1547,20.0,Ride,Ride,,11903213683,2024-07-16T16:04:27Z,2024-07-16T17:04:27Z,(GMT+00:00) Europe/London,3600.0,,,,16,2,0,1,0,False,False,False,False,everyone,False,,"[55.95908174291253, -3.212519958615303]","[55.95513101667166, -3.111130865290761]",6.286,10.649,,True,113.4,141.0,False,True,40.8,21.2,12692613389.0,12692613389,garmin_ping_355374293765,False,16,0,False,32760347,1,a11903213683,}mptIjoqRwCuDYw@{@sIg@wH[{C?YU{BKcB?AGFDDYgCWeBgBeKAOFe@N]HI\GVMFGDYDiAPgA?o@Ek@]mBEKQOUAWJq@FmIpFyAjBw@x@sA`AeAj@{Bv@m@f@iAh@iANaAIMCoAo@s@eASc@Uu@a@oBu@sC{AaD{B{Fu@_BcAuBaBqCUi@sAeDk@mBe@y@[YGK{@yBuAuCk@uBk@yC]}BSkBc@}Be@kD[wA_AaIa@sCm@yC_ByF_AeCeBeFq@qD_@iAEg@Oq@Gu@Cw@e@yD]mBYwBG{@NeAf@oBVo@fAkBjBsA`AmAr@gAx@aCRuAB]A_@Hq@RsAZsAPoA@ADB@}@^}Ct@mJ`@oC~@sDl@yAh@aBdCqDTi@H_@@qBCc@?g@LeA?i@JeBDc@HyC^wF@{BK_M]_CCe@Bg@\sEJuCd@eEx@wI\yB^qAzA}Bf@c@f@QT?VBL?z@Ap@GLOZqA?WIY}@yA_BqBc@g@IEEDGIGQ?q@R_Ad@_D^aDZuDb@aHXuCdCcM@w@UoBCe@@e@Lw@Ja@jCoHrAsCbAgBrAkBFQd@{C`@yA^cAp@uAdAmBxAaBn@_A|BqErAyBbAkBfFcKjDmHjG{LdAoB`AqBd@oAj@aCJUrA{BnByCd@{@p@aBZcB\}Fb@gBTk@h@{B,2,78.4,False,111.6,GI
103,2,Lunch Walk,4350.0,2225,2401,22.0,Walk,Walk,,11901291010,2024-07-16T11:35:31Z,2024-07-16T12:35:31Z,(GMT+00:00) Europe/London,3600.0,,,,0,0,0,1,0,False,False,False,True,only_me,False,,"[55.95900219865143, -3.2118618115782738]","[55.95927335321903, -3.2129318453371525]",1.955,3.313,64.5,True,97.6,124.0,False,True,51.2,34.6,12690631145.0,12690631145,garmin_ping_355327919046,False,0,0,False,32760347,1,a11901291010,suptIpdrRIJi@ZmBvAi@f@SZe@VYFMAGEM_@a@q@i@sAO{@FeACi@FeAA_BIk@B]UoBOg@CM?KCMBQZu@J{@@iAE{AWw@YeBGOIg@AUBm@D]Do@IiD?u@{@iBGEIBWM}AkCGMKo@]s@M]Q?SRK^OTQCcBrAoA~Aw@h@i@l@MFYDWVi@`A}AlA[d@GPYTSJIRa@b@{@jAa@XWXaBvAe@z@k@Tk@d@u@x@]Pe@HWPOVYPm@~@EFK@IR]Vc@j@?H`@EUU?UBQf@{@T[`@]HC^[d@SRq@N[ZON[^KHITED@XCN]RYd@SHMBK\[`@S`@[b@s@`@c@HOj@]v@}@l@_A^[LQh@O\_@\Wn@{@^YN[^c@HETj@FXPb@Lz@Gn@K\B`@R\b@VJLPj@Nr@Jb@b@jANj@?TId@MzAFf@p@lAr@n@l@tAZf@N`@Nf@Hf@?l@NrBBv@?l@Ch@DvCG`@m@x@_@\ULGBMCKUYP[\QDKEKJe@FFPAJGZCRLnALh@@XBLv@`@ZH^@b@PtAhAn@p@LTn@l@PTx@f@`@BTH^ZPg@h@i@?IBGHCZGt@?h@?LDrAD^ANGXAH@THl@FHCFc@,2,,,,GI
104,2,Evening Ride,5400.0,1800,1800,0.0,Ride,Ride,10.0,11891807043,2024-07-14T17:45:47Z,2024-07-14T18:45:47Z,(GMT+00:00) Europe/London,3600.0,,,,0,0,0,1,0,False,False,True,True,only_me,False,,[],[],3.0,0.0,,False,,,False,False,,,,,,False,0,0,False,32760347,1,a11891807043,,2,,,,GI
105,2,Afternoon Ride,2272.0,776,1079,54.2,Ride,Ride,10.0,11886274399,2024-07-14T13:10:28Z,2024-07-14T14:10:28Z,(GMT+00:00) Europe/London,3600.0,,,,1,0,0,1,0,False,False,False,True,only_me,False,,"[55.95910429023206, -3.2127525564283133]","[55.95582872629166, -3.190763471648097]",2.928,7.378,,False,,,False,False,74.8,20.5,12675061697.0,12675061697,8af09846-35db-4ed6-9d7a-f14999787920-activity.fit,False,0,0,False,32760347,1,a11886274399,_lptIzpqRU[aB_BgAoAU[Ys@YgBE{@_@qDY_FU_CKcCc@kDMiB@H@SDG|@c@REb@S`A[rAw@t@QTMTI~@k@pAg@NM`@Sd@MVM`@Cj@[REn@c@\GZQr@YTQLGTS^Mh@c@jAe@@@?AB?C@J@DI?_@QqAa@kDSiDO{ACC??Ck@@ODKPKLQ|Au@f@S?Mi@gDQgCWyAAWEIFcA,2,103.7,False,80.5,GI
106,2,Night Walk,3500.0,3000,3000,0.0,Walk,Walk,,11885290737,2024-07-14T10:00:04Z,2024-07-14T11:00:04Z,(GMT+00:00) Europe/London,3600.0,,,,0,0,0,1,0,False,False,True,True,only_me,False,,[],[],1.167,0.0,,False,,,False,False,,,,,,False,0,0,False,32760347,1,a11885290737,,2,,,,GI
107,2,Evening Walk,4700.0,2760,2760,0.0,Walk,Walk,,11881145700,2024-07-13T19:15:21Z,2024-07-13T20:15:21Z,(GMT+00:00) Europe/London,3600.0,,,,0,0,0,1,0,False,False,True,True,only_me,False,,[],[],1.703,0.0,,False,,,False,False,,,,,,False,0,0,False,32760347,1,a11881145700,,2,,,,GI
108,2,Afternoon Ride,9315.7,3003,3996,111.2,Ride,Ride,10.0,11879752517,2024-07-13T16:07:45Z,2024-07-13T17:07:45Z,(GMT+00:00) Europe/London,3600.0,,,,2,0,0,1,0,False,False,False,True,only_me,False,,"[55.954614356160164, -3.110074996948242]","[55.95916824415326, -3.212687261402607]",3.102,10.036,,False,,,False,False,87.2,6.6,12668283089.0,12668283089,084ec578-cfdf-48af-bef1-6a50fe4112ef-activity.fit,False,1,0,False,32760347,1,a11879752517,kmotIf}~Q`@fA\r@Z~@VVRh@B??AFf@?b@E\yAzCsBjDm@lAc@v@a@dAs@xAgArBKZeBrDcAtCOh@s@zAm@tAOd@{A`DUt@KdAQjBCpAZjHFzBVhFXnDFpBp@vJNtCd@~GDlAFp@@tCHjAPbILfDFj@FrBP~@r@`H`@hFTjBLdBt@nQ@r@GjA@\DV@n@E~BCn@@pBDl@LtFF\@ZB@AICR@d@Jn@?j@IdCI|@G|CAzBQ~EShDQ|B?b@DtAb@zE`@`Bp@nDt@jBT\|@hB^hAx@lB|BbG`B~Et@tDt@nEjAtKRpAFdAJj@@xAFr@h@nEBf@VzALzABj@N~@Bl@HZDf@@ZEp@Nh@NTHV?LAXCHQHQA[DGDe@HYNQD[RYLGCMBSNEHC\DnBA`@GZGHGBi@RmA~@MXEd@IPEBOCO?EBOrBA`A@hBZrEAhBGdAAlAF|ACvAJ~A?v@H`B@hAAf@BbGEtA@A@@CSIfB?h@@FDBRAPMj@_ALYnAm@b@IXSJCHBFTGhBAtAI~@ClAHrD@lCH`FD~@H`AE?HTJjBf@~EJ|A@b@AZB^Nr@A^BPAR@HFFL@DENYNk@Fk@E_A?{AF}@@_ALiAHi@L[RUDCJAJGD@?IHDH?BIAIBMEK@IE[?MEEEKEAGIAI?I@@@A@CASFS?UG_@CGSqCNIBFAARG^QDK@WLI?UP@I@ADKHICC@GJGBM\M?CHIFC?KICDThCDbABZDHBf@A^H`@@PGh@GFCCGD[FWXKREN?h@Ox@Af@@nANxECTGRYVKV?HFH@CG?GHSFUCO?y@Zc@H[V[LWDg@Zc@PQNIPKIUJSGCG@DACMACABOVj@KT?NZ~BB`@A?DD?G@B?XIJGAEIEAOJIPKHQEUUGACE[NG?IHa@RW`@Q`@MP?DB?K\A\^lCR`DPbBFlALjA?JIVOBa@LeAj@UFIA_@Pm@NQRC?@MCC@BG?[^a@RU@eA`@]HAAAHOJK?ULWFy@`@g@Rq@d@ULc@FgA`@YRMPe@R{Aj@QJOBMJMB_@Ru@T_@Vy@XO@UHc@XcA`@OJ[JEHAZHfAFj@FtA`@vDFv@@v@bAhKDlAHr@ZjAZx@RLPDV\DAT\NLb@h@NDb@f@,2,74.0,False,222.4,GI
109,2,Afternoon Ride,6024.7,1559,1640,19.3,Ride,Ride,10.0,11878533919,2024-07-13T14:27:37Z,2024-07-13T15:27:37Z,(GMT+00:00) Europe/London,3600.0,,,,0,0,0,1,0,False,False,False,True,only_me,False,,"[55.98023632541299, -3.1771390233188868]","[55.95569109544158, -3.112416649237275]",3.864,8.472,,False,,,False,False,17.4,6.5,12667020071.0,12667020071,29ceb0a2-05fd-433c-9591-a8cb76cbd596-activity.fit,False,0,0,False,32760347,1,a11878533919,wpttI|ukRbAfBRj@JLDALKNa@FALeBH]@k@@CAFDEB?@BGhAUhBSbA@B@AD@Uj@Bb@Zt@TVf@Tx@T`@TJBDCBI`A{I`@sFLoADcAHg@NsBNqALg@PiBFKLMHCLB\[v@c@x@o@HQNaAP}@t@aBb@m@dAs@\[T_@@E?@XY\q@l@{@`@eARm@f@}B?EIY?IJk@HaBNs@f@eBACFK?IF[ViE`@mDBy@DU@s@LkAn@kDLi@Vo@b@cBFQV]Vy@HKRQVe@n@{@^o@\U@mAGiAHo@Bc@?cBLuAH_@?o@Fo@R{CRkEI{DEeE?sAm@gEVqBDaALy@Di@Bg@Aa@@{@P}ALi@@[Jk@NaDJw@LeBVyAFINm@h@{Ad@_ANa@\i@TUP@\QZKZHHA|@I`@OXDDCFMJ}@?OCKYYKOmA_CIKQM_AkAAACBOUEUFe@n@{DHu@Bm@ZeCXkEXkCPgCLiAP}@B[TaA\}Bt@uCFk@M_BQmA@]Hm@h@iBv@wB`@yAj@uA`@y@Vm@pAaClAyADKbAsFh@}AtAiCt@eAPMN?b@aA^c@jBaEXa@Xy@PWXo@Ze@bAuBR[z@iBp@kALQd@iAT]l@sAfAuBz@}Af@gAh@s@FOHc@`@{@|DuHt@_Bf@w@Rk@HGb@yBJ_@nAsBPq@f@k@`BmCb@m@Ri@Ja@Lq@T_BD{BRmBNm@,2,42.4,False,66.1,GI
110,2,Afternoon Ride,1921.3,447,523,0.0,Ride,Ride,10.0,11877960247,2024-07-13T13:43:05Z,2024-07-13T14:43:05Z,(GMT+00:00) Europe/London,3600.0,,,,0,0,0,1,0,False,False,False,True,only_me,False,,"[55.96574359573424, -3.176134033128619]","[55.980306984856725, -3.1778912991285324]",4.298,7.826,,False,,,False,False,19.9,8.9,12666428230.0,12666428230,07766a51-ce9d-47aa-8191-1311e47d6bbd-activity.fit,False,0,0,False,32760347,1,a11877960247,mdrtIz~jRYQKQi@c@GAOIe@a@a@Oe@[O][_@WSc@WOQI?[YSIM@i@i@WQQGWQUG]_@GE?QKEG?MPOb@iCpDMV_@~@a@b@{@xAkBnDMXKb@?Aq@pA_AnAo@jAYd@{@`C{AlCQTi@h@oA`A}@z@MNKDAA?@OCQBaATUBi@RwAd@Q?SHg@DaA`@G@MCUNE?EGIBKL[N{@DaA_@WW]QSQM[s@cAQk@e@gA,2,43.0,False,19.2,GI
111,2,Afternoon Walk,4290.1,2626,2730,25.0,Walk,Walk,,11877861906,2024-07-13T12:43:40Z,2024-07-13T13:43:40Z,(GMT+00:00) Europe/London,3600.0,,,,0,0,0,1,0,False,False,False,True,only_me,False,,"[55.95852652564645, -3.2092459872365]","[55.965567072853446, -3.1763262301683426]",1.634,3.526,58.3,True,100.4,117.0,False,True,34.4,15.2,12666327082.0,12666327082,garmin_ping_354617712761,False,0,0,False,32760347,1,a11877861906,urptIpuqRER@j@IJSLCFUTG\A|@I??DKVK|@Oj@BPNLJBNADBAXCJWVKB@@YDWVS\o@VOZGDw@V]XSJBFO@_AGQOQY[q@GGMSAaAEk@Hg@?_@Ee@@oAIi@@a@K}@a@aBB[EaAJ{@@{@Ci@Ga@D{AMa@Gw@@o@Fc@Gm@?WCKAWFs@AcBOu@?o@J[PW?e@Ei@HoAAW@]Bi@BMBeA?cBCIE}@Pg@Je@LKBQFGBHB?J@BEM_@CMq@oAGg@CAE_@NmA@_@GsAGo@Ga@GoC?qAOILgAMc@Yk@E@GHO\a@`@Oj@MR{@t@[^U^_@PwAlAaARWRg@NIHWHc@r@s@b@k@Dk@Aa@EQ@c@SYIYM[Wa@q@Se@KKe@aAWmA_@y@AIa@eAg@}@U]W{@Wc@]y@GEYs@MQOe@m@cAOc@Nc@@KGa@EK@IF^RVVLJ@ZCHGV[HWZs@Ha@AGCKEAGYD[@]@DB?JKHY`@u@h@q@~@oBh@c@LSr@eBDa@Ng@V[d@}BPg@D[Nc@D]d@eAb@s@F_@Rc@@@PUb@}AP_@d@aAVUPYr@uAd@i@d@o@H]Vu@VWXcADGRMXu@Xc@Za@ROHQJc@LS^wAZs@BKV_@\{@H[^m@J_@b@eAFGHCBETCPKTUP]LQLu@DK?i@@SBCAIKWq@s@AAD@AMK?YYe@o@]a@wAiC[Wk@s@GGIAa@c@]g@_AkBuAiA_@UQEWU,2,,,,GI
112,2,Lunch Walk,11031.2,9735,20086,177.7,Walk,Walk,,11870900649,2024-07-12T10:08:20Z,2024-07-12T11:08:20Z,(GMT+00:00) Europe/London,3600.0,,,,0,0,0,1,0,False,False,False,True,only_me,False,,"[55.95918961800635, -3.2128237187862396]","[55.959198754280806, -3.2127095572650433]",1.133,4.953,63.9,False,,,False,False,109.9,20.5,12659114731.0,12659114731,f3cd53b0-5f10-4836-8cb1-4fcc8e804655-activity.fit,False,0,0,False,32760347,1,a11870900649,igptIxrqR|@cBBkAx@sDV{AC}@^yBSmDFaBNuBZyAbCaBdB{@l@AYCrG_Cp@u@rAe@f@o@?i@\MA_A[{AEqDe@}BAy@NB?MWCWg@FGM?B{AC}@[w@{@qJt@}@tAo@@}@cAeHZu@`A_@Rw@z@IPjBV^Xa@pH}BLa@ZN`@QVo@a@uCAcAM@\eA?aANQCYETF_Af@]h@B@UH]D`@BtCPb@@vB\hDIRVxA@vAZdBEf@JEKCT|@IpAr@vETZDd@NBh@~FIlBHrBLNUy@?u@]URoBNWUmCFGEPGU?w@K?iAmGf@dDBAWmA@m@EXKk@WNn@UiBl@L`@@e@W]b@FETSILH@^TPO|@YeDRrAA]VKA[c@OWrARb@FWRIq@NBe@QAf@MQc@@XEUTVUNKUp@t@ABFa@IQ@b@NG?}@OrAOoAJw@DdA@e@QDTl@C|@?s@c@K^GFSBZPCHZTML_AGJCa@\wB`@HV[r@AHXe@|BPdAM?Bf@Vz@HGP|@NX\VVQLVH[JMCLPDBP^y@@TKOp@UCQEANVKIk@r@@a@EZFS?VGBN_@Ud@DFIILa@ULRDPYa@d@f@i@NCBDa@Lf@S?CHIADm@RELNMGHK\AGD]HBK`@EQNQWVR?KMDPKVOSAKL?EODTDOQPRNMU}@X_@OLy@IAA`@KSMHg@wAQSGcCTyBGg@UCeBx@GuBoAqCD_@UmBNm@YyA?oB]y@@GHGEk@j@nCCnARlALpEPf@AQLIMF[iAM{DQeADw@K{@ZKw@ZJMYkDEa@EFGSHAI@Nn@Ia@DZTSIuATc@R\QAJB@AGCJ?KAJACYCb@U@Sw@DQ_@_FKMCiBSSNKCk@e@GXHYw@`@DCB?A[EHGMK@c@JCUe@LJ@[[u@@qAOK^Kg@e@f@`@SLLn@Sl@iAdA]nAMKF~@Sz@J~@DzFEr@OHJtCXz@IzBDn@`@l@Ll@GhBTl@DrB}@~@y@Am@r@_A?mBz@@r@e@lBj@`CMZ{@e@mAh@[m@s@jAs@^GvDLxBv@zHS`BqCnAW@De@i@pA_EnAYfAL`C^fDJRT|EaAx@}A^_CjBwANqBlA]rAK`BAxDJ|@pAfDnAr@Br@k@zEOTj@rA]AEeASfASF,2,,,,GI
113,2,Lunch Ride,4500.0,1080,1080,0.0,Ride,Ride,10.0,11861095593,2024-07-11T10:55:20Z,2024-07-11T11:55:20Z,(GMT+00:00) Europe/London,3600.0,,,,0,0,0,1,0,False,False,True,True,only_me,False,,[],[],4.167,0.0,,False,,,False,False,,,,,,False,0,0,False,32760347,1,a11861095593,,2,,,,GI
114,2,Morning Run,8319.4,2379,2637,34.1,Run,Run,0.0,11852852874,2024-07-10T09:46:33Z,2024-07-10T10:46:33Z,(GMT+00:00) Europe/London,3600.0,,,,0,1,0,1,0,False,False,False,False,everyone,False,,"[57.435764875262976, -5.412759566679597]","[57.43568918667734, -5.412674322724342]",3.497,4.7,,False,,,False,False,47.5,19.7,12640431538.0,12640431538,f34f68d8-d0de-4ddd-81e0-112b4b730c74-activity.fit,False,0,0,False,32760347,1,a11852852874,waq}Ide_`@c@y@W]i@iAcCaEEM?BQMAI_@e@sAwBW[kAoB_@c@_@k@GSCWC{AMoAK[i@s@KYO{@Qk@[i@Si@ESCa@GqC@k@VoBDi@OoCQ}@_AkBQm@Im@?c@k@gEa@oEw@gDa@oC_@}AG]YeAQcAG}@SiHEeC?oEGkASkAEq@[cAC]M}@_@sB}BwGMs@OyA?sC@iAEy@Ok@KKWMO]_@kBKw@g@iAI_@Ky@OwBy@mCQc@]s@m@q@Wg@eAwDO_@Sw@Mu@IoAKw@s@qCKm@e@yA{@cBYy@u@eFKc@Wq@AKYq@W_AgAiC[cAOSGOiAsDSe@{@eBsAuCW_@iBkB[a@mDwF]o@_@k@oBiDoBqCg@eAEO@WC?CEq@qAc@u@g@k@_@k@UUu@m@m@[YYMSOc@a@}@qA}Am@gAUWLLt@rApAzAh@tA\d@r@d@VHlAlAp@|@j@dAHZTb@d@lAV`@JVx@dAf@p@T`@Xn@h@v@Zl@fA|BxAtBNVBHv@nAzA`BXVTX^n@JLf@|@Xl@NTRb@l@pA|@bDx@fBzAfETZ`@lADFPt@ZxCJz@Xv@bAlB`@nA\tA?LV~@Jj@TxCJl@l@lBf@lBZp@fAtAf@hAPv@Rp@Jf@Jx@NjBF^Pf@LVRr@XjALbANXLBLFJJFb@Ad@Bx@An@BrCHdAhAtDj@`B\tAX~ATnBPb@Hr@DJR`BDn@DpCRnH?t@Bf@F`CDb@lA~F\hCx@dEl@nFT~AFzADXNj@~@lBXbBHr@B|AEj@QpACf@LrDF`@r@dBTpAHPf@v@L\Hr@DjBDVFVxAzBJRDDZj@V\vB`Dz@zAj@~@p@lAdAtARJTh@,2,,,,GI
115,2,Morning Ride,29339.4,6756,7748,291.6,Ride,Ride,,11827497783,2024-07-07T06:21:09Z,2024-07-07T07:21:09Z,(GMT+00:00) Europe/London,3600.0,,,,0,1,0,2,0,False,False,False,False,everyone,False,,"[57.52570839598775, -3.862991016358137]","[57.47827788814902, -4.223013371229172]",4.343,11.276,,False,,,False,False,175.2,14.3,12614259751.0,12614259751,accepted_tag_from_12614193959.fit,True,0,0,False,32760347,1,a11827497783,whb~IrsqVlJzEp@NhLnGbHjG|CvBzA`B|AbAf@n@ZnAvDtYBfB{@f[?tAp@tIjBjPfDhAbInA@^jK|_@pBxIrMlf@VzBp@vL?|BZpD^zIRnAv@pCjCtGENKEHERh@p@zChExGfAv@fBd@\`@L`@Al@o@vDDn@l@pBZhB_@|PUlCD~Bp@tCTpBjAtEhCxNlDrUj@lFaA|MJhGI|@}DpNyCxEaDnGO`AUpFZfFXf@fB_AhBBv@Zx@vAfAn@`Fv@hAd@z@t@bCbG`DfJtC`Gn@hEVlGXjUl@hQ?bBQxBe@xBkDlLm@pCNZhBB`@ZTlCtBbG`@rBJjABfDNjAv@dBbBlC`A|CFp@Od@aAdAuADiD|EgAnFQ`@QzBi@vCUr@w@hAwDnHuAlHiB~HGfC^pKJpHWt@aCvDoCvFoDpGUz@AzDIlA_BfEAfC\vGErBY`Bs@fBQpBJpFlBdHD`A[p@iErEA`ApE`M~AvFjA|CPN|Af@nNzGjDI`A]`@YnF\x@t@`Nte@tCnKp@`DrAlD~AxFd@~@fCzH|BhK~@jGvA|GzCvHjEdI~@hGbHvTNvAY~CPtBx@fFxA`HfBpGn@zAhBvBrGjJvBhFvBhDx@pD|CzH`JvXvDpO~@pGhAjEnBjDnAfFvC~Hh@fBrBxJjC~EM|@_BvBwDxB{ArAYr@OpDQd@i@b@m@`D@h@b@pBx@fC~MjYTn@Bx@eEnNhAjEWaAm@iAUAaCzDmFnK@nAhCfMTjEUjEWlB}@jAk@fBwCpM{@lFiBtNiAfGcBfF{DrMgN`VkChFoLpSaBvDeA~CGl@sMp`@a@r@iBjFiJfPaI|OsLz\aEnSoDpKXpAbDvCdBpE~@rA^LZx@E~AqA~H@x@vBfBvAv@xDnArBjAhD`DfAjBvBlGvD`NxBpEXDJ~@~BxCTr@@Lw@dB[lDq@hC\Zd@HQ@ANr@rAvEbGtQnXh@zA`@hFpBfIzGpMXhA?QKGJA|@bBD|@pAzA|HtPtC~DTJ?P[i@NFZ|@jCzDrCbKv@~DvAnFtK~NDf@E|BNhAdFhO_@pIq@lHH|@MtA?bAj@lEvB|IF^Cd@r@nC`AvKRrF^fDp@~BtBtCqAlGULUr@@hAYlB]rFJfM|@hOObCo@dEO\[B@j@\`@Hf@[nGBr@PF?N}D`a@UnE[fV^fOKbLXjD?xAeBvCoCvIsBlLk@bI_AzEkA~DcAvBuC~D_EtCgBjCOv@JpH,2,62.0,False,419.1,GI
116,2,Afternoon Ride,53360.6,11194,13985,369.8,Ride,Ride,,11824724549,2024-07-06T14:41:01Z,2024-07-06T15:41:01Z,(GMT+00:00) Europe/London,3600.0,,,,0,1,0,2,0,False,False,False,False,everyone,False,,"[57.650161972269416, -3.3218535874038935]","[57.52572683617473, -3.8631199300289154]",4.767,10.38,,False,,,False,False,133.0,5.1,12611362555.0,12611362555,accepted_tag_from_12611353338.fit,True,0,0,False,32760347,1,a11824724549,}}z~IdohSj@`L}AlLuB|Iw@KiA{ABt@c@F?r@Wa@K^dAbEKdAXlDHlGKxB_@rAsA|j@aArKq@rBy@bAuEvDsCbLuEzJcMzRgEnDsEtFwCjJeDhEG|@XtEpCp^b@pGCtA}H`RgTvm@cBhDaLbNyBtEaGvJD|ArEpR^vDBzCo@~NSl\oBtF_InPeIvf@zDlLhKvWxKd[rSpi@rOvk@lVvx@jRzcAxIxQb@|AlAbN|Czw@cHzz@`Dh\~Jl}@TbKMle@fDbO`GnOhD`HjBxFrB`VfDfTj@xA~GxG`BfF\lDE~BqAtGU|D`DfCjC`@xE_CxHl@pIaArBy@bKkJtGqEfB@`Ap`@dRjpA~SxiAiHbSmNxq@u@zBqL`LoBdFoBjHH~@~@nBx@dDh@dENxDhCcB^}@KqAHhBUf@uChBIlEZjEhIxUZpFj@vDpXrzAN`DOpFyDr_@HbDh@fDjA~EfCzGbD`DjI`S`Cn@p@r@`GpMbBzEh@vIv@jC`CxBvBMvFhAdT|f@l@RzBmCrASzA_EfLjCgAzJaC|XaEjNeEbI~@xAbEbMtCzDxCrPfGlQlAnBoBrFyAvBUfCcA`CAzDo@tFuGz{@SBiDaFeAu@gBAsFl@qGqFwB}@oA{AkI_Go@LcF`DoJlBaFLa@d@rE~QrAbJxRtf@A`BuHnm@EzCtIbKbNfNzMjSjCbFtDpP|BxEnW~JPt@v@~N^zAv@nAbQ`JfEnCfLSbBv@jFnHp[pb@dK~YxFlT~@hMLxGcNhU_OhXcJjNe^jn@Xl[pGfn@\~Fa@rHCxKyEjTa@lFKzGf@tEw@|FD~MbJhgA|Iry@xA|W~GveBf@pEdExU|BzDfF`Lp@bGn@dSdFpVbCtg@jCjb@d@fUdDt`@rDxXT|Kh@bHfBjJzFnK`Nb]f@tBrAvKtDn]j@~FDrC[TuCzG_A|G^bAp@h@]v@pA~CEtAj@Jx@xClBjEnEpI|BpDrAfACT{DiF_@@iBkFiEyIcAeEHkAdBcH?fBdEbA`A}@t@PlBmAbHoBxDoDj@{AVoDStAaB_PLa@rCm@hEv@lOhLdSpLfBjDbHnRtG`AdCGrEqIr@c@vD`B~Cn@|b@jCjDdBfByAb@wArAiBzDaB`Ed@xAhD`BHpDgCfD_AbDoEPF\xARBpBcZf@}Eb@mARwD`@w@lBKlAiBzB^BbElBtDnAtAbUlF~DdC|CbEbFfNjCzCv@B~CmA`HBjBvAxCxDpDeAbBmChKwAnPyI|@_AvC{HrAmAZ@MSbObC,2,64.4,False,720.3,GI
117,2,Buckie to elgin PT 1,14400.0,3000,3000,0.0,Ride,Ride,10.0,11822030123,2024-07-06T13:45:18Z,2024-07-06T14:45:18Z,(GMT+00:00) Europe/London,3600.0,,,,0,0,0,1,0,False,False,True,True,only_me,False,,[],[],4.8,0.0,,False,,,False,False,,,,,,False,0,0,False,32760347,1,a11822030123,,2,,,,GI
118,2,Distillery to Elgin,5100.0,1092,1092,0.0,Ride,Ride,10.0,11837428985,2024-07-06T12:00:32Z,2024-07-06T13:00:32Z,(GMT+00:00) Europe/London,3600.0,,,,0,0,0,1,0,False,False,True,True,only_me,False,,[],[],4.67,0.0,,False,,,False,False,,,,,,False,0,0,False,32760347,1,a11837428985,,2,,,,GI
119,2,Morning Ride,18086.6,3583,3674,137.2,Ride,Ride,,11822016212,2024-07-06T08:50:24Z,2024-07-06T09:50:24Z,(GMT+00:00) Europe/London,3600.0,,,,0,1,0,2,0,False,False,False,False,everyone,False,,"[57.662745555862784, -3.1050853338092566]","[57.61114429682493, -3.2916435319930315]",5.048,11.42,,False,,,False,False,52.6,7.9,12608562962.0,12608562962,accepted_tag_from_12608113142.fit,True,0,0,False,32760347,1,a11822016212,yf}~Inz}QLzARvGd@|H?`@p@xHE`@Yb@E|@On@?RLpAb@~CPpBP~B?nAGJIG}EaK_DmCeAeAYa@]y@w@kCq@yAg@iCQCcArD_AjCWtASrKBjAOnDC~CQbDk@jPg@vIe@zEu@rNA~@e@pFQvDHzIAdCTt]CtGFvB`A~QTjF@vEVdK?`GOdOW~Jc@lLaA`SYnHQfBEvCA|CF~E\nJBnB@fBOdMA|CD|AZvD`BdNPx@rAhDjBdE`DlGtArDzBxEf@`BTvAf@nE`@bCbBlJj@rDFt@hA|GJ|@nC~PZbCl@jDf@zDTjAzAlJf@xEd@pHPdB^pGpAnKvBfOd@rCTlFJ~@`@jHlB`a@FbC^`Ff@rLlBxXPzAZxA~CnLh@lDJnEMjCS|B@`BF~@d@~CZjBXjADv@?|A[bEg@nCUz@g@bAIh@J^h@l@lAjB`A|Bf@jBFh@Tr@LbAPn@t@zA~ArEv@tEb@~A\v@pBfDn@xA^nAv@nBrArB`A`A|BnChGpIvBhCnAlBR|@NlEz@tKHt@JZDfBLhAR|@f@jAb@nAH\VpCp@tE?NRxAJ^EZPv@j@bFFhAd@zDLnBXnBL|Ab@vCb@dEXtAl@xFl@tD^~@fA~A`AhAhDbDPXdD|Cf@NKHCJa@U[nAQVy@i@K?m@p@_@j@CN?|ACd@MLe@NWd@WdDId@WxDEfBS~DMvGKbAKROv@_@hCI`A?`BHtBC\Q~AGT?h@WtAYxC]zAi@~AiBpE_AdFgA`D[^kAZeBx@o@`Ag@lAMnAOz@MxBDXXHp@Uz@iA`AaCVSF@Rj@b@d@@HG@JGDJGAEULACHBL`@d@l@rALNXFb@A\ZVd@Nh@RpAT|@RVNl@pAlC|BbE|ApBj@bAnCvB|@jAbBrAX\nD`DPT|@pBZR`@`BXlBb@hAb@fBDn@?vAP^@VGPCz@JlARn@Z^XBj@CJVRbB`@p@h@NHGl@wAfAwBxBk@zB@jHq@NMRANXPvAPb@lA`@V[JDHNLp@Bp@`@zAAn@BPIFBJj@tAv@hCjClQ`@zDVdAz@pGDtH?ZQfABFJFvA_AlBs@pEsB`C{@rCuAlAc@d@_@tBeAbKgEd@IVYVJvCgAfF{ApAk@nCcBtGaF`DiCnBgAbA]r@QlDa@zKg@n@@nATp@K`DPhCc@fAg@d@_@,2,70.3,False,251.9,GI
120,2,Lunch Ride,43088.7,9600,12402,474.4,Ride,Ride,,11815449462,2024-07-05T11:48:19Z,2024-07-05T12:48:19Z,(GMT+00:00) Europe/London,3600.0,,,,0,0,0,2,0,False,False,False,False,everyone,False,,"[57.5374863948673, -2.462903307750821]","[57.69052184186876, -2.822533557191491]",4.488,10.914,,False,,,False,False,88.6,4.1,12601764495.0,12601764495,accepted_tag_from_12601383762.fit,True,0,0,False,32760347,1,a11815449462,sbe~Ihy`NRpBBfDSpFyAtCuJdJyAhCq@nDsAnUg@pAoFnGgI|FkRlPsF`IeCpF{DrDkItKwGdFaJ|FoGfAcPjJ}LtB{BXyAUkAy@uCgEiBMs@t@eFvLoBzCw@n@eB`@qA~BqDnCoAzBcBbBmDpCoDhBqBjBeH`EaHhHmAp@eBWYf@TxBM~@}@nAwAv@}LrAoPjHcJoEmE_HoA{@u@CmLtGi@o@cAmEm@SoYtTk@v@yBfHeEpC_EtEkHpCuNVsDiBsEpBeItBmOhAwHqCcGwD{@LiAdBkASoAoAyBByAu@uCxAuBZkA_AuEkJaDyCgEkAwDjCeDsAQi@CqDWo@uQqMi@y@UyCMwVcCgMoBcIoCaCkUuLuC{D}@kBSoBYub@QmAgVcCObAKvFa@tCoDzFwBvEcEdF_K~GyDzFkBfF_HhU}E`KwBzIaBrJqC`LqHbMe@w@i@{DaAkCkCoCsIoCeLm@iBi@qt@{e@mJwOyAyAk@Ne@hDGhEb@~TT`HhAbIp@tBtCvFpB~Hh@jEI|FyA`J{@bCsAnAuFOyDbAyCGGlAZhMwC|@qBlBwAnCQCw@sA]t@gBhLiAxL}GpAwCtFeBr@sEdEiDlBeBlEF|@t@h@l@fKjBbKf@~E^rG]|LJ`FSvGb@jCzB|WSrGq@tCeA~THzO[fGHr@d@dAd@pDJ`FgC{@_BdAoFb[Vv@g@jDgClE}DhVqB|DyEnMoFdF_DKaDaAeFn@}@r@wElIaADc@^[`BTfG[pCa@jC]xGPzCv@vC~AzBjDfDnBjFzB~D^jBnBpB~AzNS|EeApDTnHw@xIAdCfAvKjA`IlCxMlBjDrBjBtMbFtAP|K}@t@zpAyNjmCaBpk@iHdXyCrHoBzLgEdPC`Fe@fDf@|DEtCnBtGv@rBWtGk@lG?~Ki@fP{@hMwK~q@WtCfAzRhEtZ@tAqBdPB`Ek@p@b@rCGbB{@fAUrAw@bAwA`Eo@lGHt@pDHZ^oCzCeAh@@dCk@hC~Kp_@vLn_@dB~H|@`JT`IK~Iu@tNHfAdK|MNjB~@hEFbGVjAfUnStCpDxGtKjH|QzKz\hIpe@dAnEDjAcAlKSlHeCfCThDgEt_AyCzTc@RcJq@g@T{@~AcBtEsB~Lg@~A}C|HaElIqBnHuA^Yh@mAb`@i@jJk@l@qIjBqEbFzCde@uC|VEzBP`ChBdId@rDh@vc@iAjKqCtHm@zJ_CzHc@lGaApCBtAbArGFrDMtBg@f@mo@pK_EFk@bAqAjMg@vAkF~AkA}@}EnCcEhC{BhG,2,56.5,False,542.1,GI
121,2,Morning Ride,11100.0,2561,2561,0.0,Ride,Ride,10.0,12008250570,2024-07-05T08:52:16Z,2024-07-05T09:52:16Z,(GMT+00:00) Europe/London,3600.0,,,,0,0,0,1,0,False,False,True,True,only_me,False,,[],[],4.334,0.0,,False,,,False,False,,,,,,False,0,0,False,32760347,1,a12008250570,,2,,,,GI
122,2,Morning Ride,28492.1,6234,9377,313.1,Ride,Ride,,11813316035,2024-07-05T08:13:23Z,2024-07-05T09:13:23Z,(GMT+00:00) Europe/London,3600.0,,,,0,0,0,2,0,False,False,False,False,everyone,False,,"[57.47704264707863, -2.128779189661145]","[57.53742998465896, -2.462326716631651]",4.57,10.372,,False,,,False,False,188.8,53.5,12599559880.0,12599559880,accepted_tag_from_12599519543.fit,True,0,0,False,32760347,1,a11813316035,qmy}Izh_LyC`DyDfDiD|CoAr@}CjAyDbAmB\cELaRgAcEKmE^eBZuBn@iFxCqBfBsCxCgG|HmAjA}ApAiDvBkCdAiCn@wEb@yDE{@IwMwCsBUsBA_BFuAPcGpAgFtAwFfAcBPoACiDk@wCaBoBaBgDqE}@{AsDeI{FaLkEeJoIyQgC_F}@cCyA}Cm@w@Mk@SQi@eAuCoEILKHy@Bw@UVGZ`AZbDFnACZWbAGb@B@u@vCw@fEwAjGOjAmAjGuCbNUpAwA~Gq@~B[|AmHnj@UrA[l@a@\wMpGk@h@_@`AwDrMsCfJa@~AgBlF}CvKo@jCQnBMnGg@nPSfDuCx^m@pH[rCGbABr@Ib@{A`UuBvUo@`MYpDUvBc@nCcAxEy@nF}@vGs@zGQ|@e@jA]l@_CfG[j@KF]E}ByBq@_@WLSZSd@Mt@GxDc@zFOxCAxAJ~EClDQzCe@pDOrBWjRuE~h@o@pKO~Dk@pSg@vT_B|XM~HCbTZxEjAlLDdBIhAc@~C_AxNg@pEUzCs@nQOrOKhD@|MPzPc@pVCph@BdCHrBh@pH`@|CLfBJdC@hEDjA`AzKvBjRJ|A?dAIdCyAvSi@pMKjA_@xA_H~S[jAIj@QdFAnBy@fQ{Ave@@|@R~@tE`MVr@F\tH|}@\bDz@rKbArLPhAcCtSsApJK~AQjAk@xDeCzJ[lCEjBHdDPbCh@bEp@zH`@`Df@jFl@nFXtDvAlNZjDrBhR?\EVKJq@TiG|Cg@f@Gd@TpC?r@k@dMMhAQd@WXg@TuJrBsAt@MXE\d@tGpA~JvC`XJlBBxCJ`AbA`Fv@hEJ`AX|KYzJFxAXfB`@bB~CrLvDzMp@pE?\d@~FXdBr@bBJ`@`JlTvAzCn@t@~D~BnD`CdGnGv@bAl@vAfFvOh@fCfAdHb@bFx@tG`@dH@jCOnDLxHGtGJbEb@vHJfA\vBfB|Jv@hHJf@j@dBCVGLiB|AaAn@gB^SZ?d@|AlYA^GXMJgAZWRsBdG]h@[Ck@s@_@W_@AuGxBSVIj@@r@r@lIxBzQ\lEz@dOd@bDp@rDl@nFFtC?dFBv@P~@h@pALn@Db@BtEAhHEtBk@hGaDnVa@jE}Ah[w@tRLxK@vHI|GIpKg@bIAr@y@fHk@hJUhGUlD]vCOrBAt@{@rHy@xBOp@Z|G?l@ITKJ}@VILBRAr@d@|Il@vJN`BA`B,2,58.2,False,362.5,GI
123,2,Afternoon Ride,46361.9,10159,13716,313.0,Ride,Ride,,11813314885,2024-07-04T13:33:49Z,2024-07-04T14:33:49Z,(GMT+00:00) Europe/London,3600.0,,,,0,0,0,2,0,False,False,False,False,everyone,False,,"[57.14789813384414, -2.0960910245776176]","[57.47655934654176, -2.128833085298538]",4.564,8.74,,False,,,False,False,134.7,17.3,12599558560.0,12599558560,accepted_tag_from_12599507691.fit,True,0,0,False,32760347,1,a11813314885,m~x{IdvxKeIfFaJ`CkBfA_@z@s@jEWKKgC[k@iBbAPuAGcB]_AmDsBk@dAgAr@uFk@kHnAkFtBaGfE}G|BiHn@sOt@{P~E]^wAtMQzD{ClMiBjDiFrQKlAe@b@{D|I{FbKSx@vAhRrCfSlDdKd@lC^nF|@NHhAWfNs@rBoAbKiA~DoB|Xw@`Bi@rBq@`@mDi@qAZsCKYp@q@xEI|DpBpBXlB@xCzArFnAoAjBFv@[t@vAPbCGlBgATqAdBlBxEn@hFYxAIxCWdAe@p@Kz@p@pDSrCqE`X_A|BwFlJu@rB_BfQoA~EqB~BgBr@wDfESj[n@xIGvAk@nCQfCi@n@_ClAiAvA_EbKuB~DeCdDkDbCmAzAcGMcMcAM{@^cCKo@{@KsEqC?aJKk@e@Og@X}AbC{Br@u@tCk@h@y@XuAKsAr@}Aa@w@n@_BiKGgB}@iA}Am@mBoCuE_F_FHa@aA]SqB`@{Bi@_Ab@_Ek@mEFiBmBmE[mCoAmKmCw@Cm@ZiClCoEpHqBvEuBhI}E`IaCrGWfA?fA|BxDyGjViBnF]hCkA~DcA~@uGOsAa@CaB_@IkAvAh@lAE~C}AoBmDcBiSqRaIePiE}KuCqEqCmDeF{EqCoBiBk@cFaA{HJkWhG}x@dNeNnBiGGsH{BwYgM_FuCeKwHqP}S}CeDwDwBwE{@sFXeFzBcEfEkC`FiBjF_BtHsFpc@uC|JcExHuFxEmEbBsGD_H{BsB}AyBeCaDeFmBcEqC_IoBcHoD{TkC_KsCeHuAiCwB{CuC{C{FwDuFsAmEOeP|@wGa@mFwAqFuCaUcPuOaPoGmEucAi^}DmCyEkFkGwKyFaLqFyGaCkB{DoBkNkGg@Cw@q@_IoD}HmGwEeGeqAcqBaCqEwBqFaHqViBeFyBwE}D_GcFwEeGqCuHw@cJn@mEWmEgB{EqEiCuE_BeE_Jy`@sDyLgOgZy@wBc@i@Gg@wRc_@kHoLeCwCoCuBo@cAk@l@}@_A}E_BcG]gIz@iFbB{HjGiLvLgGpHyBvD}CjHoHhWkBnFeDzGgDtE}NdMkI`Gow@za@ShAgBt@aNpP_ObKyDlBaFn@iGs@}EqCmIcK}EyDaHeCeGY_Ef@mE~BiKxCgQH_MbBuIlDcDzBwVrMuFbAiI@aEk@eHkCiDyBuIcIkIcGuP}KcFuBwFq@kG`@wEbBkJ|FyDt@gDC{GuBkDyCcEeF}CqBT@HFcFiB}FQaF|Am]hQ{StDgDrAqGhE{AxAk@xCYh@wBA_Ar@{m@|v@_IbL,2,51.8,False,526.4,GI
124,2,Evening Ride,9243.4,1913,3439,39.5,Ride,Ride,10.0,11801014182,2024-07-03T17:56:58Z,2024-07-03T18:56:58Z,(GMT+00:00) Europe/London,3600.0,,,,8,0,0,1,0,False,False,False,True,only_me,False,,"[55.959124490618706, -3.21227353066206]","[55.95913203433156, -3.213035026565194]",4.832,12.338,,False,,,False,False,50.8,19.0,12586850668.0,12586850668,b1fa4895-5754-48f7-8552-b339549d859a-activity.fit,False,6,0,False,32760347,1,a11801014182,inptIjnqROOMS]WcAeAg@wAI_@OyAEo@UmBAe@Ew@u@{JCw@Gu@[sBCw@KaAKkBGa@Gu@a@eBcAiG?MBWXU|@_@Da@AmAPcABa@Ea@]{AGk@EKOK[A]J}@f@^Q{GnECUQNe@PkB|BoB|AqAt@u@ZOLm@PcAp@k@RYDEFWLc@DIFg@CGDGJSJGFQFIAKBUHUPUDGFYDIAU[I@]\SFi@XYZOBK?ICK@EHa@LMJc@PM@k@XWDUHQ@W\QB[Jo@Xa@Fu@ZIAKB_Ad@QAmAl@}@R{@JF@GJsAZSLYD[?e@PuA\YLE?EGG?OHg@FSJCJ@NpApFTjAXrBBNFHHt@FLZrAN|@BxACVF\Nn@j@fGJzB@b@Ct@PhABt@A`@DTHlB?x@BNAt@DjA@|@LdAJfBN`BE`@JnABjAIn@@XVvGAP?x@BpABXDp@DP@~BFp@@b@HtABt@HrAF\?L@LAZFbA@^@L@n@Bf@AbBf@tFDpAb@lG@`CFZH~AAd@Br@DLFhAFvDHnADRNxAEr@?v@H`ANnAXvIH^@h@Ff@@jB@b@F`@Dl@TfBDp@?b@DjA\xE^xBjArF^~@b@|@Rj@f@z@Z^V`@XXf@n@hAn@XT\b@ZLRF^Nx@T`@FRJt@LNHH@TF^PRLzBnBXPb@b@|Ax@d@d@RJHB^BTE^QRAj@n@d@`@v@d@PPh@Xd@f@NVZ`@RPv@|@RPRFJHHBbAz@FJHVJHHPP?h@H~Al@b@Bt@Pz@XJAHEV@`@NVCZJZ@XG\@HETCHGBa@DOBc@He@IYAQPs@Ey@Lk@?gAEQSUSa@k@e@KsAS_AM]CsAGEWFIAEDMMHe@@EDA@AA@KACPMM?IVo@I`@GDENAGHNEb@?N?CF@JCn@FXCR?DBRA^L@Ah@LNPLZJbADHBBJAJKAAFDJEFD@Am@G@DB?BJT?^SXIf@g@f@EXIF?NN^jAT`@NFD@JKDG@OMmCGkBMuJGsA]oDMs@Q{AYmF[yBWsCUsEWgCG]C_AW{BGgA]oDCg@u@yECa@a@gDWuCCqAO_@Ig@YoDE{AUcDOcAOqDM}@EiAKaAIgAScBKaC]{DAU@E@DAYMgA@_BJuABkATcCA}@PoCVoG,2,68.2,False,130.5,GI
125,2,Afternoon Walk,5901.5,4051,5393,79.5,Walk,Walk,,11798736669,2024-07-03T12:49:32Z,2024-07-03T13:49:32Z,(GMT+00:00) Europe/London,3600.0,,,,0,0,0,1,0,False,False,False,True,only_me,False,,"[55.959179727360606, -3.2128290832042694]","[55.95932548865676, -3.2124547474086285]",1.457,3.87,66.3,False,,,False,False,78.0,20.5,12584513871.0,12584513871,71b3864a-ea09-48e8-9a7d-dbe37fa1ab99-activity.fit,False,0,0,False,32760347,1,a11798736669,yfptIbsqRDCJYNQJEDo@HUJDCKPgACCB[@ACo@Nk@A_@N{@JSDsAHa@A_@FYJS@u@Ee@AaBCU@i@D]H_@DuAH]Am@HQTSN@LSRMP?XQJOJ@RINFPSh@E@GTEFQDEFDHGLAFIF@HK^UFADD^e@`@GACDADHHGBBLC@SJQ^DNUXKDIXGJK@KLKHH?FA@BFH?@DE@DG@@?E?JAM@LE_APe@RMb@A@D?NPLXQFKLIAUQc@G[OuAAc@SgBGQIs@KkAA]QmBBUD@@MBG?IDGD[GEYHGGi@gFI_AAq@G[W_CB??KG_@@OLM`@OIa@@g@Dc@@YSkCIg@Gm@QWEAMQGCEYGCQL]HgAr@_@A[BE_@BSEMM_AOe@Cc@IAAG@YLe@@WFMCQABCENRCAAD@ESKIF@NJB@FPYUV@EABEGFFEDFVD`@FP@ZHn@Cf@Tv@Db@AVH?`@]n@KTOx@UfAg@FIEA\AXOTCXSXEJIDOHIVIBKI]JG?EKi@UYI[Ce@B]VAVJ\MRBDC@M@?j@FEEHE@ILGACBGe@}@?GB[H@NJPTPABPHH@IDC?[BEFBVM@EAEFG?GFG?IL?BCC?@ED@CGDAFa@F?BGVIJRLhBBBFd@@?Fr@HZBp@Gh@FRDv@FPF\@TAHq@N?HMAc@RUDYPYHMNq@\GEg@XYFCCOTA|@C\CB@N?^Hf@Eh@WF}@d@Y@GDGAAD_@CELMJCACMODOR@TQb@MRQPM@GEg@FKPANKD[KU?ADGDMX]ISTUHo@d@?VAKHNAh@IBEFEAIJATNbB@^D`@DHBf@ATFb@?RHF@LBFD`@FD?NB@AhA?TBDARs@H]^SJAEKFa@f@OC@B@IOFSXSL]C?DGEAIBB?ECICDB@IBWEADIAEL_@XKLOZMLU@]PI?a@ZMDMBAE@QGC@C@D@A?FDMIFS@IJG\WXWPWJGAk@\QDCFG@CHKFEHDXITYLYDECUH]\cAl@[Za@Hm@d@_@JUR@h@ALCD?XL~AFHFxA?v@NlAJrAHl@@f@Lp@@VH`AVdCB|@JlAN\Jh@N`@rAfA\j@LJD?RJ@OFCF[LOGTL]@IAEGBIXE?B@E\CHC?D?CBDAAABACH@IGT@AEDJWEBDCACAD?FGAFIGY@p@FAAHBBDOFN@CADBAIA?BB??F,2,,,,GI
126,2,Evening Ride,9453.1,2015,2038,39.0,Ride,Ride,10.0,11793422294,2024-07-02T19:52:51Z,2024-07-02T20:52:51Z,(GMT+00:00) Europe/London,3600.0,,,,0,0,0,1,0,False,False,False,True,only_me,False,,"[55.955115258693695, -3.110893154516816]","[55.95919154584408, -3.212645770981908]",4.691,8.714,,False,,,False,False,25.1,6.5,12579026642.0,12579026642,84f1bc3d-7c32-4024-a0fd-137e4bae503f-activity.fit,False,0,0,False,32760347,1,a11793422294,_{otIp~~QiCnIUvAErCIbAQjAe@nAe@z@s@`A{@xAg@p@u@zAe@nAm@|B{@hBM\kFtK}CxFYp@k@jAU^a@|@sAfCo@xAuAlC]f@]~@U`@u@~AwAtC_CrDm@x@QLy@`AiBnDITW~@g@~CMh@IPw@`AgAdB}@dBw@pBg@|A}@~BWv@Kb@Kp@Ad@V~BDd@?ZANUr@oBzJS|BE~@MfAe@~GOfAq@jGYfBBBGFHXX`@d@b@b@h@t@v@\t@h@~@DP@JWnAEDqBJ}@GG?s@^c@\]j@Sp@W`@GBEAKZS\c@jBKfA?n@EJOpBK`Ce@dCUhDOdDa@tDFj@^tBAl@JzEFjGWdFU~C@d@M|@EfA?p@Mf@Cd@FpAEnA@TF\?JEHQLY\kA`BCJ]f@GPX|CtAlKf@hFF`@AZLd@RhAn@`Fd@jCd@j@r@lA\`@BF?NEZUpAITA^@BIRQ~AIXa@z@SPQ`@OVKZQRKXg@h@Sj@q@pAk@rAYf@[f@a@\[h@]^IBFD@DQ\KHMd@IN@A?@@CAAAE@@GFANIPWXSLQ^SZCNUj@Oj@k@pAsAhCe@h@c@\gAbAQLKAEEKFKEU{@O[GWGg@Oi@Km@KcBHE@@JXDTFLJJL^d@`CJ^NhA?KFF~@fBf@l@Rt@Pd@Pl@@h@Ll@d@`BVj@Lx@Z|@Dd@h@nCNtA?b@FZ@b@JfAf@bD`@tDJnBf@dCXlBJT@ZJx@P`AT|@PhALb@x@tB~@nALf@Hp@Rh@xAhCrCfGfBxCd@fAZf@L`@^r@^j@Vn@@XNd@Vb@L\\l@`@f@Rl@RRX`@Hn@`@pAXt@T`@N^^j@RTd@`@TLHPx@Zd@DHCT@^El@Un@g@\S\Oj@a@b@Kf@Sn@OpAgAR]JKZSZc@d@e@TMHKt@g@~HaENE^HBFFh@ZdAHh@Iz@Ox@@`BETSD_@^KBEDGT?ZDt@\hBZtBTbAb@hDVlDL`AHlBb@dGh@zFTnBNlBLj@b@|A~@r@jApA\XV\,2,57.5,False,116.0,GI
127,2,Afternoon Ride,9105.7,1556,1594,23.5,Ride,Ride,10.0,11791343666,2024-07-02T16:00:55Z,2024-07-02T17:00:55Z,(GMT+00:00) Europe/London,3600.0,,,,6,0,0,1,0,False,False,False,True,only_me,False,,"[55.959034049883485, -3.2113659381866455]","[55.954557694494724, -3.1099131423979998]",5.852,9.97,,False,,,False,False,25.1,6.5,12576904381.0,12576904381,4a7980b1-d336-4026-9ab0-479ddbd15144-activity.fit,False,6,0,False,32760347,1,a11791343666,cqptI~jqRm@s@GM]kAgAaMI{ASqBYkDOgAIiAEW@CQkBGkAGg@_@iBkAqHF_@DKj@YDOHGHCHIDKAoAVaB?m@Su@O[Kw@EGUCGBWBmCJtAGmGfE_@XGHQFa@f@q@r@[TQ^OLKB[V_@HQHQNSHMPI?[NKAo@NIPa@VM?WHUV]XUJ]HMCQBUEQIM?WG_@]OW_@SIAGGEIBISo@Ou@KIWw@OQs@mBKKS[Wq@MMc@cAg@}@Me@q@sAKI_@w@Oa@e@{@o@{BW[s@kA]a@Wa@iBkDeAgBOe@g@aAAc@I_@Uc@WYIEGKI]O_@g@iBg@mAc@gBIe@IcABUOy@ISKe@AYU_BEk@Kg@QeBESGOEi@Ke@]cCCm@Oi@IsAOcAGoAGk@YgASiAYoAi@_BSiAQ_@K]e@qBQg@eAsBa@gAC]?YG}@QAK_@GIGWQ]WoACAEKCSCkA@u@CMM_@I}@c@kCAc@MaAAq@@[HWDkAJe@Fi@X_ALO^_AX_@HC@OHCDIZKXUPQVSFIBMZQJUJK^s@Xc@j@wATkBH]CMSKFiAHIDKJ{@Pm@Fe@VgAVuBHuAXiC\wFTaBLe@V_BhAmD`@q@Na@RQPQp@cAZg@J_@NWBMPGBYCk@Fs@IcANy@@WAM\wC@OAa@?o@HgBL}ALmCCeBGa@C}@?wADoAIkA@{@Cc@KWOo@UwAT{Ap@wJHu@J_@Jw@JuBNeA@}@DIFm@Pk@RqARo@@UH_@`AcBRKf@u@LWNQFAFMRQf@KVJTA^M|@IRkAAWCIIGqA{BUYIO}@}@UYMu@HcAJo@Hs@TqAXoBNmBHk@t@oKHu@dA_G`@kBN_@TkA?c@Em@IcAMm@?MDg@ViAhAuDVk@z@gC`@eAlAyBx@sA\]P[j@cDV_APi@l@sAzAsCdAoA|A_CrB}Dt@aBhAuBnCwF`AwA^}@JKZk@bA_ClCgFRk@f@{@Vo@b@y@\}@|AwCb@aAZa@Xm@FEPk@ZgBf@mABMR_@HIf@gA\g@R_@dA{ARUZc@P]Na@ZeBNeBFyA`@oC\sATa@Pw@^}@H_@@a@@InA{CPs@,2,70.0,False,108.9,GI
128,2,Evening Run,8415.6,2770,4066,48.8,Run,Run,0.0,11784396064,2024-07-01T17:37:31Z,2024-07-01T18:37:31Z,(GMT+00:00) Europe/London,3600.0,,,,20,1,0,1,0,False,False,False,False,everyone,False,,"[55.95915198326111, -3.2124274224042892]","[55.958600118756294, -3.2259800378233194]",3.038,9.068,73.1,False,,,False,False,46.0,8.7,12569741283.0,12569741283,f66cea77-6be6-4ee3-b143-e1a641311d24-activity.fit,False,2,0,False,32760347,1,a11784396064,ymptI|nqRWQS_@UMYe@WSi@k@YcA[qCCEAKAa@S}Bc@}DI{BQoAWgCBYKqA@g@IWEEScBIaBUkCMq@AUIa@Gk@QWDEEm@KY@[\OJMDKDc@Ng@D}@PaA?a@Gk@SaAKoAEGKEiAVSRCREAKDK]QYSWOGUCG@c@h@aBxBOLUJA?]VKTiAbAKTE@UV]f@_@`@IBo@`@ORQLQDULUT{@^GHIBq@LaAd@_@FMJI@GDMNK@KDMROFEFi@N_@X}@T]AMLWF[PW@OECHGF_APk@RWDMHo@L[TUDOLMDIFa@HUJw@?MBGAKHKAMDm@\]?QNe@HQVMDKHUDCLCIOCQDKJ}@\G@QIQLEJSTWLIHOBKEG?WV[JQBMFQBYRuAb@eAHOF_@A_@PI@KNO@QJY?SDSLUTa@LO?SZa@YOW[[m@_@q@TyBfDQHQPINQLQTKME?IHG@KCQFS\Q@YLE?IJGCO@GDO?]Ka@NS?KBIGE@a@r@SVi@vAQRELQLm@rBCFKDON]`ACP@\AJYtBWbGKpAKdAGpDAHS@ERUrIO|G?t@NtB`@lBTlBJrATxBBp@BBAXKFCFGAQMOg@dAz@BJPfBDt@@rBCp@G`@Ex@MnAGj@]|AGp@a@dDGn@YnAUpAKlAQbACd@O~@EB@HO@ELBLLLZBLCn@VD@HGVd@@HA~@BRNZDb@R\`@Bh@KXAj@KXi@V{@LUNEFIRE^F`@KHEFIF@HAdAQJ@NHJADEbAYXEl@Wh@IVKjAS`@Mf@UVFRG|@Cb@BPFXTR`@JJZlAHhANt@L\JRV^\ZRVTTx@|@RLRRLl@d@zAPlAV`EHl@VpF?\Hl@NzCVpGAPL~BNfEFx@PlFJxA?r@HnBBRPj@TxD@HD@NAd@QLIVEh@UJIJ?DHN[PKNGNILAJEHKPGVKZIPKVEJM\IV@VQVMNM^Ux@Qh@]XYRg@FuAHSKW?BDBV@D@Bb@LTJCBCFTNRD?nAmAhAu@VMBGHC\YZO\a@l@Ud@WZ[nAu@NQVMh@e@LGFA\WJMj@WNS\S`Aw@NEHGJATW\MVUDATQFA^SHA`@c@FANSDA`@a@TIR?\GNy@@HBEJ?FGBGC@BKNMd@aAf@o@Pe@NUL[VGPOVo@R[DADQNS@GMc@CSAe@NIFDFbAPQ\g@JUPSz@{ARWXYLUZSZGDEh@cANSHQLIJKLY,2,,,,GI
129,2,Run swim run,21244.9,6357,7050,111.4,Run,Run,0.0,11776499313,2024-06-30T14:17:08Z,2024-06-30T15:17:08Z,(GMT+00:00) Europe/London,3600.0,,,,26,0,0,1,0,False,False,False,False,everyone,False,,"[55.9592061303556, -3.212770326063037]","[55.9612141828984, -3.214494064450264]",3.342,18.595,72.9,False,,,False,False,58.8,10.2,12561583401.0,12561583401,22f651dc-a8fd-43cb-ae00-196710dce176-activity.fit,False,10,0,False,32760347,1,a11776499313,elptIxpqRe@i@FUeD_D_@aBi@{EoBeW@{@u@oF{A{HhAsAF{BXaCEg@a@aAOiAoATeAa@s@Nz@@iHfF{@rAuBlB}DbCeL~DyJtDyHdB{NnFgEn@aAr@{DpAk@g@o@yBsCrFcG~BeCd@}BrBaBrEu@x@aAtDm@xLm@dZRdCh@dCt@fIAj@QAeAoDo@gASYGNpAlA`AnDRA@q@uAqMKgDLgKPqANwEIyAf@gDr@eOAb@Ra@bAWBeC^q@~ByBpAQXk@rCgAtDaA@n@^RjCkB|@mAzABjBw@x@`C|@|Ah@hBNzAj@xAL~@EpAb@hCG`A\`A?lD|@lFJ|DBnGTp@EtJh@zBGrAf@`G?xFZ`CMpDJnCRp@DhAAbCX~AP~H\jBEhBRfCB|E^lDZbBBxHIn@j@fED|D^~BF~E\pDDtG`AzG`BvGn@r@RhAbDjD~Az@Vd@jJ~C`DpCjDxBnBItCvCd@FhCrCj@dA|B`ALf@jEtA`BZpDZrEWvAq@l@F`A_@De@rCo@bC{BXo@jAq@fFaIj@kBx@mAv@oCp@oA`BwGd@k@PkA`@_AVKdAeCj@[|@aCzAmAf@cAbBsAb@GvCyBlCaA`DWYCs@^}AkCwBmBgD_HcAiEOqB^eAn@o@BsAl@cFLYXeG_@yFGwBk@qDYc@Mu@i@eAoAg@uAPy@SSx@y@T{Am@s@J_DeBA_C\_CdA[dAiBXqBFyCG]SAh@RTo@YiDu@qBeA}@q@Q]sC^kDSwADmDu@yBgFwCgCs@q@o@{@G_B}@e@aA{@a@Uw@k@[HWOU{DwE_@Ks@~@?i@mD{@qBj@oAjB_AbGBRz@LEd@yGxFk@ZQKmBkEE{I]kGD_BS_BLwAM@Ea@DoAOaB@eHkAcDe@C{CmHw@lArBfIbAfHlBxb@R`AS|@iAzAqClBsAxBcBPkElCsAhAGjAnDvTn@`Cf@pDCx@nAtG|@JtBeA|AgAf@g@TmB`@`@h@Hz@c@Te@FeI]uE{@}HcAyHYsGYgBg@@mAr@qB~B]v@kA?mDvBaBt@W`@AfAbD`SdAjE@lBdBvJLb@f@VfFuD~@kBlAI|AgAJ]CgD{@eHg@oBi@gHk@eJm@qGU@kCjBuAjBeBNwGvE@tAtDhUn@nBHfCnArHXdAf@LlEkC|@cATwAiAsHg@aFtAiBlCwBrAmF,2,,,,GI
130,2,Night Walk,2800.0,2100,2100,0.0,Walk,Walk,,11774574460,2024-06-30T10:25:33Z,2024-06-30T11:25:33Z,(GMT+00:00) Europe/London,3600.0,,,,0,0,0,1,0,False,False,True,True,only_me,False,,[],[],1.333,0.0,,False,,,False,False,,,,,,False,0,0,False,32760347,1,a11774574460,,2,,,,GI
131,2,Afternoon Ride,13817.2,5007,6669,54.9,Ride,Ride,10.0,11769493026,2024-06-29T16:31:03Z,2024-06-29T17:31:03Z,(GMT+00:00) Europe/London,3600.0,,,,2,0,0,1,0,False,False,False,True,only_me,False,,"[55.958986692130566, -3.2117600552737713]","[55.959153324365616, -3.2129409816116095]",2.76,9.782,61.5,False,,,False,False,50.8,6.6,12554311045.0,12554311045,cfee3e2b-fa62-4fce-b52b-a6c1ce0819ec-activity.fit,False,1,0,False,32760347,1,a11769493026,_pptInlqRwAgBYw@Ie@k@}FKmCo@}GUqD[uB]qFkB_K?u@Z[x@a@HQCyARyA?e@Iw@c@cBKEsAd@uCzAoCdACLFKcAl@m@x@k@`@y@hA_@`@{B|@qAt@aBl@m@n@g@FQIe@N_@W[i@g@Mk@s@[QUw@?[[g@Ec@e@aBg@s@g@_Bq@cAS}@WUoAeB_@mA_@a@uAaDm@aAQi@k@u@Mk@OMe@gA_@i@k@wAgAyBc@g@c@aB]i@g@sAq@gCs@}DBaAYWI_@?k@u@cEUuD}AmKOiAKgBc@kCEc@Do@MSBTKLKCg@sBm@gBOOO}@cBqDGU@c@S{Ai@mB[i@Ms@SSAiCY_BAm@O_AQoCUgADiAWBq@jAk@\K?Oc@GE?q@TsAW_@?q@`@oFeCwAuAJoB}@IJ@XKFuCPITi@bEq@bC{@hEKRKt@?P[x@WXw@fBCTD~@HZGJ@Nh@dDNBVt@Xf@D\HHAn@RXP^H~@HJHf@JJH`@e@tBk@tAMbCF|FE|@F~AAvAZtG@hDJlDG|DUzB_@z@e@xBg@lA]h@IBSQk@fAi@bC[P?d@a@bB_@v@k@xB_@h@[bBEj@DrA\hBD|@lBA@lAFp@v@M^DNFR^?HBAGFl@pGXXP~APv@p@|@bLqBr@YxBQbB_@dAi@P?LRg@@kC~@a@GmAd@ETPtC^`Cf@tBfAhDjA|CjArFh@~DDH@I?ZhAvENrA`@lF^rIPlAt@`DZhAJJhCy@Z`BCp@HrCNrCJtCv@AfBk@LFFJXtDZ~@FlBEnARpDFtDNjA?bAHz@BvDJx@NdEPrBFnCI\FnCDEDLAEDC@JPbGPlBP|@HhD?hAVjEJvET|CJvC?|@FpBVpBBtAEd@PrBH`BDzC^vEDjCp@jGT`A\~BTjAz@fDhAbBz@dBbAtAnBpA^r@lDhAzAR|ApArDhCfBv@l@l@^NTE^]ZBf@\d@t@dCbBl@j@l@|@hDpCn@fA|@Q`@\bA\|FhAfBEh@BRaABwBPkACs@DO@cAYo@Z]JcCVWDOG??KVRPWXDS?@d@FLN]NKhCw@b@Tf@pAGTTCPWSkRuGiu@y@qGu@mHEwA]yAe@eF{@sLMeDeAmNYoCHgGNcC@gCL_A@qAJgA?sD,2,84.8,False,424.6,GI
132,2,Lunch Walk,8286.8,6569,8892,170.0,Walk,Walk,,11767003708,2024-06-29T10:30:38Z,2024-06-29T11:30:38Z,(GMT+00:00) Europe/London,3600.0,,,,0,0,0,1,0,False,False,False,True,only_me,False,,"[55.959212416782975, -3.2127524726092815]","[55.95929078757763, -3.2127960585057735]",1.261,13.667,63.5,False,,,False,False,100.2,20.5,12551745101.0,12551745101,43c67137-0fac-4d04-bd71-0a2a65692d3d-activity.fit,False,0,0,False,32760347,1,a11767003708,gfptIfsqRd@iBNsBVk@RcBHqBN_@Bs@Lc@BYIi@?mAByBRcALmB?m@HUNGAMHMhAm@r@Mj@i@l@YFAZNRSGWFGh@Hn@]t@I@WTMb@?PMp@DFMr@e@h@Ad@e@TFj@aAHc@HIAJNAr@aAn@IfBuA?MXd@ZGCgA\x@Z`CL`@r@`@j@AHJHdBL\PdBNZPvBNXXRF`@BQFB\j@Al@Pp@Fx@OjA~@tBLBXk@n@m@`@N\g@Zi@Hx@RVDGDi@X_@@QH?Fa@^{@l@mBD]FGJs@Re@Sg@c@[Ek@NEXw@TWb@mCMkA@uCQgDTqF[kA[_CBaAEg@Kc@DKUy@UgAMyAXm@AKDC?LRMULPk@BJEKDICNG?VJAIIAFOa@h@d@k@w@[OZ?Vb@XAPa@e@o@PWh@bBa@cCrBXd@LBRy@DTEdAfAkEELp@[g@\?KG?CPHWQvAR_@G?I\AMGVSc@kAIg@QUy@A_@WuAAaCTc@?_@Oc@OGYHWv@o@hAFn@CNJl@ZI[AH?C_@D`@c@JHVBCGLHp@XVD|@EAUuA?s@S]?[IGBSF?Yf@C@?IOT\KG_@Dk@Cu@DNGs@?ROGDOMe@AiAOUE_AE?DI?N@a@IMG}@@]MwBB{@SaBG_CE[KHFL@KBBUDLEGBVQIa@OSOyCOe@?_@SyBGoBGY?QVGQCN[k@`@VQ[NF{@J_@EuBIOUJ@k@KKBk@EI@e@Gk@Dy@FQ@FDKED@KAJ@KAFB@GGBFB??ICLHQIRDMAHGCD@EXDGFPB|ATdAAb@JDHXAh@Ff@Ox@Fh@?z@L|@L^LvBSjAXlAEn@gAj@Ij@@jAE|@FjAK`AIC@USBL_@RS_@z@LC]HAAVEEDME@@Z?DGULVDg@IRESBL?O@b@EIFNEI@?OGTUAj@OVJLbAGl@Sl@e@p@]SQf@a@Dw@r@gA`@q@t@y@l@SBa@d@?~@\dDWNm@EcAg@KFc@z@?ZGGo@|@K?eA~@@Rn@tAHj@EpAPlBJdEC`@W`@g@He@z@y@LYd@UKQVw@L_CbAc@`@Y?q@d@cBj@APVfBHhBZjBP|CFXY|@APQJQdAURKfCOzA@bBF`@AlAY~Bc@nGMdA_@~Aa@zA[l@,2,,,,GI
133,2,Night Walk,2600.0,2040,2040,0.0,Walk,Walk,,11762725807,2024-06-28T22:33:05Z,2024-06-28T23:33:05Z,(GMT+00:00) Europe/London,3600.0,,,,0,0,0,1,0,False,False,True,True,only_me,False,,[],[],1.275,0.0,,False,,,False,False,,,,,,False,0,0,False,32760347,1,a11762725807,,2,,,,GI
134,2,Afternoon Walk,11015.6,7988,8791,297.7,Walk,Walk,,11761232005,2024-06-28T15:10:14Z,2024-06-28T16:10:14Z,(GMT+00:00) Europe/London,3600.0,,,,0,0,0,1,0,False,False,False,True,only_me,False,,"[55.95905098132789, -3.211699118837714]","[55.959300845861435, -3.212690446525812]",1.379,3.644,65.5,False,,,False,False,227.6,20.5,12545778734.0,12545778734,9306ffbc-a116-4276-b22e-f37cc06d9e9a-activity.fit,False,0,0,False,32760347,1,a11761232005,aeptIrlqRXiB^sE?k@VkBIaENMFo@?s@LaCGi@BSPU^AjC}AvAe@FK_BuPbBiA~@_@`@?tA}@x@UbBgAJe@@_A]qDQo@KuADWO{@EwAJqA]aCYKYq@E{@^a@MmABMpAc@v@i@TYFWvAq@Fa@]iBM_BMSC_AOc@EqA]kC[U_AyCc@{@LC@UFElA?d@k@Ni@PFDd@FAASLi@^_@d@YLuBFgDIqG\{AFa@Z_@Gi@DYC{@c@gD?gDSsC?cAMqBEkBH_DG_@@{@SeEI_@LkCEeA\Qb@TNMb@cAr@a@\k@`AWXFb@c@NHXQf@{@x@qBF[@q@\kAHEMsAcAsGA}FGgEa@mINgBZmAh@u@VOf@Ar@f@hCdAl@Hl@^R[Ed@pDzB~@~@nA\bAj@^b@zAt@b@NZIZNrAObCiAzCwBFFvAsAr@iALaBEq@a@g@Q_@FEe@QEb@G]KCMSOFmAc@EOKCe@@k@e@s@Qu@o@eAuAUkASWD]KSMIOYNORPNs@GPCSFBFe@TWT{Af@ZJ`@f@Gb@ZHRBMT?FFHUHHRYFl@R^NCAORJFKCEFAJ\LDXi@Ow@DI\N@UPECOZs@d@i@Zs@Hi@Ue@kDeEo@Io@m@ML[|@@t@k@zBUp@u@hAa@tAIDgA|AmAz@e@HkBK_AUs@c@m@\e@A?JWF_@Wg@\WKwAbAg@K{@Nc@I}@h@GM[I@[MQEg@e@^Lv@B~BEjB]hDi@|BIlAUfB@rC\vK@~FIlABn@GpBW~AUl@k@n@u@Z_Ax@D`ABnA[n@i@\Aj@SRa@lB\xC`@dBF`BXnAD~@RnA\~AA^Rn@CGVjBd@tCLNGRPd@PdA?r@PpA?\Vx@Ab@Z`DDlBXvBF@?ZCADTE@Ef@KE@l@QFOLEj@YCCUIGGFWnACp@B|AHx@HEMVHzAAtCGr@EAM`@p@jAKdB?bAGZFtAVrAAnCJpBGNeBh@[XaANYXy@XEr@Yn@DlCLfA]^sAAEH_@EW`@c@AKDu@r@?^JXNnBFnCRvBDhBK^QK@vAKd@iB^KX]A_An@EVB?k@I}@l@wAh@UTS?yCvAz@fK@x@T|AU|@y@j@Fp@Mp@I`BW|BDjEo@pHK`AWdADPO`A}@|B,2,,,,GI
135,2,Afternoon Ride,22523.7,4546,5500,9.0,Ride,Ride,10.0,11753736697,2024-06-27T15:58:50Z,2024-06-27T16:58:50Z,(GMT+00:00) Europe/London,3600.0,,,,3,0,0,2,0,False,False,False,True,only_me,False,,"[55.90749875642359, -3.4229811653494835]","[55.95911736600101, -3.2130552269518375]",4.955,14.325,,False,,,False,False,123.6,20.2,12538056261.0,12538056261,e6892533-258a-4e87-b93c-092728d20f98-activity.fit,False,0,0,False,32760347,1,a11753736697,goftIb}zSSgCSEQVInAz@tEr@~K@tDGjEMl@}RhHOC[oAUEwHvD^hKKb@_@X_DnAu@n@aJnEaKH{@k@c@eB}Hak@mDkT]M}CrBcANa@b@REE]s@eCmAwCcCyJkA}C}@uAuAsC]kDg@iCScE@{Df@yH|@eCjBgCj@iCPKTqA`A}CFiDf@eM@gDj@uKCuGLoAEi@F{E^mFYsCEaC@kCa@iBLsAAcA_@qEIuFiB{SNiGRaALwIT{DAcKa@uGk@iDo@}@cAgDZuCz@mD@wCS_BQwECaHo@uKg@wN[uEgAkIa@iIYuSFeENqD^yCfAwDlAqB`BwBjBsBxAaCtAqA~AgC~@u@dCwC|@{AhAgAVcAz@oBxBgDx@iBn@_D~@aHhD{ZTg@Cs@P{Cf@wFAaAc@wD{@aEi@kF_@yGQeG^}DBaBi@kFgA_PU}Ag@wJy@{I_@y@e@_Du@oG@w@Sy@m@_G_Ba\eCaTSkDUw@g@aEi@_HSi@CiDi@kFm@eMNoB~@yBb@k@zAu@nA_Az@FFy@~A{AvC_BvHwFbAgAdBgEb@sCCgAN_A@aHUmBSqEFiGiAcV?uAkAuIg@wGH}AKiAIoM?mFj@{HR{@[yHFuCG_CIm@[q@WoE]uBMi@yA{Bw@sESYIo@GsBDgDJaAD{DC_DUiCgAyJEkA_@gBo@yGIuG\mFAaB]yDQg@m@cE{@_DMaBoC}GaAmFiAmEcA}CiA_CsAcDQkAyDyIcA}Ao@_CWuACkAToFPwAb@cB^cFNoGQuC{@}Dw@sAc@mAc@yBm@aGi@}BqBmHqB_GaB{GWuB[g@wAiFeEaHeEwFqHwFUi@sAc@{C}BkCcDyAmAm@iAc@GaB{BeCyA{Bg@eAo@eA_AiDqEmA_DqBcJWIMYKc@@c@aBkEOoAoAoFiCgIg@aDmFiRs@kDoAcDq@W_ARSXm@LG^eAn@w@`AoBvAaBEa@f@m@dByAtAAOQPSxCBxDQ~FFvCSxCHhAOxBc@Dg@g@{@uBa@uA_DrF_E`Gm@f@i@cAk@}Bq@{A[yAw@_BgC_I_BaDGgAc@}AYEQRu@|Da@bAgFxDgBhB{BlAkApA_@|@c@lCg@XCpAQVmA\{A?UgFIIoA~@oC`AiB`Bm@VyDhCc@r@P|A?xANd@n@`I@bAl@nGEx@POBdAHg@IaBi@iCi@{Ea@cI_@wDd@}HAiBR_CXsH,2,53.8,False,244.6,GI
136,2,Afternoon Walk,4220.0,3616,4504,34.2,Walk,Walk,,11753005506,2024-06-27T14:36:44Z,2024-06-27T15:36:44Z,(GMT+00:00) Europe/London,3600.0,,,,0,0,0,2,0,False,False,False,True,only_me,False,,"[55.907475957646966, -3.423724891617894]","[55.907466150820255, -3.4230382461100817]",1.167,6.263,62.8,False,,,False,False,127.4,110.0,12537304373.0,12537304373,619594fc-da9f-4f29-b55b-113e0587aaca-activity.fit,False,0,0,False,32760347,1,a11753005506,wfftIhg|SD`@Gp@BDCD@BAb@@JGP@@AN@BFCBBHj@DA@CGQBH@PEd@ELKJCTAb@Ol@ARGRAZWXCH@BD@XYLCJHRTH@DJBVCb@?REH?I?JEDB\ITF|@BFTGB@ACAD@FDC?EF@FFF?HWFE?SEW?c@ZiADU@}@C]A@ECD]PUAMD[Ne@DAJ@FL?NJ@MIGQSS@SAM@QHa@CHKOMCEDGIYgAS]YgBe@}@IeAGBEACG?ONe@B]@c@EU?KJYJSBSFUDGRMb@q@TMXa@\KXMRCHCNAl@Ud@GRMCSJj@FNPNRFDOPJVBTEn@E`@JFFVJPNPb@DC@KAEE@Hn@DJD@BEGSEAC@CGICAM@KRUVOPc@HI@]CYALDNBEFDLCLIDI?QBUEa@?S^_@XKPWJIBB?HC@AEAQRa@Fm@Ei@OSKW[Y]IEJANENG`@?FD@BIRGIEEJEAFA?@?CAXECC@EGKEGL[bAIlACBIAE@KC_@sAA_@D]KOOGCW?k@FYBCBMHk@BILGFMFc@N[Lg@@QCIAUGO@B@MCACB?JDHB?PaAAMGYGc@OWEc@Ym@EGGAC@I\@MD??B?GUEGK@KI?Kx@WjA?WNk@Be@Ku@SWMEi@GQ?QCKBIF@\E@IKICGB[@QG[]Si@EASe@QI[GEESw@Qy@O]KGw@GWYSGw@?EG?KBAFJ@ACJE\@d@CN@|A?JDBEf@EdEONQDGDg@l@OZ,2,,,,GI
137,2,Afternoon Ride,20885.5,5437,6616,121.5,Ride,Ride,10.0,11752502462,2024-06-27T12:43:08Z,2024-06-27T13:43:08Z,(GMT+00:00) Europe/London,3600.0,,,,0,0,0,2,0,False,False,False,True,only_me,False,,"[55.95610407181084, -3.2156327459961176]","[55.90751577168703, -3.423037240281701]",3.841,8.41,,False,,,False,False,128.8,40.3,12536786188.0,12536786188,b1c48cc9-8bf5-430a-b287-b8053dd0670c-activity.fit,False,0,0,False,32760347,1,a11752502462,emotIzzrRdGsEd@{A|CkMFQVOf@XNVxB~GdAfCfE|LRPdEaH`@g@RJr@~BVNTO\y@XMjALv@b@HMz@?~AX\g@@Sh@UBYt@mBFaAOa@G~@{@xA_@fABb@Rp@ZfBp@^h@Ah@k@Xy@`@WH?Xj@l@o@AMx@_AfB}D`@ULy@Rb@TAbAaBDWGIbA}Bd@w@R?|B~IXp@b@dCn@vClAnDCd@?MMLd@p@v@lCjAjE~@fCj@hClBfHvAvD|ArBbCzCfAl@dCd@nAj@lCrCj@VZp@|EtFlEzCv@ZZb@zG|El@n@rGnJdB`DhBvHbChJzAnF~@jCnA~EdArGBjA`@bChBlDr@pDDtB]bLaAvF[~FLhBXpAjAbDh@f@\n@h@lB\d@x@tBGRXNLZt@fClDfIfAhE|@hGr@nBpAtCh@hBGAJD@CNdB`@lATpBZlA`@bCJxAUhF?|BIf@ErCr@vIh@vCzA`M@nEGx@DtDKhAC|EPxA^b@LzBXfATd@d@^Nf@Xh@VXVtBF|BZbBVdADhBElGRpFq@fGKbCAbEJhBExJZpAUfAR~D|@tITt@@vA`@xEVlFT~HBxHZdGCzHOt@FhAUfBc@zAmAfCmAvAiBxAqBjAiAt@eBbB_@Am@d@kAb@gAhB]E_D|Be@t@_@pAMbAA`Ab@`Lr@~IAbAb@~El@tFTnA`@v@B|CnCfW~@rQ~@`NVx@At@~@jHh@|B`@z@@bAtAxS`BpRZxEAfBQrEn@~Ph@lFx@bDTxAJdCOxCq@~FCz@Mj@sA~Lc@tCeA|K{@nG[vAgFxI[dAw@j@mBtDoDjEqFzFiFtGiBtD_AlFOnCGdHb@hXPtDdAxHXzDtA|\DvHb@jHIvBaA~DOxB`@fBh@xAHx@x@}@|@}A\[dBo@XR\fFxCpP|Dr[DfCo@~GEtDF|B\vBXfApBpE~AzBXp@n@t@t@d@hA|AbAz@jBvCtAvALn@d@n@jFfGvClChBzBp@lAjBzEtMd`@p@lFZLxYzArDd@HSrAIfGkBjF[bEM`ADVX?ZYxCg@tDO~C?~CNnDd@lSFfFPvDb@`EnAfHE`@s@x@WnA?tCHdBGv@s@R_BB{@A_@U?NmAGqAb@a@^u@hAm@vBO~A[z@GM{@z@kALq@c@mA_F[oD?_ASqB]yAa@_AY_@e@UqAIqAA[Jg@|@,2,59.5,False,323.4,GI
138,2,Morning Run,4212.6,1500,1515,25.1,Run,Run,0.0,11749780138,2024-06-27T06:47:17Z,2024-06-27T07:47:17Z,(GMT+00:00) Europe/London,3600.0,,,,0,0,0,2,0,False,False,False,True,only_me,False,,"[55.9592164400965, -3.2126264926046133]","[55.96119808964431, -3.2144317869096994]",2.808,4.664,,False,,,False,False,34.2,15.8,12533976012.0,12533976012,9b3eecd4-86cf-49af-b987-b0eb0abf07b1-activity.fit,False,0,0,False,32760347,1,a11749780138,cwptItdrRWTW`@OL_@POPG@y@j@YH[@e@E[SSSQo@E_AA@EEIUUsFB{ACaA?YKm@GO?i@Ei@Fa@Ca@FuASuA?o@KmAAi@QgB@sCCaB@kAEYFM^GMeA@UPkABs@F_A?{@Hi@Ak@Be@IKA??CBC@@EEBUMBCCDF@`@QhB@d@EpAGHCn@I`@?j@Cb@?JNZDX?PO@OFG@M_@AQEIIACEQ]ICG@EFKKUq@MQSa@a@qAYo@YiAE?W\QZKVAH@JHPNpAVx@BXd@jBJr@^~ADh@Z~A@?@B@r@NrBNzERxDZ~GR~B@b@Dt@?vANv@Cz@GNUXE@QNKZIJq@XED]RQNWNk@f@U^EBIJc@v@UNO@S?_@JS@w@d@e@b@g@XQFIHoA|@UHMRG\@^Db@Px@ZpBLp@PrAXrAJv@V|ALd@Fp@NbARv@P\FVLdAVdAVpBZdBf@bA\\XFn@Dp@a@PEROLOl@[F?^[RSHSJILCJBTAXMRS\UxAy@HIJCVWVMTS\iAD_@AiAI}AEkBO_C?g@Ea@K_D,2,,,,GI
139,2,Afternoon Run,8286.3,2430,2658,56.2,Run,Run,0.0,11745739739,2024-06-26T16:28:02Z,2024-06-26T17:28:02Z,(GMT+00:00) Europe/London,3600.0,,,,0,2,0,1,0,False,False,False,False,everyone,False,,"[55.959185594692826, -3.2127878442406654]","[55.95932548865676, -3.2146838307380676]",3.41,5.746,,False,,,False,False,58.7,19.3,12529820022.0,12529820022,1d9fb6fc-2755-450b-b656-91602c76672d-activity.fit,False,0,0,False,32760347,1,a11745739739,{aptI|zqRDLZZFPNTt@zATFJLJ@FFd@bAN?JNf@PVR\RDAPVXX~@HPLf@NZP~@NLHPX\FLHRVXJTV\VR\b@XDFDr@BdAGfABx@?`@Gl@AbAKfAHdBFZLNNN^NT`@d@ZTHZn@LHDHDHALDPDn@DVADFDAXDr@Cf@EBYQKUG?CKFEF^Aj@BCANB`@CvACH?RCJCb@OXAPMRg@LU?KNc@\MZK\MbAO|@B`@C@?DB\NXJARJhAnAd@T^DHJNJJCRDZIXPp@AFANSZSl@CNMFDRB`@Bb@EFDLTJHFIDYJJAF^hA^z@VpALbAFp@?\Fb@DTLLBr@HvAHf@@`AMzCIt@A`@@d@QfAG|@UbAKr@Qf@MPSd@]l@YZCZBnANp@`@r@JZPz@HN?THLADLVABHVHNZv@D@HPZr@L^JNVTP`@HHd@p@Rb@`A|@HJJ`@FH`@PHHH@HDTQJC@@DJP?@A@GHDBAEIKIKAkATc@@}@`@[AeA`@iAn@OPUDIEUXcAd@KNk@^}@tAoAvA]b@a@r@QNQb@IH]l@m@vAIH[j@IHk@x@}@zCSh@WfA]|@Oz@[hAQTSr@s@hBKL]t@Kb@g@p@e@lAu@v@s@fAKJc@j@E@IJg@^[v@_AjAUFe@ZUT_Ah@E?QPMFMRg@LQLoBf@g@Tc@Fy@CUPE?GGIUAMDs@ESIISB_AOQM]Ic@U]?iBc@G@UKCSKAAIK{@S}@Iu@Y}ACa@[yAKgAGeB@cAH}AVwB~@iEBeA?k@JkABiBEiAGk@K{A?e@]_FIcBAoBOsCCeBEiAy@qLQs@Ek@ICIQBe@A_@FDFIBW?KO{@]wAe@qDMq@e@uEAWM}@GQCW@_A?FEa@Cm@CIAc@Ky@c@{CMqASqAKg@Cg@Mi@Iu@Oc@G{@EPA?G_@A[GUKGED[r@YZI@SP_A`@KJc@To@p@c@T_@?QMQa@QwAkA}GCa@Da@?c@a@_Ag@uBqBcNOs@SwACEKy@Fk@JOTMDODBNEFEJUDEZCt@g@rAgATIv@IZBJHZzAf@tDDp@\lB\dDd@nDHZRvBf@fDGUGy@_@{CAg@DOLKX_@j@c@jCeCRo@RgAVi@d@aBFg@Ne@LKHQJId@?b@Kf@Fd@EfAH,2,,,,GI
140,2,Hyde park half ,21320.9,5946,6068,93.9,Run,Run,0.0,8733911503,2023-03-18T09:28:18Z,2023-03-18T09:28:18Z,(GMT+00:00) Europe/London,0.0,,,,34,2,0,11,0,False,False,False,False,everyone,False,,"[51.505021126940846, -0.15582812950015068]","[51.50513403117657, -0.15587548725306988]",3.586,6.144,,False,,,False,False,27.2,15.8,9374044186.0,9374044186,87ed0830-24de-4b89-bb13-24b556d5f406-activity.fit,False,14,0,False,32760347,1,a8733911503,qpjyHdt]OrBqAnKUrCeAtGe@hFXwCd@wDxAyJh@cGRiAf@{FRmAVeF^gC?SIOwA{@MAi@^_AdA{@h@sEfEkHbGeC`BkB`BgHhDu@nAaAdCFX`Bx@n@f@LVPpKpA`BfI`Mf@TbCu@zAFbFa@DSG{CFeB~AgNPmAZmA^eD\}Ef@gEhAcLXwDA]GMgA{@YAYd@eCbC_C`BkGhFsAv@mF|E}@l@sDnAgAr@i@t@uAnDJZ|BxAT\RpKxAdBbIvLh@RzB{@rBJfEe@DQGs@CiARyEzB{Pn@iGf@{Cr@gIXmAr@gJIc@sA{@MDuCxCeBrAy@b@iBdBuBzAeG`FiAnA}@l@_ExAuA|@mA|Bg@vA?PNPpAb@bA~@TxKrDhF|ExHj@L~@O|@c@dBF|E]D[MuCPoDh@_F~@iGjDgZ\uDFcBZ_CKa@mAy@[?}BfCyBlBoAp@cC~BwCjBeAhAsBzA{@z@cCxA_ARsB~@w@x@_BbEAPJPnAb@~@h@LTLjKvBzCxBlDtDnFj@J~Bi@l@BlDc@zAABQGcABgCXoEf@oEfD}VlBeSFaBo@q@o@a@G@sAnAu@Xq@v@_An@[`@sAx@y@|@_Aj@kApAoA~@k@p@gB~@i@f@aAVs@r@[Jg@d@}@Vy@`@c@d@g@LYb@Sl@OPaAzB@RPVzBtAVXAnBNrGLb@bBtB|E~H\Nl@bAb@\L?`Cm@dC?nDa@FSKeDNkCbCkRv@{Ht@uFh@oEX}Dd@mEEi@yAy@YDaAfA_FzDu@x@eCtBkDdCsAnAaE`DaEtAoAz@q@xAo@hAUv@?RHNtAh@dAt@DPRfK|CvEzAnBhAnBzApB^N|@S|@e@hAJzFg@@a@G}AHoD`A}HdAgHdA{Ib@kEPeDd@aDHwAd@eE@eAEMmAq@YAsDjDwB`B}@~@qCjByBlB{@z@m@VaBvAw@x@cAr@iE|A_Ah@Y\sA~DHVpBlAh@f@D\NpJz@`AvDvF|ApChApAr@b@|BcAlATzD_@j@QF[OkCPiC^_EtBiNfAaKz@_KJ_Bp@qF@e@ISu@k@e@QqAzAoAdA}DxCW\u@^cEnDqBtAaDxCmC`AaD~AWVw@vAu@|B?RNP`CdAVVT|KvCzD~BxDzB~Cp@Z|@Qz@_@nCHhBGz@OFYIyBBeAXyDb@eEfAcH~AcNb@iE,2,,,,GI
141,2,Afternoon Run,13151.0,3944,4034,151.9,Run,Run,0.0,8665810931,2023-03-05T16:05:48Z,2023-03-05T16:05:48Z,(GMT+00:00) Europe/London,0.0,,,,13,1,0,1,0,False,False,False,False,everyone,False,,"[51.57945963554084, -0.09965169243514538]","[51.58720635809004, -0.10130619630217552]",3.334,5.862,,False,,,False,False,106.4,21.6,9302345682.0,9302345682,94b7cb5c-6622-485e-b990-a0d76994a536-activity.fit,False,2,0,False,32760347,1,a8665810931,oayyHb`S@dDJjABhBF^LDV?|Ai@hCg@zCA|AQ|Ab@|AdAv@J^Kx@s@lBw@HOJJZbB^X`@DfAMd@DvBCd@EJY?OBSVSlEa@~DVfB^J\AdCPPn@FdDGlCYxBFtBIXMxA_BRy@Gk@M]q@s@{CoEgAqAqAcC}BiDwAcCw@cAgCcEeAuAi@mAo@}@[W_@Cg@XyAtAIXGlAw@nBCR@d@TlBANq@~BOlA?pCG~@E`Ej@fBTlAFJJHv@NxBI`BRzBb@ZVBT?fAQdE?fAU^yC`C{C|DcBbDo@jBy@zAs@tBqAdF_ArFYpC]bBKz@GxAQhAIbB?xEUjJ?bBI`CKvAJbB?j@HZEd@Qn@?LCvCBjAG|DMjBSzAGdA]fD]~AGdBSlBIvACrDLfE?nCt@xJR`JSxKQ`Ee@tEq@jEs@pD{ArFo@~AOr@Cb@HfA@x@Gb@KFA^COKn@FjAEEMTm@rAUrAc@nAaB|Gk@hBW\WDEt@s@rBq@~AwAnEi@tBI@CI?PO_@Y_@w@UYR]IcAj@g@La@TYf@a@xBMjAJ|ACd@Ij@Wb@eA|@wAh@{@I{Ab@_ALcAOkDgB}@}AaAs@i@i@[s@eAwCWuA[_CE}DGq@SoAg@eAEm@@Qc@WeA?MUAi@F}BAwASiDo@mDmAwCoAyBaBwBgBgAiAe@_Am@c@k@aCaAoA}@EG?UTy@VyAEWm@oAq@m@[{@gBeBKYMaAQg@cAaAa@aAa@g@Sm@SgAAoCIY_@u@O{Ak@uDDCLNFSAUQaA?_@Lc@v@gAVCHKH[Fg@Cq@Os@eAwB[i@{BaF?MFQMo@_@wEDONCp@NPAVSTi@Jw@IwAHu@DK@]NQJg@FcAAm@Bk@KUaB}A[c@mAw@]a@AIFk@M_@S]mAgAi@sASyCA{AJo@Pu@\s@v@}@PKrAQjAN~Ap@x@v@ZAVO\u@ZoA\o@r@Yr@FJIPcA`@o@Dc@J_@rAcAH[?UEi@DOlCg@dBCf@L`AI\IX[l@KjAi@^@LHp@M@[OoAGsBQsBAg@Jo@@k@Ie@WW?KJQ@WCyCG}@UsAUq@k@oAkAmEK_ACoASg@@MNSA[k@sEc@sCIUE}Ag@}Gi@{DOmBOm@B@CGROM}@Bg@p@aBZm@h@q@JERDVWtA{@,2,,,,GI
142,2,Lunch Run,21326.2,6148,6218,193.6,Run,Run,0.0,8625517276,2023-02-26T11:40:35Z,2023-02-26T11:40:35Z,(GMT+00:00) Europe/London,0.0,,,,49,0,0,1,0,False,False,False,False,everyone,False,,"[51.579489978030324, -0.09967239573597908]","[51.5806379634887, -0.10165806859731674]",3.469,6.798,,False,,,False,False,106.4,21.6,9259588551.0,9259588551,b493d1bc-4f69-4fa7-b588-0ef437bbcd76-activity.fit,False,15,0,False,32760347,1,a8625517276,wayyHh`SDlDXl@RdCNVbBs@|DYvGVxBjAd@DnEiB`@tBlAT|@g@nEAVqAZU~EU~BR|Bl@P\G`BD`@dAJzCFbBSfHA~AuAj@{AEg@Q]uCeDaLyPsAgCmCcEuCuDg@Y]@gBtAYlBu@vBNzC[dAc@lCQ`KFn@x@dDpA`@lB?dGn@Nd@AnA]jG{CrCcDtEuBxDgChGsA~EoCjP]rGAnEe@`LFbBQnCFdAM~FMj@OhD?lGg@nIaAvG[~HLdHv@dKPfJEbMcAvLyB`Ly@jCkAbDCXNn@@`Aq@fCE~Aq@jBsBvG{AfG_@Te@vBcB|DoBzGOIKc@m@a@uErAc@x@a@bCD~Cg@hBmCrBa@Fe@QmBd@sA@oEwBcA_BaByAiAeCOk@i@kEOuEO}@i@yAGiBISyAOM[B}@YkIo@yDi@eB_CwDaCuCkDgBsAqA_A[yCkBEY`@gAVoAo@wAw@o@e@kAcBsAa@}B{@q@oA{Bg@uBEwADy@i@iAAmBuAmHBYxAeD@u@uD{Hk@u@{@aCqAFcCjDc@jBW\e@?}@cAe@JuAtBWhAEt@Lv@dAjAt@rBv@Cj@aAd@kFC_@KYcBaB]Yi@T{@~BM|BPh@t@v@^`BVTv@Aj@qAXgFC]]u@gAiAC]P]GoA`@kAFwCJe@vAqBr@KXh@PItAx@\d@`DxGpDfIFx@En@}@vC`BmBXaANsAKuAuCuFyDeJ@y@LA|@n@XQXy@Fm@Eq@q@wCDWJGfB|CxAlBn@dBf@zBn@~G@xCKvDLzBBNHAFSTmBn@oCRcHM_DaAkGuAwE_B_DaCuCuGiGB{@]e@o@yBS{DDaAZeA|@kAh@_@hAKlAJlB|@fAzAbAvCn@bE`AjCv@lJv@lCdAvGVb@p@zEx@nCJvA`@xB@|BHp@~F|GrAfBd@^d@Cr@b@JClC{PVgDX}IUeTaAmJPgFEs@mA_Jy@qKe@kMTuBGc@[]J{AK_Ce@{DuBsFWgBF_BK]QBR]mAyI}@qLu@uFIcADi@OcARkApAgC\_@vK_F\BTx@Qb@_B~@iFhE_DSaAZSQC_@bAMfAmAbDmBzEsBn@IX`@Dh@GXsIlG_FFQIIe@`AWnAqAxJcFZAd@f@Bl@KX}CrCuCvBaALeBWwALQi@dAO`B_BnB_AjE{ChA]dAjBt@dIVN@zARzA`@s@nAMJ[nAk@NUzGmDdAiA`AEnFqB,2,,,,GI
143,2,Lunch Run,10113.5,3649,3863,142.2,Run,Run,0.0,8586888161,2023-02-19T11:30:29Z,2023-02-19T11:30:29Z,(GMT+00:00) Europe/London,0.0,,,,3,1,0,1,0,False,False,False,False,everyone,False,,"[51.579550076276064, -0.09956477209925652]","[51.57870928756893, -0.10014547035098076]",2.772,6.376,,False,,,False,False,101.1,21.4,9218685754.0,9218685754,123bd8cc-72da-4740-a144-47950d2abb29-activity.fit,False,0,0,False,32760347,1,a8586888161,gayyHv_SDh@?z@Ln@DdAChAAtABTBFf@I`Am@j@ERKV?lAOPH~@ItBD\JX?p@Ij@NnA`A|@@VKVWPWpAa@|@k@DFX|AHTPLp@PvEIj@INC@KAW@Md@Yz@E`@SvAId@KzAHdDZPJBRMjCEr@EnDaA~@w@bAs@f@W\MZSNUd@[\g@v@WXw@vAy@xBc@z@Wz@aAfCMNu@nCGf@W~@QpAe@dCWvBCf@Id@Iz@S`A_@tEBnDIdBAzBGb@@|AEb@Bb@?b@Cl@It@BdAIz@AdAD`B_@hBDVJNF^GB@x@AXIRCVBhAGb@Jd@B`@ARKd@Cl@OvAMlD@`@Eh@[rBK^OhAIpAKj@Al@Et@BrAKv@Et@@tALx@BjAArAEh@Hz@TdAAz@H^?`@RbC?~@LlB?|@AtADbBG~BFhBCtBc@xEE|Aa@fBG`AUtBo@fDe@xAKh@Q\WrAi@fAQr@It@H~@IrAKXa@j@D~@?n@yAnCY[I[Gw@OAZIBOWkAI{BQiAUcAWsBUu@CUKc@IoASs@KwAc@qB[eC[{Aq@yF}BuJEOIBHEAKk@gB]aBGi@O]CYQe@]}AMa@McAS{@AS@q@RaA?[Um@m@iCSg@YwAISa@_CU{@QYo@k@S]UsAOqBIUW_@Fe@FG?GEGJMAAFUz@_AXo@Ha@Xa@RQLWb@}AFI@?GDIb@I@POLWGEVa@Ji@BSGc@PPfAQr@o@@ACA@?De@JYFw@FYF_BC}@@}@AaBa@aDk@mDGgAQiAm@_GEOCw@Kk@SiCQkAOeBSaBCeAUsAn@Yl@g@b@SZYDSCSEIAgABYJ]@[Ck@@SHWTQn@MVSp@Fv@]FIAQHm@@OG[?ERWFi@jAg@dA{@PWC@D?Ha@^WpAsAAOE?CGEWOe@a@y@GUCc@wAwDCQ@Mb@WfAcAr@}@DQ?g@Qo@A_@?RDVJE@XHRb@]^G~@Bj@VzAbAz@nAL^h@|B@DH?bBkAb@QDOBUFK|Ak@LM|Ao@vB}AZM|@g@Ra@L{@@_BA}@BBJKBUMWI_A_AF]Eq@_@i@c@OSSi@Ka@M{@c@sAg@sFYs@Y_@K@oAj@}@x@G?YgAGi@c@kGOsCOu@u@CiANUV[NUGUDIC,2,,,,GI
144,2,Evening Run,4043.2,1381,1392,54.9,Run,Run,0.0,8567562969,2023-02-15T20:16:08Z,2023-02-15T20:16:08Z,(GMT+00:00) Europe/London,0.0,,,,3,1,0,1,0,False,False,False,False,everyone,False,,"[51.579436752945185, -0.09965538047254086]","[51.578009063377976, -0.098812161013484]",2.928,5.632,,False,,,False,False,65.3,21.6,9197620457.0,9197620457,755fd528-2fa7-417e-a04d-a4723d38a6e3-activity.fit,False,1,0,False,32760347,1,a8567562969,iayyH``SFf@@j@JzABl@E\Fh@BrABVJ@DAd@Yb@Sv@OnAOd@AHBEAC@I^HFHJHp@?j@DTA??AJrANjA?TGPLXFx@EHMFa@f@{B~AKZAXRv@Tb@\bA`CzFr@bCd@jBHp@Z~AFr@JxAJl@?\J|@Bl@JxAD`@Hb@Bh@BPDDXC|@u@rAy@xAiAz@g@nByAn@_@FKB?AJQNADCC?LFC\UNUL_@X@NBNFd@^nAr@TJp@Nb@R^Tl@h@@AxBvCxAfCRl@B@BARo@Xo@H_@DMZ[Pa@Vu@LQTcAZ{@Je@Ri@Zk@`A}C@SC_@@[BQHUHYC[KQCKBYKUs@{@k@w@a@q@_AqAg@{@q@q@aAkASSUK[_@Ue@e@m@S_@MOa@}@{@u@MSSEMKg@m@GM@a@Fi@JWBQBcBA[GWIIMEQBMFI?KSGEoBDc@FO@UGa@QWUOe@u@eFEOO_@c@eBw@_BSi@UYCQe@qHOuAKuB@_A?RIMWJY?,2,,,,GI
145,2,Evening Run,5244.4,1488,1528,60.1,Run,Run,0.0,8522619117,2023-02-07T19:23:47Z,2023-02-07T19:23:47Z,(GMT+00:00) Europe/London,0.0,,,,6,2,0,1,0,False,False,False,False,everyone,False,,"[51.579430885612965, -0.09965378791093826]","[51.580151561647654, -0.0991807971149683]",3.524,5.858,,False,,,False,False,65.8,20.7,9147648159.0,9147648159,272dc649-9f87-422d-a176-a8092c974972-activity.fit,False,3,0,False,32760347,1,a8522619117,uayyH~_SBxADb@?jAA\DrAFf@JVFBLAvB_AX?l@OTB`@CIF?HDJFDL`AJ^?f@L`BDhA@LHTCx@Dp@ILQHEFk@h@w@l@Y@KFK^?N`@bBn@vAH\Tf@V|@bApB|@~Cf@`Df@xEDp@ZlDVdD@PCPBNJNDLDtAFh@Nt@FTZv@`@x@d@\Vb@@Nn@nBF@l@m@|AsBl@k@l@a@|@u@\e@bBgBdA_AVSh@m@Jy@p@aBFKH?JBFGHSB@PTr@nAJLHFv@nAD@BGF@PF\dALRFATw@X}@|@wBt@iC|A}Dt@{Bp@_BV{@BOA@AFRUHQl@uAlAaCLQt@aBb@u@Z[d@y@l@u@`CsBVc@Zo@T[XWNGJGJ@FCd@o@d@gBj@}@Hi@FWXi@@G?IIUi@w@Sc@}@mA[w@W{@mAsBo@sAqAgCg@kAeAuAuAwBeBeC}@sAgAyA]_@g@aAcA{AgAkB]a@Wa@u@u@a@o@QOwAHs@b@e@VcBl@_A^sBdA_@Nc@Fk@TSB_@N]Xc@P_@Xe@PwAv@c@NiBNFA?Gq@JUE[L[@c@Na@FSCg@Hm@Nk@EiADm@?OB,2,,,,GI
146,2,Lunch Run,12182.5,3397,3448,139.9,Run,Run,0.0,8503331393,2023-02-04T12:12:08Z,2023-02-04T12:12:08Z,(GMT+00:00) Europe/London,0.0,,,,40,0,0,1,0,False,False,False,False,everyone,False,,"[51.57949618063867, -0.09962369687855244]","[51.58729369752109, -0.10131709277629852]",3.586,5.752,,False,,,False,False,106.4,21.5,9126066542.0,9126066542,e840def3-7879-4b62-a1d1-0fd7cbf9f4ad-activity.fit,False,36,0,False,32760347,1,a8503331393,sayyH``SV|ID^FBb@ClBu@p@O~EG|DRjBrAp@Dp@]d@g@hAe@|@P`@hA\VXD~CYdBAHGLs@NWpAW|AObEXzB^HNFd@A`ASlCA~AE^qC`C}BdDq@dAiBrDyCfH[fAYzAg@`BeArGI~AWvAOtBGxAQdBEpAKpGIvA]bN?~IC~@KlAFhEE`COrCUlBWxAk@jGUpKBzCd@pERtD?pBNrIQlIUhC@r@C|@g@fEkAhHg@~BsAbEg@nBCZH`AMt@Ud@Id@AZBn@?^Mf@q@|AUlAgAdDi@hCq@`C_@z@OJIf@cBjEsCrIw@aA_@W[e@QEe@v@YTu@P_@XmAhCGTCvA?|@BJ@KBNQ|@Sn@m@z@c@Rk@j@WLk@C{C`@gAMoCuAaA}@{@wAuAkAa@w@g@qBOwAEgA@}GEu@i@yA_AoAK}@IKSEk@Li@VKAKSE_@?gAR}CAw@IeAo@}DeAeCkAsAo@eAo@w@]Ye@q@wA}@{BeAa@m@i@UcA{@cBs@GK?WJ_@d@sAV[Eg@IWOW_Ay@iAsAu@[i@g@GQMcAK]Q[{@_ASg@a@w@i@eBGm@AsAGaBOa@MsAs@kEUaAGo@@[DOn@y@Vo@Jc@@i@a@cAaAmBa@cAcAgB_@k@_AyByANWRm@fAQHMPc@tBQf@UXg@G{@}@[D[Ny@tAOd@OjA@v@DTZp@^VRZVlARZXLXGVUNYHg@DeBNgBA_@e@sAw@cAEGAQLi@Ea@?m@^gAJiCHg@jAiBXUh@BXd@FO`@@t@c@f@AZR^j@LZD@Cu@@YrAPPUP]Nq@@u@KiA{@cDO[u@aAa@[}@aACQUaBGoAB_AIe@PM@Wi@aAWgAW_@OkC?yBJg@Vm@V_@d@c@h@QxAMr@Dp@Hz@^`@l@RJf@E`@o@VcAPi@VY\SZGl@HVkAX_@VcA`@g@r@a@HOD_@G]AUHO|@]pAM`BE~@Dp@ELCf@[`Cy@b@Df@E@c@My@Cy@[qD@i@TeAB_@C][g@Fe@MgEGi@YkAa@u@a@eAmAcEKmADq@Ok@@INO?u@YeCw@{Em@eI_@oDy@iGDIBXDGFFDEIgABI`@kAn@w@^w@n@m@lAo@,2,,,,GI
147,2,Evening Run,5151.6,1543,1581,60.2,Run,Run,0.0,8489167143,2023-02-01T18:40:44Z,2023-02-01T18:40:44Z,(GMT+00:00) Europe/London,0.0,,,,7,1,0,1,0,False,False,False,False,everyone,False,,"[51.579451421275735, -0.09949042461812496]","[51.576820090413094, -0.09549728594720364]",3.339,5.566,,False,,,False,False,65.8,21.4,9110341023.0,9110341023,9637427c-a1b1-4cac-b320-4ab25a9b6379-activity.fit,False,1,0,False,32760347,1,a8489167143,kayyHh_SBfBAj@?TH^A|@PtA@f@FLFBTC~@o@nAe@^?JBRERBDDIh@Dn@E\@RNhAJ`BPr@?r@Fh@AJEH]\G@KNKDYTQROX[RIX?R^fAPv@r@vBhAjC\bAT`APd@^hBXjBTtBBd@ALl@|E\xD?hADHDRHbAANHp@Nd@nArCt@lBHDFCNLDFPt@F?n@aA`@eAT]v@e@l@g@f@WRWl@m@zCeCjAgATODg@F]h@sAXk@@?Z^tAzBTb@p@n@FBZ~@H@LM^{@`@wAJSl@oB\{@Lg@x@}Bl@wAZgAP[Re@f@}AFKPOLUF?H[~@mB|@uBNe@lAcCV}@NWdAsAlBuCjA}ANKV_@v@}@Vc@r@_BLe@LU@o@IOWGCIEOUi@i@oBe@mA]m@[u@]i@c@{@aByCYo@wAkBuAuBi@}@}@iAkBuCwAaBkCwDy@_Ao@mA[WaAKk@@y@X_A^SFc@Ta@NuDpB]LUFD@@CAB?CCCMES?s@XSB}@^}A~@SFMAs@RU@}@Pe@ReA?KBU@]AYKIKCIAS,2,,,,GI
148,2,Lunch Run,16312.7,4857,4918,163.6,Run,Run,0.0,8471048521,2023-01-29T11:28:36Z,2023-01-29T11:28:36Z,(GMT+00:00) Europe/London,0.0,,,,46,2,0,1,0,False,False,False,False,everyone,False,,"[51.57947254367173, -0.09959058836102486]","[51.587032433599234, -0.10124869644641876]",3.359,5.238,,False,,,False,False,106.4,21.5,9089137287.0,9089137287,07e7d40b-9ecc-4d61-9198-6e81da9b427b-activity.fit,False,16,0,False,32760347,1,a8471048521,uayyHt_SVdJD`@LJfCaA~Bc@pGFv@VlBvAz@CbAaA~@UhAu@VtARd@NPj@NfFQd@OHo@`@WjB[lCEjFx@L\A|Bl@b@h@Ad@U|ATtC]zFHd@W\m@Dc@j@k@L_@My@Wi@qGcKs@wAkCyDoGgK{CmEkCa@oAPmCpBoBdCO^Dd@\~@p@fAx@l@vA`@Ub@St@OhA]fI?rAhAfEjFCtAy@v@qA^iDGy@i@aBwAwB_@_AQEMRFxB?nAsAnGEp@Ll@t@`A`ATn@b@fC\A`DK^FfDEPYLkCdCiB|BcC`EuB|EwCbJa@pBkBpNMfCGtH_@tJ?~AM|E?xFObDKtHUfEaAhJe@lGK~CFfFb@pEXtFPpGFpDa@~N_@xE]zB_CzKiBrFCXBh@[bFLn@EV_@Xa@l@YbAGn@{DdMMTU@?`@RRA^kEjLIr@YJQVk@gA]Iu@w@aB`BsATONM~@@jBIrA]v@I~@a@pAwBvBa@Bc@]u@^oCPiAcAeBw@kAoBcBgAg@}@o@iBiAkFSkDFeBWiAu@oAB}@cA?i@Q@gDUuF{@uEeAcC}AkC}@s@q@aA_CwAeBw@[i@sAq@_Ay@]Ai@]?Up@iDAKm@cA_Aq@_@{@i@[q@w@IYYgBqAsASw@k@y@U{@OaADuBm@gAMgBc@iC]iAKcABi@Pk@lAyCA]Qi@gAkBaBmDkBqDkABk@r@iA~@g@zBe@dAa@Au@u@QCgAh@y@dBK~@@r@FZpAhB^zA\Xd@CVSRo@Hw@T}CEs@c@aAyA_BUEWR{@xAUlA@vAVf@t@x@b@fBXVVDb@Q\u@Hs@PmDC]i@uA}@uALm@E}A`@}@BuCFc@n@s@Pg@^]t@GRWd@t@j@a@REh@Hf@^lHtO|A{BRIhAvCd@x@RLLi@HiHOiB{AgJmAwDgBaC{BwBm@_@_BkBkF_FiBsCMc@@IZJtAz@b@FA_FFo@p@oBbA{@zBBxB|@dAv@n@IZe@VyAZq@v@q@~@?Xy@f@i@Hy@N_@hA{@Fg@E}@FMpCa@hE?fBm@|A{@l@F\Oe@yHPiCKe@SSFa@CqBIwBw@cEmAkC]yAQ}AFu@Qq@NQ@O{AyJsAoOq@wEFJDSMcAPcArAcCd@e@bBq@hAs@,2,,,,GI
149,2,Evening Run,5051.1,1565,1570,55.1,Run,Run,0.0,8456628649,2023-01-26T19:08:25Z,2023-01-26T19:08:25Z,(GMT+00:00) Europe/London,0.0,,,,2,2,0,1,0,False,False,False,False,everyone,False,,"[51.57948888838291, -0.09960358031094074]","[51.58007109537721, -0.09930132888257504]",3.228,6.564,,False,,,False,False,65.3,20.7,9073092568.0,9073092568,4f1f3acb-2946-42f3-92f4-5ecf73881c4e-activity.fit,False,0,0,False,32760347,1,a8456628649,{`yyH|_SH~BCh@LzCLh@FHX?j@SXCDGr@SN?v@KNEFH?ZF~@BHJNBJBhANrBBHEb@Dt@Qd@m@~@o@t@m@j@CTDJLFRl@`@|AVXZf@p@xBRlAj@nATz@JxBT|AAG@A@@BTDPThAHhAJdCDLXlBFj@Jb@@VCZBPH?JChAw@NSzAcAdA_Af@]d@a@h@]|@o@HOPWDATAVGXFnAp@XRXLfAZr@f@j@j@JDl@n@f@r@~@fARd@\fAT^AR@H@@DAJGXi@H_@Rc@HS@WLa@V]Jc@Te@N_APi@Zy@P}@d@{@x@wBf@eAPo@?KA@BCHS\c@ZWf@}@X[Zo@Vs@\a@Z_A^i@Rq@p@i@`@UHKFWRUx@a@TY\Yh@kA^c@HUd@c@D?RDJIV_Bf@_A`@mATSE[LYDUCa@i@gAK]Ym@K]Oa@W_@Qg@]a@e@aAm@aAKY[YGIUc@o@yAa@w@SSs@qAs@aA]_@Uc@m@o@iAwAa@y@Ye@UWQ[Q[OOe@{@WWUa@[_@cAcBe@c@QY]s@QSYe@OKeACi@Fm@VIVG?gA^cAf@OFYFcAh@i@RSNi@Z_@LYDMFa@VmAh@WV[NWFe@^o@XODUAUDo@BGBF?G@WCEEg@Nk@DsA\IAOIq@ISJU@AJCBY?e@L[BSAYF,2,,,,GI
150,2,Lunch Run,7109.1,1996,2006,72.4,Run,Run,0.0,8427565826,2023-01-21T12:51:57Z,2023-01-21T12:51:57Z,(GMT+00:00) Europe/London,0.0,,,,8,3,0,1,0,False,False,False,False,everyone,False,,"[51.579418145120144, -0.09956996887922287]","[51.57706635072827, -0.09866044856607914]",3.562,5.362,,False,,,False,False,51.4,21.5,9040902589.0,9040902589,883a80a8-e94f-433c-8a7a-54e38a433fd8-activity.fit,False,3,0,False,32760347,1,a8427565826,kayyHr_STlGBfBBNDDF?bAe@x@Yh@E`@IX?TE^AtCBXEz@?\Dl@Pj@^VV`@Xp@BLAHGZWR]p@Sr@Y`@IDNDFRBDDHd@JZHHPF\Dn@Ij@Cf@MXBfAA\DJI@G@c@HSFBROt@CXEXKPC`@A^@PAb@DVHb@Bn@Pp@@|@HPDHNBR?vBHL^LZ@r@Eb@Ff@@fAGlAOhB@`@Dp@E`@Df@EVEXa@JEFIFu@f@g@DMDUCa@GSMUUiAEOeA{A_A_B}BuCo@sAqAgBOOg@}@Qa@k@g@MQWi@g@}@}@kAQa@m@_AwBcDKKg@Om@Wk@M_@?_@FW?QDw@f@eAz@MTS~@OzAQhAC^?^BJVXlAd@VDJCDBBHO\Qn@Ml@MjACjACb@?NFOBd@UvDCjA@RN^`@`BTp@DBx@Aj@Jj@@dBLx@BXJx@Nj@FFBDJKjAEz@@FBF`AN|@Qx@Jn@Bl@AZGv@EpBHt@Gz@Bb@CPGNKPYRQHU?SDMj@YPOBKBSAYIc@OYa@m@uAeBUa@y@iAc@y@QOOGUOW[aAwAEMOKgADy@Gu@H_@L_@ZOHSBQ?ODQCIIKE_@?IBINEVAX@XNvAIb@KpAS~@W`@WVi@Re@F_@KOOUMSWEOCa@ZeBdAkE@m@OgBA]BSFQLELJVh@Pl@d@`Af@bBX|A@ZI^QfBO`@MRSTa@X]P_@JMA_@Ok@u@Ig@@UP{@ZgAl@qCFo@Ag@K}AG}AIm@o@sAGEQAw@LYHMHQPCFWx@S|AG|@IdHKdCAfCE\GLIFM?KCg@SYGs@a@c@c@_@u@]g@Ow@O_Aa@gEEcAGMi@}@ECUDeC|AQHCFFd@CDGEESAOEmBQyB,2,,,,GI
151,2,Afternoon Run,13419.0,4197,4305,187.2,Run,Run,0.0,8390992613,2023-01-14T14:28:37Z,2023-01-14T14:28:37Z,(GMT+00:00) Europe/London,0.0,,,,32,2,0,1,0,False,False,False,False,everyone,False,,"[51.579401548951864, -0.09981857612729073]","[51.58064332790673, -0.10162948630750179]",3.197,4.974,,False,,,False,False,100.6,21.7,9000319510.0,9000319510,9de646f5-bf5f-4ac4-bbb6-78336e30d765-activity.fit,False,5,0,False,32760347,1,a8390992613,cbyyH`aS\tHFXLHtB_Az@BjF[b@LfCH|B~AXBb@GfAaAnBs@P\H~@Nl@LRZHhD[BURMlB@FKDu@TO`ABbBWjBDdFv@LVUhDMjDGRUBi@^mBpBa@`Ae@d@yAxBUh@YZo@vAeAzCq@zA[nAg@rAu@lCSzBBEWdA_@hCa@rB_@zFI|A?~@Qn@LvAUdG?hCQ|H@z@MrCH~@@bCUxIMpBmAxIe@xEH~@QhBGnC@h@HTHDEvC\lEDdBRbBAdANhCHvFIhB@tAQrCCbCq@tHg@|DO^Kz@o@lCmBfGWhA?f@Lf@Gx@O\OrDQLc@fA[`@MOUyBECc@VaARyB?Us@MqBa@}JEmDiCQc@Ri@jAA^Pl@i@zB?b@PtAC^[xAC~@O^@XGVWDOg@DHAGG@k@|AYGYFORI?q@Xw@d@@Xs@zDA\LhAz@nBJr@e@KeEuBq@Oc@Bw@`@oGlBiD?q@NgBH{AI]Y_@AGqAEqDSaCYqBgAiDuAaC{AuAq@}@sBqAmBy@m@w@_Aa@aCuACYn@oDCQq@oAs@_@Wg@Qi@aBoAGMGaAOm@s@i@s@}Ag@g@c@gBEcA?mAK[a@o@CgBS_AUgBWcAO}AfAqB^gA?]]eAiAmBmAsCcAgBk@sAk@g@SJ{@tAK@c@q@MgAEIGDMVEZGlGQn@SVW@i@Ui@m@i@BsAlBSxACl@Fb@b@p@\VNVVnATb@PHb@Kb@e@J_@FsBJaAAqA_@s@cAmAESJo@I}@j@yANcDz@iAj@kAr@GMKSkAVBLn@l@`AbA_@l@ARJp@lADIIq@DUhARNC`@y@Nw@GyAQgABEZCNr@n@x@N`@|@jAP^`AfD`@xDFLHCn@_Af@iAD_@iAaH_@aB]_AC[XcB`@mEVcBCoAUa@Cq@BqFFYb@w@]yDCeB?k@RqBVm@X]XmA|AiADa@Is@FYnFs@b@NrAGfA]t@k@v@[VZr@I@I[}DAyAKw@A[P}@B_@Uw@OQHY@eAIyC_@gBiB_F_@gBMyAD{@GWOQPa@EaAk@_E]}BEACSD[MyBWsBEDAu@UcCc@_DE{@IIAu@DKMeAZeAtAuBZo@dA[rBoAXINOD[AGLKdE_BRJFT\hF`@zEDPNB\bDv@q@j@WN@f@i@dAe@JWhD{AzDiCf@MNFjAg@xCs@,2,,,,GI
152,2,Run with Hortense,10095.7,3486,3949,18.7,Run,Run,0.0,8381828012,2023-01-12T19:14:31Z,2023-01-12T19:14:31Z,(GMT+00:00) Europe/London,0.0,,,,29,1,0,2,0,False,False,False,False,everyone,False,,"[51.491405479609966, -0.09985134936869144]","[51.491847122088075, -0.09808679111301899]",2.896,7.241,,False,,,False,False,12.5,2.8,8990163436.0,8990163436,4f069d27-ce74-4e17-992f-8c4886d1f846-activity.fit,False,22,0,False,32760347,1,a8381828012,i`hyHj_RE_@Sc@E[KIWTa@z@MD[IYJc@@QDa@XSDeArAc@lAw@DuA_@IBk@fDKjBCJKFIXBjAEf@KRa@^i@POJGT_@tB[@Yd@SLQVSf@k@h@Of@}@rACVGNm@j@[f@URSDUV[h@s@xAq@r@MdAKTGFq@OQOi@SmASUQWEQM[ESMw@GQ@aA`@S?CVsAKe@c@c@GkAHQG]JO?o@h@OBe@QgAQSSIS]VWJkAO[Dk@V{@Du@e@UAc@TYDs@McBDOCy@e@YIa@@g@XkAYI@?LKJ_@NH?c@QS@YTk@Ro@FQd@Ct@DnAGzBNp@EdAF^E|@Dz@DHn@GRPD\AVTnBMt@ARHRJ@b@m@F?X`@VrANb@Jp@M@JRHt@j@jCj@nBd@jCHNPRLj@?PCNQXSNYb@cA`@}@j@UVGRBz@RH`@lELx@?l@RfAXz@Pv@dArAh@pAvBfCVLPARVFXFHPBRNf@n@RNzAVhBp@l@J`@A~@T^BfBl@tCVxDj@BNAEAt@EZD`@Eh@@`BEzA?zBEhE@p@Gt@IFs@CmB]{@CeDg@iA[kAKgAa@aASSZKVw@?[SuAIu@]oA_@c@SQOMYuAu@Ya@YK]_@UKi@g@qBmAw@w@i@y@iAqA]i@i@uAYc@Ig@Qi@Ia@KOOo@e@oAMICIGaASoAWqCa@kAKkAKWAsAQgAQkCKo@C{@IUCaAIc@CmBKuADgBC}AHoAC{AB_BCgBBeBCkBEM@m@EgA?kACsACuEEi@g@_B?SFKXYl@IlA[vBFt@JbG@t@Mb@e@RGf@PpAH\VIDGG?GJOhAJh@Ih@N\Aj@VXD^Kr@At@JfDFdAKJMD?t@Vj@Ix@HjCIFHDVD?`@Q`@GlAKj@BjAOVDFVLJ@q@RKh@Fb@Cx@Lt@GxBRd@ET]HEj@H`AkAVm@h@i@T_@pC}CPu@n@u@~@_ABQd@w@Pk@HOXSf@u@AJDIp@QHQJe@T_@JGj@B?UMc@E[?e@CWFkANiAB{@Jg@NUREtCDHQ@q@Ei@c@_@_@Eq@e@G?Kl@B`@Kf@M\NaAEUBtBGTSPCFEj@GNIn@CnAM`CSx@Yj@ML}@`@AE\?VUJU@[DQh@a@HUCsABuAHkAT}@^U~@I,2,,,,GI
153,2,Afternoon Run,2381.4,778,820,6.4,Run,Run,,8355067415,2023-01-07T15:46:07Z,2023-01-07T15:46:07Z,(GMT+00:00) Europe/London,0.0,,,,0,0,0,2,0,False,False,False,False,everyone,False,,"[51.537555484101176, -0.15117273665964603]","[51.53579528443515, -0.1272706501185894]",3.061,7.524,,False,,,False,False,36.2,20.4,8960417677.0,8960417677,3544133b-4fb6-4773-87af-236699e9dd41-activity.fit,True,0,0,False,32760347,1,a8355067415,wvpyHlz[V_Af@iA@]JO@QKa@W_@w@k@Sc@IG[Ig@k@GC_@{@c@q@c@aAUQMQGFw@mAg@o@KOK_@MQWw@a@eBSq@AoBBu@Ki@KWFg@d@}@h@[X[JUx@e@z@w@h@o@BK?KEY@WCM]o@[sAO]Y{@Kg@Yo@EYSc@g@uBi@kA]eAYcASgAGOMOGQKOEUBO^gAl@iATm@Pm@h@_@b@e@r@SVSZOr@Md@Wh@_@`@M\WN_@EKSWi@gAOmAGMIGCICa@BSRk@b@e@`@aAh@[JYH[DMVEP@h@CR@\AHCFIJo@TQ,2,,,,GI
154,2,Afternoon Run,3688.8,964,974,21.7,Run,Run,0.0,8353323623,2023-01-07T15:24:23Z,2023-01-07T15:24:23Z,(GMT+00:00) Europe/London,0.0,,,,0,1,0,1,0,False,False,False,False,everyone,False,,"[51.53658444061875, -0.15227805823087692]","[51.536664655432105, -0.15231996774673462]",3.827,5.438,,False,,,False,False,42.3,30.2,8958449388.0,8958449388,f17690c6-47a5-4f55-bf47-ebf9c141ffe5-activity.fit,False,0,0,False,32760347,1,a8353323623,ehpyHtp\h@MpAg@f@M\AdAc@tAYn@[PAD@B^Cj@Br@DPHNLHVBl@GL@`@VJNf@t@Tf@Nh@Hj@FdABpFDrAr@dHR^lAxAr@dAPZVn@~@x@b@d@NV^p@Ph@R|@J`ADp@Gf@ENYNm@JSLSb@e@`Ba@`AMHMDS@[FKJWLEDKBg@d@WPgAh@gAb@eAz@cAjAILI\_@`CQt@Mj@EBA?CKBm@\iDL{BVyBJ_CASDsAHq@Bs@Hq@DaATaC@{@CGGA]BsBd@[BMEEGIYIBMf@QR]B_BVa@BWFg@Du@CKC]JG?KCCEAk@Ei@Dw@Nw@tAwFp@uDXaAXuBr@{CRaB^aCHaCDi@FQb@_@V]JWB[Os@YUUKi@LuAh@UL_@Je@Tq@H,2,,,,GI
155,2,Afternoon Run,2628.9,857,1046,13.9,Run,Run,,8355067908,2023-01-07T15:07:14Z,2023-01-07T15:07:14Z,(GMT+00:00) Europe/London,0.0,,,,0,1,0,2,0,False,False,False,False,everyone,False,,"[51.53424798510969, -0.12713519856333733]","[51.53750385157764, -0.15234737657010555]",3.068,9.732,,False,,,False,False,33.1,18.3,8960418468.0,8960418468,24fea440-093a-4138-a26b-b7a47b62db51-activity.fit,True,0,0,False,32760347,1,a8355067908,}tpyHr|W]Vo@~@Sb@k@h@EPIf@INGBCCE?KJERHr@@f@GfBG\c@~@[h@Oh@QVw@fCU|@y@zB[d@u@n@OPaAxAQt@Ef@GZ]t@c@pAQ\Mf@i@dACp@GNCDQDYJIFc@l@IHYr@G^?b@HdAFb@?XRbAAr@Oz@Wx@G^Wd@AZQl@EZ@JDFN@ZCNH?BYZCLDl@RxA?j@CPm@bB[`A[p@ALBJ?FSRWl@a@h@G\Iv@?`@Dd@h@hBF`@?~@F^HZT`@BPN^Nl@JLDVHJ?RlB|F}@f@d@l@TtAZh@BR?d@Ff@XjALr@HPHh@`@h@Pr@NTLb@Zf@Xb@RJLNVb@VVZRRT,2,,,,GI
156,2,Night Run,5241.6,1525,1645,61.9,Run,Run,0.0,8333670499,2023-01-03T21:28:56Z,2023-01-03T21:28:56Z,(GMT+00:00) Europe/London,0.0,,,,9,0,0,1,0,False,False,False,False,everyone,False,,"[51.57950397580862, -0.09961732663214207]","[51.57702268101275, -0.09872348047792912]",3.437,5.532,,False,,,False,False,65.9,22.0,8936508391.0,8936508391,b790d9cf-2487-4703-b32d-a6e9f3f57e6e-activity.fit,False,7,0,False,32760347,1,a8333670499,mayyH``SDlA@j@Bb@@rAJzBFVH@VMv@Yd@Yh@Cn@KJ?FFZ\FdA@FH?BD@v@PpBD`ATbA@XEJg@d@ORQN_@d@a@Z]LGDGX@RFXNj@P^Lb@Vh@J`@Vl@Xd@h@nARx@\|@VbAd@fCHl@@\VtBVlDRnB?^Hj@H|@@^AC@I@H?FIPL`@Hf@FnATrAh@pAd@|@Tn@PRHXNVT`AFHVDj@gAJMVS\i@f@_@b@e@^q@h@OROLS^_@TOf@U`AuAdAeAXa@Jm@lA{CCI[Qm@i@q@c@G@i@QaAe@OOUGUMbB~@b@PJ@PPRBRF^ZdAf@JZNNJTNNn@`A^\j@jAHDPMJAAVZl@B@d@_BNQl@iA\u@Pm@Ra@Lu@N[La@Xi@DO@]^o@Ha@Zm@Rw@P]N_@Hi@DIHi@Z[fAsBNSR_@Z{@^g@Vi@Zg@HSf@o@Te@b@e@P]PUrAkAh@mANUd@i@@EZMJAJBHCXs@ZqA`@}@|@_BBG@QCa@KWg@{@E[a@i@w@sBIOOMKc@aAoBoAyBy@_B_AiAUg@u@kAUc@k@o@_@[a@k@m@gAo@eAY_@EAGImAkBiAoAWm@]o@OOO_@QOW_@a@a@KQMYW[QGUAw@BKBYLg@HIDWT}@f@k@Ra@J[Ny@XWLg@LMHIJKFM@YLg@Li@Zi@n@k@^]PcBn@,2,,,,GI
157,2,Afternoon Run,5536.1,1788,1997,57.7,Run,Run,0.0,8321976301,2023-01-01T17:15:27Z,2023-01-01T17:15:27Z,(GMT+00:00) Europe/London,0.0,,,,2,1,0,1,0,False,False,False,False,everyone,False,,"[51.57957044430077, -0.09917593561112881]","[51.577791133895516, -0.0989548210054636]",3.096,6.022,,False,,,False,False,65.5,19.1,8922883234.0,8922883234,ff1816d0-85d0-4584-a3e2-a116ca0ad045-activity.fit,False,0,0,False,32760347,1,a8321976301,_lyyHzlR_@Fy@@aAXo@DU?QHEJHf@Bd@FPZvBBdBAh@Fv@Cj@Dt@ApADrBJbAF|BDd@?|@DRHNFj@CNAp@B|@DRNDFEKa@@CNIb@GZGn@@l@GXKVAJC^WZEHCNM^G\SlAaAbAg@hAq@ZELGn@]NAZPREN?B`AFNGDJT@LCd@HTE\@jAJr@LdA?PIVQNK`@KFQTu@l@EB@EGJ]TAJ?XZzAlAnDn@lAZz@h@`Bb@hBj@tDVfDRxAb@bGF^FDNFXMt@g@LMj@_@EAA@AALMl@_@l@[XY`@U`@a@^Ur@m@XSz@_@Ha@FMZCPDV\v@f@zCxAlA|@VVH?DBN`@TRd@l@jAxBPTLb@ZF\u@j@cBXo@~A{E^oA\u@v@aCZw@H_@N[BICQJK?ILOHCP_@T]HQ\a@J[Tc@b@aAVc@~@mB\e@z@_ABIHKl@i@PKZi@d@m@l@iAX[d@s@NINAJDLCTYDu@Hi@d@{AHMJG`@m@DUAOeA{B[e@g@uAY]e@_ASQEOc@y@{AcDUo@]s@m@w@o@eAiA{A_AwA_AmAi@w@[o@q@i@s@yA{@aAc@u@a@g@O[_@i@g@s@YYy@mAQO[E_@H_Bx@UPo@\uAp@SNe@TONs@PwA~@kBr@uAz@aBp@]LQ@yBLACB?E?GC,2,,,,GI
158,2,Evening Run,3321.2,881,945,53.2,Run,Run,0.0,8194975053,2022-12-01T19:54:03Z,2022-12-01T19:54:03Z,(GMT+00:00) Europe/London,0.0,,,,0,4,0,1,0,False,False,False,False,everyone,False,,"[51.57945024780929, -0.09963895194232464]","[51.577956760302186, -0.09899362921714783]",3.77,6.45,,False,,,False,False,65.5,22.0,8779073285.0,8779073285,e260edf5-5e39-4f1f-a3c6-084c5058ab6e-activity.fit,False,0,0,False,32760347,1,a8194975053,s`yyHf`S?pBNfA@lAAZ?nABNDBLAr@_@NGZERSr@QD@NJJN\@JBJZDZ?p@LdCFt@PhAC^BR?NOLYP_@Z]\ILMFUVOHGTAXBJTd@Nx@L`@lA~Cd@hA~@fCLh@Rv@^~BDt@TdBBl@L`@?KD@N?t@Uf@[|@c@DGXOd@Kd@Wh@S`@CR@\LLELQDALj@FRRVPN^Tx@^F@DAFKEGAD@CF@f@j@HHjAj@H?JSVwAb@kARcAZgAp@sBZq@\_AZe@\_ARc@f@uAv@cBDWMMk@[s@}@aA_Ag@o@ABAEH@WQsAeBIUCQOOGQB_@VgAHuA?w@EOEEGCI?UH]?c@CoB?WDcA@OCMKUiAA]@KMUK]a@}BcCuHMcBK{@SuDG_@GoBSsBGSK@OF,2,,,,GI
159,2,Morning Run,10131.1,3129,3601,169.0,Run,Run,0.0,7863981362,2022-09-25T09:44:50Z,2022-09-25T10:44:50Z,(GMT+00:00) Europe/London,3600.0,,,,28,3,0,1,0,False,False,False,False,everyone,False,,"[51.57947958447039, -0.09954817593097687]","[51.5901165548712, -0.10417817160487175]",3.238,5.42,,False,,,False,False,101.1,21.6,8403932001.0,8403932001,dc344bc9-3453-4965-8d8f-ed211a84be98-activity.fit,False,4,0,False,32760347,1,a7863981362,gayyHl_SDhCAvAD\DvBD^FFPCZYRGb@GPKnA[~AAf@G\Fj@K`@F`AD`@CHDXFdBjA|@Jx@[JIDMZYn@Ix@SFFJVNFPr@PNLDhAJb@Cd@D^Id@@~@KLGLi@LMLWFEjAIj@QXCvBNhAPx@D^CZJLRLr@BT?nACXA|BCZ[Vy@nAc@f@WPo@x@cDhFk@r@e@nAUv@i@dAc@lAOTQ`@M`@Or@Qd@Ot@Yp@ETgAnHy@nGYrD@pAE`A?nAM`D@|BE`@OrGBn@IvBArBIxA@jDCf@@z@HpAAV?jBKjBMfAC`@]`Cc@dCKbAEfAS`CE~@Eb@IpDBP?TEfAD`CJpBLjAJnBNfAD|CJdCD~BCtCCRBp@At@KtCCfBM|BWbCSvAO|@IZKn@i@|Bs@|D_@nAy@tBU`A?RBP?PHJCRBRGj@Sh@CVGvAFRADGVk@pAILGBQEa@wAIGe@Zk@PgA?o@HUGKUG_@?aAMsCG_C_@cIwBSO@QLSZMRI\Cd@@j@Eb@?RIRMN@LFMAb@ACDb@EfAKTC`@EV@p@APWRS\YPm@pAe@Rg@b@i@Re@ZIJEJU|AKh@K\Ez@B|@Jd@@f@Hn@BFDGCKFBH\AD[?o@Mc@U}A_A_@I[?g@F_D`AoAf@c@HEAMHo@NgAFo@AoBPsADkAEe@Ye@ACUCoA@mAGm@IgBg@yDMm@Sq@k@sAsA_CDCACGHWU_@]m@y@c@c@OG}AeAg@SYY]Kg@i@a@OqA}@_@Mu@u@CGA[FUHMD[Hs@AOYw@Ya@SQQYQg@Wg@SWMIQEEDHFg@q@GQUmAQ[_AeA}@gCO[I[Ks@Cg@@u@CSi@qAAc@g@}CGw@[gAM{@Cc@@WJENWTk@Ro@Xk@Kq@Oi@Se@QYc@uADE@FFG@BHO?GIDFSLm@HoAIqBE}GOwACm@@y@K_ABGLDFCNYFYTqAA{@B[\sAHc@HaAnAaGJw@^uEHYLQFWEsA?_BCi@Bu@Fe@Va@ZUZq@\kAP]pAeABGD]G_@@KDMJIpBo@r@@v@I^F|Bc@l@AbAUR?x@NHIBYDs@CaD@q@KqBLiA?SEq@GQOK@MH[?IC_A@eAUkDo@gDYo@Wc@Uo@[kBAU@UEBAACE?IKU?QJSCw@k@sEa@gCIgAC}@,2,,,,GI
160,2,Morning Run,10407.6,3275,3388,153.6,Run,Run,0.0,7558125699,2022-07-31T09:48:24Z,2022-07-31T10:48:24Z,(GMT+00:00) Europe/London,3600.0,,,,32,1,0,1,0,False,False,False,False,everyone,False,,"[51.57935067079961, -0.09965881705284119]","[51.59007892012596, -0.10464822873473167]",3.178,6.456,,False,,,False,False,101.1,20.9,8060376529.0,8060376529,7ae823cd-67c4-4c69-a6d4-494409b03dd4-activity.fit,False,31,0,False,32760347,1,a7558125699,}ayyHzmRBILI?MKs@HGZAd@QhAIVIx@AfAMh@Sx@?n@QjAE~@YhACdBYDDBN?z@Dv@?bAFlBZnELpALVFDDCAOBOHIfBmAXKV@VVRf@FTNjDH~@Nz@n@xBZp@T\z@j@z@NlBCbCi@bCFhAThAFfAVL\BVAb@MxA@~@Cz@IrAEPiA~@e@j@s@j@aAhAa@h@g@|@o@~@u@nA}@bCy@fBaAbCQrAw@bCU~@YdBw@`HSfA[~CKz@I`CF|CMbD@x@Ct@BjACpBGpA?tAB`@@tAI|BAhAGp@ClBOfBClB@x@EjBMxBWbBYxC_@jCGvAKt@Ep@IdE?n@Dd@AzADjBBp@TpBPhCPjEFzBDl@ChAFzA?hAKdB?vBObA?hAc@fDGnBMxAe@zCw@vCo@pCw@`Co@lCCXB^H@HA@CG?Kv@g@zACj@Ef@@t@Ef@ILYZMh@MRG@MSUwAKQ_CZ{ADQSIUCS@u@C}AG_BAcBQgEGcC[Cc@FgAAUJKLa@x@ANH~@F?CJEb@Yn@GFFFGNo@b@}@Da@G[FSVQf@Gl@Cn@Dn@Hf@?zACZM^s@h@[h@M~@KhASxA?r@Hf@J`@Xn@Vt@@EUG@A@DBREBsAQq@SoB}@_AMCBP?[JgBZe@XgD`AoD@wBXmBJe@CIE?GWSOAIMCa@Cs@@uCIyBo@_Em@eB_A{As@oAUWMEMM}@mAcFuCo@q@cBs@c@KuAm@AId@q@DKZmCCO_@q@[Y]MQQe@_AUYg@Yg@e@YuA?UESYa@e@[KMIMWs@Y[q@sCEaABk@C]K]Wa@Eu@Ms@Gq@@KJ[Na@DBI[Mu@Gg@EqAKu@GOKIARdAgCFWASK_@u@eAUe@AIRa@Rm@Hw@AY_@{A_CeFMYCS@[PUXGp@Bb@e@HSHa@?WCk@DSv@cAp@ARMDI?ENAJGB?@PH@RQRK@[?}@HaBB}ANsC@NBy@B_ED_CEmCFoEGoADc@T_APMPEXk@VWLw@Lc@zAmAFm@Ce@@MDKPGxBYlAGf@LvAQd@[t@WxAy@dAEDI?gAM{AM_AKyA?UR}@@MGm@S_@@MFM?_@O}DMu@Q{@O_@e@sB[}@Q[Qk@a@_C?KDUSm@NKBM@M_@}B_AgFGm@?e@EkAOsBYsBYcEm@eCBFBC,2,,,,GI
161,2,Evening Run,5329.6,1479,1644,70.2,Run,Run,0.0,7532943438,2022-07-26T17:49:49Z,2022-07-26T18:49:49Z,(GMT+00:00) Europe/London,3600.0,,,,2,5,0,1,0,False,False,False,False,everyone,False,,"[51.579376235604286, -0.10080361738801003]","[51.57515955157578, -0.10136822238564491]",3.603,5.402,,False,,,False,False,50.9,25.0,8032446598.0,8032446598,63622076-df2f-4cf6-a2e7-f02c5609aeff-activity.fit,False,1,0,False,32760347,1,a7532943438,abyyH`uRBRCVJpEAn@HhABbA?vF@`@HRJFRC~@e@`AURAp@Kx@Gj@Kh@@ZDR@JCJGbAAdAFJAJ@l@Zd@`@Z\LJp@FHCb@Wh@m@LIbBk@DK?IGc@Qo@Oy@YiAs@kBMe@q@gB@ED?DM?WBO\a@PKn@Wd@K\CD@TRRDHAHYJcAZyAv@aC\k@n@kAr@gARWJEXFTEj@ADC^o@NMVIv@GVDRNFLHl@NZNJ`ATv@Jh@GJBPPdAhBPVTp@bAzBl@bAx@|@^VRDH?bAg@LAN@JFtAhAh@l@`DrEr@lALXHXHr@F~AC~@Op@KVMHWAWFKBk@b@]Jg@De@?}@Dq@@uCPkAEs@YMK]m@c@iAQsAAeAGw@KYQIc@?MFc@BOPg@`AONWLJCGHKB[?]O]EQDQHSDCAD@@A?BGFG@o@B{@Ha@Ce@?KCk@]q@k@_@g@q@{AMe@c@oAMs@Ek@?mACk@@oBJaAT{@^wBLS\]r@qAj@y@v@i@^OVGb@]f@MdAQz@[JCZBd@Fd@BPLLZZh@Xt@Tb@TZ^x@XdAAHAEDPZdAd@jAx@~AVjAJlABr@Et@@dBC|@Gz@U`BMb@YZu@\KCy@Es@[]Si@SMAWB_APS?iAEcAMa@DyAGy@Ko@OOG_@[e@m@Wa@Uq@Qw@]qBWw@ScAUi@UYKGEAWF{CfB,2,,,,GI
162,2,Running with the 'rona,11350.5,4909,5890,172.0,Run,Run,0.0,7281902338,2022-06-09T17:10:21Z,2022-06-09T18:10:21Z,(GMT+00:00) Europe/London,3600.0,,,,1,3,0,2,0,False,False,False,False,everyone,False,,"[51.57939643599093, -0.09907107800245285]","[51.58914844505489, -0.10253054089844227]",2.312,6.77,,False,,,False,False,101.1,20.9,7756664409.0,7756664409,f3d81120-1940-4ca4-a61c-8f8ed3ce56e6-activity.fit,False,0,0,False,32760347,1,a7281902338,ebyyHfjRHNF@\InEOrCYp@QdBSvDS\D~@`NDXZf@lC{AZGLN^t@H^PxCTxBLh@h@zA|@xAfAf@l@H~AAlC_@vAA~El@ZJFN?l@YzHW@qA|AqAnA_DtEw@|A_@bAaAbB?MIIAFPZa@r@sA|Dg@nBWx@}@tFOrAL_@LAK^i@tDK^?f@SpBC|ABjAE\IhEOb@Cj@Kf@KbHBb@G`BBA?}@Fi@FNAz@B`DEnCKjA?tBM~BCFCGBTCLYfI]zDcA`IQjCEtBL`J\~ETpBVzK@hAG|A@xAIzDMfCw@xHcAjGsAtFuA`EKNAMHGT~AIj@DV_@~@Op@C\Fx@Uf@S|@ORWWe@uB]`@mAVy@IgAHD@QYGWM{BKuFSwDCaC@f@{@YmAKa@J[h@A?BIKLC^DdBOx@GF@AEKDZECOLi@n@IAPQILQFkAFo@XEEYtAATHfBEvAIh@m@dA_@rAi@fEBnBEWEBOAG}@Mw@_@_BSg@g@s@_@SBEEMs@q@oBkABE?MIY[i@W_AYk@c@aDQe@KEi@F{@GLMCI_@FSGsBJCVBf@I`C?jADXTh@LbABtA`@fIJhFAKSL}@NYNUCoAPqBKIMSG?GQCGKB}@G{AMeAKgBa@cD[qAyAgC?IJQAIBGO?JI@HEDDMCJBCIB@IIDc@Ow@oAoA_B[YeB}@k@k@iA]}@u@w@Su@m@EKg@SI]@Yh@{Ce@cAq@g@@EGAUYUe@I[_@YkBwDs@u@c@o@[Wm@cBKo@A}@@}A_@}@YmCUeAAg@CQYc@S}A@g@DUh@gAt@qBGa@y@yAQm@J?BLSYPSPs@Ka@K_AGs@?gAh@sAFm@YaB[wB?sAI}@K[FQTI^o@J[PyBEiAb@yA^_Cn@iBJg@PcB@kAd@k@Ru@FyAIaF@k@F]Zw@^Q@J?Yx@wCRWjAy@HU@YGm@q@gAe@kCpAIv@UhFUv@MLPJ`@NtBJFDIf@vA?TFCFM?S|@k@R]NM~@]HQOuCAoAO}@A_@@UP_A?OKo@W_@Nm@IyDc@_C]y@Km@g@oAi@mB[iBA]DS^[?RLQDYOk@E_@IQ[wAw@}EI{AMy@w@yIs@wEGiAO}@A[]{A@QXK@KXa@z@s@\M\@r@[ED,2,,,,GI
163,2,Morning Walk,33080.0,26661,34442,1801.9,Walk,Walk,,7024072281,2022-04-22T08:53:10Z,2022-04-22T09:53:10Z,(GMT+00:00) Europe/London,3600.0,,,,0,0,0,1,0,False,False,False,False,everyone,False,,"[56.86788716353476, -4.8615760914981365]","[56.88731306232512, -4.884505961090326]",1.241,5.382,,False,,,False,False,1146.1,103.5,7476088378.0,7476088378,12cb2473-8d79-4f37-9d47-7ec5c7f356c6-activity.fit,False,0,0,False,32760347,1,a7024072281,g_bzIzot\dBwDtAPfDyBzCxJhAzAr@ArJoKpA_D`HaIbGwMfBYZcA`D[f@iBMgErBeCt@kG~@sCD_CjCmEfBoJxCaE|AeEh@{CHoFbBcJxAkAhIaNxEyBjNqBvBbAnI{ChHcJbB}EbBkALs@e@mAXkB|Ai@fAeBrAGjDiEfBsJvFcJlDwDjDiOnCqD`AQ|B{DMaD^iAlDa@fE{GjHoEp@sB~DeCdHgAbE@rBeAdDf@nHyE~@f@|@~BjC}Bt@_Cr@QfAJzCnCtAFrAjERtAi@lB\ZP`Df@tCl@jBWxH^vAWj@RlC|AhHbBnDnAtFzD~KjClFfCrLhDzDj@vBvCzA`GbZbAxA|CnAA`C|BdH~AaA^dDnA|BxAs@jBf@hAwBe@oCXzA]@_@nGeA|A[nD{AyAc@v@gAu@wFz@oCfCcEmBa@hAJbDc@yA]\{AyDo@lBi@GuBy@mAuBcCw@aBKwCdAi@bA}Db@c@h@BrA_CNkEvFe@CMtAs@j@@lAy@b@[zI}@dD`CfH`Bf@vBzHfAbNh@r@E`ITGKnCbAjIvKpVtJnG~CHnBxBt@~BTtI~C`SCnS`BtDbClLlC`VfBlIfDhHrBtBH`A[hBFxCeCnR_AnFkC~HfAfJ|DlEvNzEdGnCzBhF|CL`AhAh@{@tAhD~DLbBbD~AN`DtFjGxG~D|IpCxHrF|NPbDdCnCtAfMB|FHeAl@j@]fGLtErAbFvBdE|CdEr@JdAhEOdCW^d@~EhA|FpCbI~BjOGbFp@dIWrFAlJp@fBR~EYdJeAnDDrAO_BZLFaA^KOcAd@sAIgJsAmI{@o@[cBl@}C_@qBTs@k@I[qBaAg@Q{@c@ZyAkCeAz@uBu@_DbBgJlAqD_@_FcCsK_IsCiF_ASIaCcGmHyAq@W_AyC\oEqKiGgCaDoCeARyDkHgEuBuEQ}@hBeBMi@nAyEeAeHkFkDmFgBsDqC_BcAb@qCiBo@eBaCkBeBeEoEkFyKKcCjA_CnCeCVa@^{D|H}Al@gA|CeAtFqJ_HcDAcDyAs@qAkL}AeIwE}@sBgB{@uAyBuBZs@cA`@pAU|BaAEiAyAq@TgC}CW{Ec@{@oB_@m@|BkAXq@pCeCWmFiH{DqLcDkFqAoIyB}A_EGuFqCyCwImDqFVqNsGuT?eGaBe@yEsIqKjE}BxEeNCcSnDuBWuDgCyDCmEiIeClBu@aAaCDeH|GmFrBeIIq@~@{@Eo@|BkDqOmB}DqF}F}LsHuE{EoZeDqAVwAzCwBCs@jA}AaCaCaA}AaD}BsB_P{B,2,,,,GI
164,2,Morning Run,2454.3,1454,1696,125.4,Run,Run,0.0,7021616418,2022-04-22T08:24:06Z,2022-04-22T09:24:06Z,(GMT+00:00) Europe/London,3600.0,,,,0,0,0,1,0,False,False,False,True,only_me,False,,"[56.884932685643435, -4.870928870514035]","[56.86790585517883, -4.861582461744547]",1.688,2.857,,False,,,False,False,210.2,82.5,7473426674.0,7473426674,ff8a6574-7e7f-42ae-9d0f-68f18ddd87f4-activity.fit,False,0,0,False,32760347,1,a7021616418,yiezIhjv\P?JTJJ\t@ZdAHNDZ?j@]lDUjB?^DLHJL?JEl@e@H@?DFKZQBGJCZYLGLCZFtAfAn@`@fBxAZHb@ERK`Bg@v@Qz@Wn@OHAHBDDRAHLC??BFOLK|@YfAMRGVAZ?lAPv@Df@FRFd@Hx@Xt@PnAd@RBXG~@{@h@o@PWJUrAqBb@q@z@y@n@eAL[F_@d@uDRqAL_@PUNQf@]?I?BRUT_@PMZa@|@{@d@a@f@i@l@{@~B_Cx@_A^YRY`AcA\i@n@k@dAqALGt@cANOj@gARM^K`AG`@B`@KDBVWZKJKLUZcAHi@z@yDHm@Dm@CcABeAASAFBKB_@,2,,,,GI
165,2,Morning Hike,29097.3,21840,28319,124.2,Hike,Hike,,6778240566,2022-03-05T10:06:33Z,2022-03-05T10:06:33Z,(GMT+00:00) Europe/London,0.0,,,,0,2,0,2,0,False,False,False,False,everyone,False,,"[51.5189472399652, -0.7221012935042381]","[51.537805180996656, -0.8930476102977991]",1.332,5.103,,False,,,False,False,65.4,23.0,7209957379.0,7209957379,85E0504C-87D5-415B-A6DC-B980D6CBA7D6-activity.fit,True,0,0,False,32760347,1,a6778240566,khmyHd`lCi@y@c@TSYaEp@sB|AyBtBwBpCuAf@wAg@YiB_@gG[eACsCc@o@MyA\u@dCb@TU}@yAUwAh@_Im@wCm@uGReD_@iFKyE?{BPIa@gB?_HHaF]mDBmLEwHUeHAbE_BaCmB|@g@aB{BeAoCKcCs@kLqF_AaAwMaDyCd@}DF_Er@kCa@wEuBMNoBkB{As@kAkB}Cm@qAwA_DgBsAkAsAoDe@Bg@iAgDiBeBwBqBu@{@wAaC_Co@^gCeAqEl@uFm@qAm@iDBgBSg@g@wMeAwOKq@Xg@bAa@C_C~KeBlDq@|CmAvDs@gAy@Dc@a@{@}Bu@_Ac@yBKFIlBd@lB|@~AfA@Vv@b@~C?rFTpE[pGUxLcDdJgAnLaEMUNBf@c@_AQL{@}@eA^k@hAoA^Ka@Mf@a@g@?t@uEDyA|DoB`IiCdGoElF{C`@wCm@[\uIiBwEDgCh@sBi@gGpAaA`@?hAm@bAoAZQg@aEdEuAa@e@v@aG|DkAbBcAjCw@fCu@bFEvBf@tCFjD?hDWxBU^DjHnA`PtHxOxK}GjBEfBxUdDlPf@lBZXd@fCrCfFJbBlAbC^jB`CzFVOOXEpCPvJdGbYt@`El@dAj@|CjBpE`ApG@dBl@nBVjCQdIfBfDxBlGz@lA^nCpBtC{A~G@pA{@dJa@~Ng@dE]`Is@|FqBrIcBpKqIfEg@C[z@sBlAk@SDWxBINrAj@ZnAxCrCbCbFxGpKzF~PnEdGtEl@~@dOpIrAxBlD|IhDxFzAlDnA`J^lFf@hAj@xCbAfBhApEvAlMFtHdDtBgAhL]tPBbGy@rHb@`AIbAY^GtBv@tGdCvK\xEr@p@MjFlBlLKzC_@hASzC?tOL|GMfEf@jIt@vDjD`GnDnCfI~CRn@|@n@dHtLhApFHxBc@|B?pAw@fHwBlGiAhEsBtKFf@~DnEbAbCnA|HNrDOrKeAfNiBfKqEnNAr@l@nA|AtGX|C}FdHM`B[pQcDlKoAzGeBbFDf@]`BkFvP_AhFGzE]t@mBr@{BeBlBpBUb@Lv@OtAkBbNkBzJs@rLQtXRxFOxE`@`Fj@tDjBnDp@lDvAzCjAjHxB`BlBzDfCjCr@bBr@h@L~ARVxDfD`LlHbHrCrEpErF~DzDdClMl@r@Wb@wAx@Mg@`KF~Bc@xCEpCRpEUzAWDIn@?f@QEf@_BHV~@a@s@wJp@kKCeFr@eFlAaFN}C_AaMIgE[o@qAB,2,,,,GI
166,2,Afternoon Run,6023.4,1999,2305,19.5,Run,Run,0.0,6569664999,2022-01-23T14:23:26Z,2022-01-23T14:23:26Z,(GMT+00:00) Europe/London,0.0,,,,11,0,0,1,0,False,False,False,False,everyone,False,,"[51.5061753988266, -0.11748259887099266]","[51.50701384060085, -0.11522258631885052]",3.013,5.506,,False,,,False,False,12.3,4.0,6985869403.0,6985869403,d34218a8-6cd0-43d3-9f5f-8a94300abb52-activity.fit,False,0,0,False,32760347,1,a6569664999,qxjyHh}UJj@^f@TLP@XZ`@RRPL@JFZf@LZHHFBPCJJZFf@AVVFAJ@^TDHJJLBPBAQt@b@JEN?BBLOHENFNN~@b@?@f@N@CPDJCLNJDHQBJTFBCGA`@JTCLF^Dl@?^DBA^JV@`@LBFD@r@IJ?j@LNFh@@`@Lh@?`ARDCN?XJ\?XDHFj@J\Bj@P\ANJFEN@VBPF\DNAL@d@N\GDBZBb@JLFb@BTDHA^SXFNHh@HZHN?HJh@D`@L^@j@NF?@VALs@rJ]rGEXCDCDG@Q?KIUC_CEa@M]Q?AA@B@CDkAI]Ga@@]CqAOK@E@ONSp@Cf@BZNd@@NGLQJE@OEOAMPOF_ABUFKABGACWB}A^c@HqAj@SGeEIIGI[@OC_@@g@GmADQB{@LoAA{AAFEAA??IIBMEOISJW@OEKA_BF_@[QEs@Ak@K]Cy@OqA?eAYeAGm@MM@GGUNOADA?DAAAI]CSb@HN@NMDG?YSoAOyA[{Ao@EMEY?MBIAIU?@ACCE@QWMGKOG@ICOKMMWi@II_@QUOe@e@YOk@c@YQa@c@YSk@y@a@u@m@y@ECYFGCGOUy@[y@S[GSE]@g@Kk@Sk@QaAWu@E_Ac@{A{@yEK_AD[BALDDAFGBM?S_@oEMmAWyGCiCG}@@qADgB?mKCe@M_@e@a@IUDgBDY@e@AaDAAENCGJc@@QCw@UiAYaAP_@f@WZD^QXEzAEp@D\EjBDd@AV@b@Fd@Cr@?F@@B?FEDI?KEG@MRAFBXEdA@LC`BEn@@l@C`BF|BCh@FDH?NM?KC`@ATFZBz@H`@?v@?C@JDfBLf@FhA?vABhACPOd@EV@NDd@BlANrAJnBFTLhABr@d@lAFb@Bn@TfADLBRVX\VR\JB?HJKF?@HFC,2,,,,GI
167,2,Lunch Run,10556.4,3708,4871,68.6,Run,Run,0.0,6496750402,2022-01-09T12:51:23Z,2022-01-09T12:51:23Z,(GMT+00:00) Europe/London,0.0,,,,9,0,0,1,0,False,False,False,False,everyone,False,,"[51.527784783393145, -0.11624065227806568]","[51.5278819296509, -0.11624576523900032]",2.847,11.03,,False,,,False,False,65.9,16.5,6907854217.0,6907854217,7094c393-1591-44f6-9c26-2f3f3e45c7ff-activity.fit,False,6,0,False,32760347,1,a6496750402,s_oyHpuUQLk@EWJHlAHZBj@v@lGAl@oAlA?b@c@Fq@l@i@RIJEZe@VORSGm@JgAhA?PYRGRc@XAP[TUl@@`@Sh@ARQ|@Cd@D`@A_@m@p@aEUML_@Go@PuAEYOa@FOC_@a@a@IuCC{AFc@GQUw@EoAR?hERzA\zAE~Bb@ZF@AGXjB`@x@B`BEZWl@w@dAq@p@WDe@`@SBa@l@u@^_A~ASp@QL{@tBEBCIBvCg@dBi@J}@f@GEgAhAgAl@uAb@sEf@g@ZaCh@[?{@e@gBS}BMq@TGNa@JeA`BUr@g@~@_CjFUv@a@t@ATP\xAnB~@fBxE|GFR`CfB|AnBEQKX]jEF^l@jAVrA[hAg@jDz@TM|@k@zAc@hETd@D\LxDNr@CnAHd@AXCS?HLfAHNDd@P`@GJLNLGQIf@KRc@A`@ESl@]RE@XDBGA@GA^\vBTnCPn@RzCd@pBJN^AHJB|@i@bBOv@IFBRxArBnB|BrB|Ah@TrANtAEHNBnCTbGuAdDm@~Aq@hCaA~B_CpJc@|@m@|ACb@Ff@HL\T^q@hBaFp@gACSa@@@Es@yAP[n@sBXg@VqA~@cCr@iCZi@Nu@l@yAIS@{@K_ACoAQmB?gAZGIc@A_AFs@q@GoB_@y@e@y@w@{@iAWQiAkBUOQi@SOGSBc@E_@aAkB_@oB]aA?{@Ie@BSK[e@sDCCELFKCMi@JICCYf@?i@gBIuAQ_Ak@iA[{C_@{A@_BLaAP_@LKJc@PMVgAxAqDCs@e@{AMiAH]AMADFC`@sAl@uDC{CMo@@y@Gk@BUNi@LFh@Mb@_BOs@fA}A`AaBzCwGfAcBT{@fC}Gz@oCHyAHWZa@\k@P{@FaAPm@nAqBj@Wr@{@x@g@L@PM~@mAt@i@N]Jw@ByAKy@GG[PYk@YwAQQa@O@c@LK@QKmBQ}@?qAQmB?i@@PBIHA`AHv@GDCIGLEjAKr@h@`A@SANK`AF`ALh@Ij@NzF\^Ov@Lf@I`@IXg@h@BHMG?OgA@UTk@?MQg@TsAtAu@n@UXOnBsAf@e@ZC^a@HWPOTi@d@QZBOg@?WLONGHUVFPCDMG_@@s@i@qB{@yE?ML]l@Y?X,2,,,,GI
168,2,Lunch Run,6578.7,2096,2585,162.3,Run,Run,0.0,6418456743,2021-12-23T12:43:49Z,2021-12-23T12:43:49Z,(GMT+00:00) Europe/London,0.0,,,,4,4,0,1,0,False,False,False,False,everyone,False,,"[54.039347218349576, -0.7160210609436035]","[54.03926029801369, -0.7159339729696512]",3.139,5.446,,False,,,False,False,218.5,120.8,6823481335.0,6823481335,02afe207-5acd-40bc-a522-304af923e9f1-activity.fit,False,4,0,False,32760347,1,a6418456743,{pyhIdzjC}@Hb@g@@@HI@BBGJ?HDDGB@@BKXIl@SvB_ApFEBQAIDa@rBCb@E`B]xGIn@@C?CQh@EBI?WPOPKHq@Ri@XYBkAGG?BBY?GEGDYDmAj@a@L}AhAw@v@GNMDW`@m@h@QVCBS@[LWF{@d@_@ZYNSP[N[b@OZG`@@d@AnAUlEE`@]rHS|DEn@CLEFQDYAq@OwASk@CqAMO@cAMc@MM?DFD?OUQIWWI@e@TO?e@GWFEBPF?HOt@UXYDSEMIHCEICc@AMKKi@Kg@QUAY?a@Eu@W]S][aA{Ai@YGIGQm@uAACG??BEEYm@Oc@WgAa@[K@IBAAOYOSUO]u@c@e@{AkAoA{@e@Kw@E}@Wi@GSWM@YEEGGYRsFPoIJmCHqAReN@cGAmAFqC@uEFmEAc@DeDG}DD{AEaC@k@Ee@AsAQaBBEBBBODq@AkAEaAD{DAyABYBC@H\FDADEH@LLFRFHF@tAEvEF^Cv@Mn@CJKHUBcCN{CXiBHaAJYLUDGRK~A[xB}@d@WnAc@lBs@NIF@DHN~@V|@b@jAlA|DjA~DVhAh@|AHV@V?EDHHBFANMhAmALCNKFIJYNM\SHID?LGJKBGABTKPEBCTEd@STQ^QVUPS^IRIj@[LCf@[VI\Qf@_@l@WNKXIb@UJC@EA@F@r@]R@PA\N?G?BXHTTPd@~@tDlAhE\dAn@jAh@h@`@X~@dAb@j@LVv@dA\n@p@bAJRNn@LTJAHBPT|@|BT`AN~@J`@f@dAFBNl@LdA?v@Dn@Hh@CHIJMb@Ir@Kb@KjAOx@_@nAIp@K`CMrAStAGRE@SCE?BPEC,2,,,,GI
169,2,Morning Run,8298.7,2737,3641,212.9,Run,Run,0.0,6401978727,2021-12-19T10:07:23Z,2021-12-19T10:07:23Z,(GMT+00:00) Europe/London,0.0,,,,0,3,0,1,0,False,False,False,False,everyone,False,,"[54.03935342095792, -0.7159178797155619]","[54.03924864716828, -0.7158583682030439]",3.032,5.108,,False,,,False,False,218.5,127.8,6805730826.0,6805730826,c98388ef-663c-4d58-b79e-9c01ae9b969e-activity.fit,False,0,0,False,32760347,1,a6401978727,}pyhInyjCC@BA@KLBB@DPMr@Iz@UjAIx@WzAKx@CHGBSFIDGHWdBYvEK|CI`AMd@IPc@`@?D@IYVGLc@ROBE?_@Bo@@eAEG@D@?CYCYDg@NuAt@wAfAw@bAULG?w@n@[^YJk@\qClBURc@r@G\Bp@Cp@w@bN@d@OzAUjEGLKBeC_@yDc@{@Eq@MF@?FS]CIIIOAQFGHa@EOE[DMJBJCTGXGHQRSFM?a@OHAGi@GSMIoCe@uAc@iAcAOWWWu@m@DA?BWk@c@i@u@_BWcAKW[QM?G@AA]k@QQEQ@A@HSg@SScBqAw@u@c@YkAMoAYc@Ig@[YEE?CDC?CEAc@LaA@eAHeBXuKPkEHcGNuU?aKByAHgBA}H?G@N@gACmBA]EKH_A?BAKHaDCeAA{@By@AmAEiA?S@GNCf@LRXF@AB?Mp@AlCFp@AhABXA`@Q^EZ?NEDEHW@[?qABw@ZyDRiANc@JSj@m@NG`@C?ATS`@Wr@UJCB@ALBLCbB@jCJ|DLxKV|N@vAFxCB@@t@GFLhBDdGRfIBzACx@?O?FBLPFJBtAF`@FPCl@?rALZAFCJSICGcE@MDMJEF@t@h@hAj@XRFN?N?IKAA@?C?LEf@ERGJ[fCMd@S|B[fBMf@IvAElCCn@W~BaB`Iy@tEMrC?t@XvFRvBBfDEvBI`AKVYl@Qx@?L@FFABV@K?BGp@Mb@Eb@@EDhAHTH@PCLML_@Ho@F?CDLGRCDCh@DXM\BXb@HJ@KFEDDF?PJTFrCLlAH~@LFBH?\HN@DADGBUVcGb@{GJaCT_D@gAFc@JORIZYf@WZWRIZ[n@a@n@[jAw@\_@L]AD?AFDJGLWZc@xAkA~@a@jAWv@CzALr@I`Am@f@k@LYF]Hq@Bk@?oADcBVqDb@oBFKXMDOz@aGJiAN{@CEEFDE,2,,,,GI
170,2,Stop start run with Hortense,12513.5,5107,5268,44.1,Run,Run,0.0,5960624177,2021-09-14T17:34:43Z,2021-09-14T18:34:43Z,(GMT+00:00) Europe/London,3600.0,,,,0,4,0,1,0,False,False,False,False,everyone,False,,"[51.527925, -0.116315]","[51.527818, -0.116238]",2.45,13.1,,False,,,False,False,37.7,16.4,6336040721.0,6336040721,4116ca72-f188-45a3-8ce3-36b564921bc0-activity.fit,False,0,0,False,32760347,1,a5960624177,o`oyH~uUi@BGRNG?xAl@xEEXJxANPd@S_DhCUFD`@VEUv@DZeAVyCFeAhAKDGQCB[h@CTHXm@`@c@dAe@vCUX?LCC@\M_ACgAGMaAjA_@De@d@mAr@LH\IsE[cAb@u@K}C_B_Cd@IM@lAW|DDn@f@|BHbAITe@PW~@DLCb@RHZYLBNz@DbDm@j@wAd@m@|@k@b@ALGE_@`@oAh@e@j@EXa@|@h@HP\eBjBc@|@kAtDI`AaBxFKbAw@hAwAxA{@tA_BhE_BbDIp@INc@MOZU|@Gl@e@zA@hACv@MXPnAB|A_@pCDRUl@?TLd@h@u@oA~CF`@?|Be@bBM~A_@`BGIIt@SBD|A[?h@`DAr@Pv@\j@Vr@Jx@j@jBALSP?`@RHATn@dARl@LnAVjA?^`@nDj@tBEv@r@ZThAhEpFhBpAbCLFLGJLGj@PKhAlAdJZ|Fz@rF`@lBJ|@Dr@L^LHDn@HFAl@JR\nEc@}@@ItEsB`Bl@hGnAhFjBxHxC|Dl@R\H`APt@pACvAm@n@If@[v@kA~@kDnAiBvA]|Ay@L[VK\e@fAm@L_@CIF[dAm@Zo@e@g@Yq@eAbAc@Fe@M_Bu@s@oAs@kCWcBF[z@{@Xq@`@cCByEa@kC_A}BaBgBqBu@w@RUcA[mCAsBOsBQw@y@OoBkEeBcBoBeD]?yC|@_H~BsBfAo@XoBP{@t@s@bAa@PeAO[i@Ii@wAvBmAlCWx@{@bFi@Wg@u@I{@Nu@r@gBZ}ACoAOBGMNUC_@zAwDAc@s@kAc@GYe@KN[?k@v@?KH@v@w@YeA{AqCiEwGo@uBa@uBa@y@g@W@Ua@qAuAyBQc@?a@CXKMwB}G}AwA?JJ@HTVe@Dg@\qAHu@IiADu@Uw@I{@Dq@|@gARk@TQTaBb@eAnBqCl@{AjB}BnAkCjBeELc@D_DLi@nAw@La@HiAd@i@CoBBu@x@gBRSt@[v@aAjCmA~@wBB_@MmBJe@B_@E_@FUKoBw@mEq@{@Qe@CoBr@Y\@d@^TMdGYzIh@hACVOTFp@SRZVDp@eGZeAd@s@p@c@rBe@tCyBp@[p@y@jA}@FW?i@u@wFe@gEDa@`@GXL,2,,,,GI
171,2,Morning Ride,46568.3,10611,13061,173.6,Ride,Ride,,5878997225,2021-08-30T08:43:19Z,2021-08-30T09:43:19Z,(GMT+00:00) Europe/London,3600.0,,,,0,4,0,2,0,False,False,False,False,everyone,False,,"[51.456304, -0.019648]","[51.441955, 0.370915]",4.389,17.2,,False,,,False,False,61.4,2.1,6250685639.0,6250685639,stripped_health_data_30351079_1630355923.gpx,True,0,0,False,32760347,1,a5878997225,{`ayHxyBg@{@P`AoD{@f@nAy@L}JmGcMIsIz@q@cFeEl@i@yFNkC]kD_@YJuD{CdDw@lEeDmAaAdCyA~Aq@U_@uAuCxBt@a@uBbAu@rC`@dBKtD}CzHwGfIgCxA{AiCoACiCj@uBnB]aH{G{KwCgI}Gg_@qAwDqDmGuEuDoARgBuEpFoFpBu@mIzF~@hFeBjC}JNy@kDu@eKiDsNn@eAgAiEaGgL{@g@eAkG}EgF}Ak@]eAaIaCkG\eBk@yEfADtAyE`A{AjBcBkD{CdCDzBfApC_@x@{GrD_ANcAw@gFrAk@tAgCj@gH@YeAiBo@FkBW_@u@`F_Be@sE{DeBuDAcBoAoGk@m@IcBTcHz@sCbGkIvGwFtYi^bG}K~EkP`BBfAsFmB{BjAaMnBDrA_PPiMmDkd@sBcQTyGvBsAp@sBs@gC_@_Jd@yY_Fq@~Aeg@r@sAi@_@l@yJD_WfBu@?sBXpBZGOqHS{EqAeDXwCo@o@m@eFb@kB{@MkAoa@x@yDiA_BSiEy@eEUsGcAyE@u@t@_A_@gCoAA}IcXqFeKgKeMmIeGo@eEkDuBsGuAsUgXLaLkBiR]qL`Aoc@kAu`@{@qCqFyl@_Jyc@a@cKJsGpAqLdJ_XZaFdCgIMeBlLka@lEgRz@gAAsBzCsKKeE_BcJJkDz@iFxBsf@bDiW|FsMhN{LhByCxAkA~AG`DmC?{@tCmAPh@vFgBpYOdBs@`BZ|NqAtHaG`AoAUqAxCiCn@zAtCqAUy@?kBpI{KfAzApAsBc@~@PMrAgFzFuL`ANJbKr@`Gx@n@~IyJF{A|@LzFaG~BeA~`@~B~OOhPgAzGqDlBkFw@qUXuBzFyFtMsQrAi@~CoDtKyPbBoPk@cMZwLWeBaC}EnG_ElE{K~CmEW}QjUwGhBqBtDvA~GUfAq@DcAeCeB[aGbDlAj@a@RaCQqCbBmObFoAzCoD`@sAxD{D`H_DvA_Bt@{CDqDrAkMbH{SB_BmDwHlIwKr@k@bAdDN|COqEf@qD~JiAzDuEbGuSpGiGlKaYdFwGLuB~B]dIyFzYmLlO_OvGwLtEyNzAyHLYRh@vC_Xp@oNa@iAj@uIxJex@n@mRMyC{A{IcE{EiAsCkCeO}CgI{A_H]aL_Da_@wFuNaDaSm@aIp@yJsAeQaDoNiHyTaDcQYoHmF_TuAwQT}LiIeKeBSuAyD_EqCY{@|@cG_C_BbAkIKmEeNa]qJ}IeBoCgQcf@hBuDiBeBpCc[iEgBeUyg@l@{WuByDo@SNuH{CS,2,44.9,False,476.5,GI
172,2,Run with Hortense,6528.6,2055,2261,40.5,Run,Run,0.0,5722262843,2021-08-01T15:24:06Z,2021-08-01T16:24:06Z,(GMT+00:00) Europe/London,3600.0,,,,1,4,0,1,0,False,False,False,False,everyone,False,,"[51.527756, -0.116315]","[51.524301, -0.122408]",3.177,9.1,,False,,,False,False,24.3,4.0,6086608271.0,6086608271,ea5c4d13-6368-4d8f-b8c9-5d274a7d8b91-activity.fit,False,0,0,False,32760347,1,a5722262843,m_oyH~uU?DDHHKLCb@LLCLULe@d@k@J_@l@aBHONSj@c@`@Ul@g@ZOTGHEh@e@ZIFGZMn@c@HAJHHA~@cBDCHYTMRQjAiAXm@XuADqAAg@P}@D_ABWL[Bg@Dc@Tw@@a@Aa@RaA@g@Li@DGHAT?REl@g@bBeAHQt@kAd@g@t@i@b@Kl@[l@i@JEROP_@DE`@AZETINSRg@Ba@OSEBYkAK_@IIKi@IMIo@Ag@Q{@?uAHS?YCSWw@LYCODUA[Lg@EK@KJQZ}@^g@?IN{@@UDIB^\[RMx@y@BBLGVSLQPm@RSX}@FMj@mBCo@Li@Ra@L_@^a@BKZOBCHAlA^b@]PEPL`@?`@DPOR?PGd@CLJ^?b@LXXJD`@C\LJ@l@[f@ERONCHFXHHNLJB`@JPDP?H`@fBV\\JHCJGJU@IEe@Dc@Ki@P}A`@a@LFAEFHD?d@UNCLGl@@LAXBh@^J@LEHG\DbAE`@H|@BLBn@Cx@Kb@@tCVv@BRCR?f@N\Br@A\GFFE@QEEDEVEzA?nAIdAAf@OlB?JN^@b@JBBHBnBO\UdAAVHTCABr@[r@RtBV`BMHWZE@oAKg@B_@AECi@Bi@Em@Be@CaABWG[AC@EHCVY^IN]CQByAEMEODGb@Mf@EFC@]CE@WVKjCGL?R?BF@DFAPREWBGJWx@EDAAGHw@EKFc@f@GNe@`@Wn@c@f@SHc@?C@AFOB@b@InAEPU\ENA`@DTBj@Hd@@n@@FJLBNJ|APv@FfAFJe@f@U`@a@ZUBSJMBkAJQAQDWPe@PUVMAI@MFWVODSNWDKDAJQ?]G[CMDc@\MNIr@IVST}@n@_@Z]r@GDMCa@HIJ@HEBCEGCATSZKZUV_@TE?KMLBIIDFR@@Az@VFXOn@Iv@MPo@NQJK@YE_@MGQAOIOE?YHOLaATQL]JQPWBEBQRAL@GCAM@{@n@LXJd@?\ELY\]x@OR]ROEKBQX[PMLk@Pw@Fk@Vg@LOEI@ORE@IA[`@WLO@QRC??MUh@SXe@RCDAHFNNPLVBVAb@Qp@ARHbAh@|@N^DZS\cBzBQL]DAFLj@Jt@@h@IV_@l@GDEb@,2,,,,GI
173,2,Lunch Run,5340.6,1769,1891,28.0,Run,Run,0.0,5684032928,2021-07-25T10:45:41Z,2021-07-25T11:45:41Z,(GMT+00:00) Europe/London,3600.0,,,,3,4,0,1,0,False,False,False,False,everyone,False,,"[51.527751, -0.116323]","[51.527591, -0.116273]",3.019,11.6,,False,,,False,False,19.1,6.8,6046388635.0,6046388635,5d02b1d6-8ac4-4a22-9195-fff68c80f59c-activity.fit,False,1,0,False,32760347,1,a5684032928,m_oyH`vUDCE?DGBC@BLE^WHId@MZSf@{@V}@Fe@FIb@]d@g@JIt@[\U~@c@p@g@JA\]JCHId@PNSTQJ_@Ra@RSFSXWb@WNSZQHQFOFo@Jm@FULUDUBW?{@Ci@Bg@F]Ng@F]Ds@CW@IFIAKFMHm@P{@Cg@@u@Jo@@[C]EMSYh@q@VSv@y@NSb@G@A?GTMr@MRa@RSXe@jA{@VWRIt@QVSVMFIpAo@NAPBVCRONEN?d@]|@Ul@IF@d@PFFD@l@@XDJAFCJKJGPW`@QLQTi@\GNMH?LH`A\PABGBPPQTMb@A`@Mz@@@D^Wt@S`@SlA]^GZA\BHDDDDBT?DDFCH@@FpAc@^EVKn@K|BJd@FPF|@FZNT@VFj@Xd@?\CxBPp@Bl@CV@\FzAFb@J\GR@VI@EEHCICJIEEBELI@QESOSC@T[WE?IFUGSBg@?ELUKK?[FMCEE?IMCK?UFa@BMAKBQGG@GK[NM@IAYJg@VO?y@Ki@c@QAaAm@MCiAG]LUDW@a@GEHEAoAa@QGECIf@IRUVCAYFEXw@WOAKBW@_@LCPAXUKK?GAUYYSS?ODALBFC@?NCFE@QOWk@a@WKQUII?mB~Ae@FSNMNGB@NELWSM@OUc@KEDCASJMDCDBEAMIH?FITa@f@CDI@]Nk@LaAFyA@G@IPJ`AGj@Cf@ENc@La@CMIQB_@`@OJcAhA]RIHCC?JCDe@?KB[JOJ_@^_@f@a@^K^CRKXCBM?ILK?SPUBOLGFGPAJKRWHWNOTJd@@Li@nAi@rCMnAIrAMx@CJ@n@K`ACJe@n@CLKKMT?ADDOnBIACJK?GNSVg@X@HEDAHCDQAWDIDa@DgAXyAv@K@@Dm@NSLe@b@_@TYTCFQb@Ib@q@bBWVu@f@_@TK@?D,2,,,,GI
174,2,Lunch Hike,8496.6,7545,11115,613.3,Hike,Hike,,5604990212,2021-07-10T10:39:21Z,2021-07-10T11:39:21Z,(GMT+00:00) Europe/London,3600.0,,,,0,2,0,4,0,False,False,False,False,everyone,False,,"[56.394198, -5.112228]","[56.393798, -5.111604]",1.126,3.9,,False,,,False,False,653.6,65.5,5963906962.0,5963906962,62546FD1-14FA-4DEC-AC1A-86349253E551-activity.fit,True,0,0,False,32760347,1,a5604990212,unewIlne^OBSr@DP_@Xm@`Ba@J[SOVKYk@a@MEOTUYi@KO[GJ@y@[c@La@a@IE@EiAK?Ls@WUEg@]GOa@Q?GUHIUPeA?KEK[MFM_@g@KFKINg@a@YDuA]kAH]QKP[D?^O\G@_@WoAEMLOCKq@?p@ASGVWFCPs@LOV[A[YMPKQ_@M_A@WeBKUKJ_@WKe@y@D{@a@OUa@Es@m@KWe@]q@]{@kBWUg@S{@HMO]?o@\WZa@xAkAdG_@l@q@f@U^c@lDDDC^LL]FB^a@`D?b@Qt@QzBw@hFInASK[PMf@FP@d@OA?PWNqA[uB^_BGo@PkAhAq@@DGANGSy@_Ay@SsAd@qASc@a@_@EkAf@}AQiAi@kACo@Ws@e@KSUBOe@aAw@eAJ[WYk@cDeAs@m@sAyB_@mBeAkDc@k@uA}DaB}CMW@MCFBIOMJXCTi@tA[RWrAOh@m@d@SxAPp@?jAFHK~@Jp@CBNlDLh@GDA`@PfAUvA@TI~@H\JLAXFZb@JKh@BfAENHLHv@@^HPRzAGPBZXtAG??VP`@ZbABX?NII@rBB`@KHJPEPJLCTGIIy@FKDmEDMIa@MEI_@EeADYIUCaAJi@FGGQAk@JOA[\m@C_@Hy@Q}@De@GIJa@K]Hg@_@{Bw@{BA_BTw@ZsBf@cAGu@BYf@q@RgCEe@EaB}@{AIHAA@I@JBKGDXJt@zARn@ZZdAxCT`ArAdD~@jDzAfC|AZz@`@p@d@~@z@tACz@|@`@v@HQ`@\vEtA|@FdBa@rBv@dBWt@HdA`Al@JnAqAfFc@dBBpAt@bBTNa@Mo@s@gBCJKKQ_@Z{BJ@NJDYKa@LB@SFFBy@d@QIi@ZmAZNdAXn@Sp@NxA|A|A`@l@G|@k@\_@ZoB~@cBp@mCp@qB@oAR_BJ]jCsAJE?NDUf@Lx@z@Z?N@E?HZNFVSlA^p@Ob@]VNRETf@AMNKp@CXRPIDWLOh@EL]JLtC@~@b@LCHPd@RBTJETZrAA\BHd@b@N@^T\Gr@D@?VEBC\LJ?PT@BNIXL@AGARHVBOHp@\?N^L?DNDO@LPB?NTQ?KX\n@VLSJRb@@Pa@XQHw@x@kAPq@|@cB,2,,,,GI
175,2,Lunch Run,6528.7,1903,1903,54.4,Run,Run,0.0,5462600622,2021-06-13T11:30:32Z,2021-06-13T12:30:32Z,(GMT+00:00) Europe/London,3600.0,,,,13,6,0,1,0,False,False,False,False,everyone,False,,"[51.527579, -0.116269]","[51.527389, -0.116295]",3.431,20.8,,False,,,False,False,21.8,4.1,5815487162.0,5815487162,e4ac0a29-5b7e-46b9-88f8-6d471c0d6c51-activity.fit,False,3,1,False,32760347,1,a5462600622,i~nyHtuU?NH@BDPI@C@OBETMh@s@VQL[Lg@b@G\[NCP?RITWNWx@uBXc@ZYJOHEZ?FMNIf@KVBf@i@x@]TQV]Di@PYJa@Ti@LJDCB[JYBYvAaI@GCKIK@MN_@Xg@BK?qAF_@HWMo@@IZiABED@h@f@ABDDBK?SDWHKNCHGb@CPCLGLKTi@TWFWJUJGPCb@WDBFEFMd@Qn@q@`@GN?FMNIP_@h@w@VIPCVM`@GR?P_@@UFINIX?@VMPNCXMFILBRY\AHGNg@Bk@DIHUQiAI_AJd@BVDDB@JMNIl@u@HG\gAAQPJANBRNLDLZTFJJQLDRMVCHDNGDi@GUNDb@ZnAb@HFL?x@FFAj@WL@LAv@a@f@ONFPQHCl@BRFp@SPD^?fE_@pCGz@MXVJN?`@BRBJJLN@p@PjBP~ACh@@lAJfBFxBDFB?D?I?@GEKF?I@YHW@A@FB?FMBQOUc@qDC]Be@Gg@?W@a@Ni@JsAZ}@RoAc@mAKo@Ca@AmA@_AR_CLCZ_@BI@?BDCIG@_AU_AG}EBkAY}@GQHM^[EWMI?y@N_@AGBMGYAME_@@gAIy@s@MCEB?BFb@?NBPCVUTC`@w@t@MNUf@Ix@A?ADoBiBe@y@COMOCG?e@YSUL_@`@OBKHO`@o@h@c@H@BA@DBOPE?EDDVCGKISGm@Yg@ESUMEQAMC_@W}Aw@OGu@GDAKERHGCI@CJQV]n@Dn@Jn@HT@VJb@@N?JGDAJENYTuAt@g@`@i@d@_D|CEQGG[EOGSDSLS`@GB@LQTWz@GlAIj@?d@LdCEb@IZ@FGTAd@BLCfAONIVWZOHo@Q_@Tg@@g@JIPUnBEFYZGP?HFVELDCBFCYKg@EDc@?T?KR]LILo@fCQV]Js@d@a@`@cAlASLMN]z@QTUr@CDMBGHSHc@ZMNg@z@K^C\IPG\a@d@MDVL?FMBQICEMFWv@YlA_@lAWJMNOHIJsApDGj@Q|@?VUXKDGJ@LTNBp@[tBWtBU`@aA`COPBFe@j@,2,,,,GI
176,2,Lunch Run,7003.4,1838,2067,39.7,Run,Run,0.0,4359928441,2020-11-19T12:49:27Z,2020-11-19T12:49:27Z,(GMT+00:00) Europe/London,0.0,,,,11,3,0,1,0,False,False,False,False,everyone,False,,"[51.527757, -0.116268]","[51.527593, -0.116306]",3.81,11.8,,False,,,False,False,21.8,4.1,4660188344.0,4660188344,2177bae1-65d9-4cff-8c68-35ef675b9fa9-activity.fit,False,6,0,False,32760347,1,a4359928441,m_oyHtuUADBENAHQPSZGPKp@q@Pe@Xi@Ps@JSBGl@g@vAw@B@FCFBNEDEJ]LOJCJFLG\Ct@MPF\MHILa@DEn@Yd@OfAi@|@o@PSVm@P{@`@cANmABg@TiANkB@a@FUPQFUAsAFsA?m@Eu@Mk@Ce@Vm@l@k@NMF?DECUDITm@T_@Bi@Fg@^w@NMFAFEZ@RAh@QbAk@hB{@\e@\ELKb@Gb@Q|@ATIXSRARGPKj@MBHCf@GFHJDBPGTCL@\ARFHAH@FCD@^OH{@BGDEhBKBEP?HHVFL@^Sl@IrB}@h@KjA[jAWHE\Kn@DF@?F?CBDF??@RMr@?JEd@Ed@OR@r@OH?DDzBIJ@DHVNp@Z\VVZRb@FHJBZEf@O`@YFANBr@EX@ZAl@J~@@zA?fALh@E^FBM?GEABI?QJUX]Es@Lc@CKQG[LSKHgAG{AAwD?QHONoAFOT{@C]Kc@Em@BgDFu@EsB@EDELCVD?B]Oo@IQ?_AIuB?UGk@E}B?a@D_BD[Io@?m@ME?GJM?BA]@EA?CAFC?QIe@RW?m@Gk@Kq@JQCGLMj@Ed@Ib@Ct@M\[d@ENIp@C|AIPi@LAF@HGDu@C]Ic@EYHI?[EWSGRMJUECDCAIQCQQe@K]?}BMe@?m@Mw@Y]OAYMSA]K]CY?GAAEKH@RGTIHQDICc@_@I@SI]a@GDENUvAh@N_@e@IEOTBMKSc@c@SIy@CUD_@MEL}@_@SGkACMBY`@\lAEDGAIFCNE?EIa@kAm@u@HiA@WCOe@_BMQWOi@Q]DSHM`@MFUYUAMKGBIEICY@eALiA\UNG@GJIBICBPANCBeAv@k@j@Kh@Ep@RbC@h@Cp@D`@h@`CZlBNpABn@NJF@A@BC?BMBL@@FGN?J?XC~@Bh@Ir@TbC?pDI|@?n@@Vh@fBFd@Qh@ANA^CPQVGTBXRh@?JEFOJsArAQVGVEHKHQFOJEP@LCJIZ_CtDm@hA_@^[d@WLYVUZCNCDKFADG@?`@EIg@tAOn@k@pAy@lAMhAi@hAAXE@AAAJe@fAe@v@Y^MZ^|AHt@e@fAc@fBMV]j@UPg@VOR,2,,,,GI
177,2,Lunch Run,6543.5,1976,1976,36.0,Run,Run,0.0,4331415896,2020-11-13T12:54:24Z,2020-11-13T12:54:24Z,(GMT+00:00) Europe/London,0.0,,,,5,0,0,1,0,False,False,False,False,everyone,False,,"[51.527478, -0.116173]","[51.527729, -0.116328]",3.311,11.4,,False,,,False,False,25.7,4.4,4630169529.0,4630169529,f4d7ecf9-c39c-41ef-975a-efd0397500f6-activity.fit,False,2,0,False,32760347,1,a4331415896,u}nyHbuUGBNY^Oj@MJGLo@b@u@d@gAHKr@m@LMHQ`@e@JIh@SVU~Ai@ZQ^IRKLOLg@\Wh@i@r@g@\_@Re@D_@RaAFs@^kBCk@@[JmBCG?_@F]Vm@DG@DFKbAc@r@Ix@A`@EFORm@CC@o@FIRMz@E|AFRCBEFIBKGICcADc@Jk@@YEq@?GP_@l@e@FK@IGk@@ED@`@[CUDEx@m@`Am@jA{@\Qj@SLAL@ZRDDDJRy@GFAJLVFBTIh@_@XEF^JFX?`@G`A@t@EjA]JEhBsB~@w@p@]~AWd@O\@h@LDHJb@BDA@?DZHr@Il@W`@Kb@Sj@Mn@IhAKF@PRBHJH`APV?PFPNb@t@L@NCdAk@\GX@`BTz@MfAC`@?|@GN@p@PT@NC^OBM[\Ol@KbCObCE|AD~CHl@DKF@@DDtCFhBRzAZ~AFl@BnBCb@Mz@A\B~@Dh@RlABj@CdBBj@J~@Jr@`@lAp@jCP\rAjADEL?KBADGAGB@DHJIIi@ZWJq@l@]b@w@p@e@VsA|@yAlBa@^u@b@i@h@q@Zc@ZsArAyAfAGHENu@lAOBEKOICFKCa@L]?a@WYa@e@QaCyABK?IG_@|@ODEYWIQKi@KSOIY?i@NYN]\kArAe@VgAx@_@vAIDWLiBl@e@Le@Tg@ZWHQ?SIS@y@ViBdBQ?FC@[SLc@p@QR_@X[Nm@DOCUOw@w@[UYa@SIOBKLCAc@e@GMEy@Ma@[_@g@y@IHWOSg@C]Bq@Cw@?y@O?QFwBtAw@VWNMB{@@WBe@LOLM?OBe@\}@d@a@DSHKNKTOCMUKy@A{@Gm@WkASm@Mo@Sq@Gi@Em@WiAo@mAO?KDMHUTG@IAOOY{@q@wAo@gAKg@Ks@GQOOYFwAfAeAb@SL@\CLIXUh@kAv@_@LUXQ^IC,2,,,,GI
178,2,Lunch Run,6045.9,1690,1772,37.7,Run,Run,0.0,4322086181,2020-11-11T12:26:07Z,2020-11-11T12:26:07Z,(GMT+00:00) Europe/London,0.0,,,,5,1,0,1,0,False,False,False,False,everyone,False,,"[51.5277, -0.116255]","[51.527652, -0.116125]",3.577,11.8,,False,,,False,False,19.1,4.0,4620201813.0,4620201813,f4d7ecf9-c39c-41ef-975a-efd0397500f6-activity.fit,False,1,0,False,32760347,1,a4322086181,c_oyHruUBCVDLCp@]PSv@cBh@cAl@}@^c@|@u@\_@lAYRId@[zAKr@Oj@E^KlAs@RwA\o@h@wG`@}A`@aHFgBTu@^u@j@w@Zk@rCyB|@i@X[p@UhEkCpAyAz@s@XQZOv@InA_@`@Cb@@d@OfFk@lBInDg@jCRZ@ONAFj@Up@CpAa@rBMl@?j@DNJXHXA`@HLFTf@LDfA[n@WXAfAAdBNVApAH`BEd@B`@AZFOAMED]CuAWwCH{ADsBHcADqALoBAeAQgA?_ATkCBgB@DNEVD@@K@o@OoASi@B_AIeABy@C{@MsA?k@G{@C]Gq@Cg@IO@?BIDK?_Be@Y@i@CQ@c@b@GJ?LGZCb@g@nCGTk@|@IREVErAAWMBs@BWJg@\WF_@A}@B]LWRIEGI]i@GEKCIBWN]^o@tB]l@CDIEE@YPSAi@i@}@a@{@{@SMWEWAK?QHILMXSp@IREB]L?H@BCd@D~@JlAVdAVr@Lv@Bb@CPCn@FZPf@@VL`@ANELWTw@f@k@TIVMLOHg@JYBi@CUDILAJu@`@UTYb@}@bBk@|@_@?mAv@c@l@u@p@i@`@IACHALSb@YIU?{@~@EJ?DB@cBnDS`Aq@|BGAMZGRI|@KdBId@g@hAc@`BYv@}@jAa@dAg@l@i@b@u@XgAf@g@Zo@NGHMXG?GAM?KDc@@IHCNS`@AJBJ?LWd@_At@c@Tm@LJh@ETML,2,,,,GI
179,2,The end of H's half,3073.0,1014,1062,17.8,Run,Run,0.0,4144400486,2020-10-03T09:43:12Z,2020-10-03T10:43:12Z,(GMT+00:00) Europe/London,3600.0,,,,0,0,0,2,0,False,False,False,True,only_me,False,,"[51.527098, -0.116017]","[51.526826, -0.120556]",3.031,18.7,,False,,,False,False,25.8,13.8,4434436725.0,4434436725,90c89314-ea0c-47e2-a96a-6dcc94fa52e6-activity.fit,False,0,0,False,32760347,1,a4144400486,i{nyHbtUMmCJrBDFRB@@B[HSD[n@aBBUFE@UHE@OJ@BE@IJBCIR?FSZF@UZ?LOBABINCBCFMNDNKL?VI`CeALQDMbAk@tAwA^m@Ja@LG?DIZLLb@z@Lj@HDDPFBP\F@FHPl@BGHDj@t@TFDHBCLf@R^@HFLD\BCAl@TxAGh@@j@LpAJTDLHvAAPEFSFOLGJAH@PBDD\PR@HKpBDn@EXE@UNKBKEE@OLGCE@UVMd@YDADIDG??NMECNo@?IBIDILa@~AGj@ELALBZLdAn@fCHp@BFNDBDJ^JhA?\R`AJnA?\Hl@PvBNJB?DVB@HLRRHNFDLTDE@@BSFDHOL?FOVENRHBBLNLDTPTFTJNAh@@VFF`@T`@vABb@AZOz@IJGDYHKFMP_@TKLM@SCO?]HM@KIAQOOEQG}@Ea@EKE]As@CQGIS@CBKYQIGI]e@Qa@Ek@Y}AA[O_Ag@sCOk@Ca@EQEMA[CIEAo@PK?y@^g@LSJi@b@w@RYNM@UIg@oBQc@CSFWG_@CaAGc@O_@]g@KUUoAKMO@SMW[MYG@SRGBAB,2,,,,GI
180,2,Evening Run,10283.0,2669,2803,61.7,Run,Run,0.0,4116001447,2020-09-26T18:24:38Z,2020-09-26T19:24:38Z,(GMT+00:00) Europe/London,3600.0,,,,13,1,0,1,0,False,False,False,False,everyone,False,,"[51.527722, -0.116253]","[51.527893, -0.116154]",3.853,15.6,,False,,,False,False,25.7,3.7,4404216626.0,4404216626,cc19c1e1-592c-43d8-821c-6b5e345ab95f-activity.fit,False,5,0,False,32760347,1,a4116001447,g_oyHruUFCCBJSn@Wr@s@P[Ru@x@uAXQ\a@RGHOl@QFWJIN@\YhA]`ASZBPPHZVD^c@F?Vq@h@iBC?AENOFUp@gAXeA^sET{@XoBHaAXsA@e@HU?KDEBWVINDl@uBJITc@z@{@`@MPSl@Wd@[JRnAoAPa@p@WNMJSPIPUTKR]Ng@Bc@l@y@B?FTLSZKL@^QLBFHLGNDnAWxAMn@V?LLAEHFi@n@Sv@KLFROZFZUPHNSZ@ZKp@DNKH[RM~@YnCKHU`@EH?ZTJAHAF[LMb@EBGh@PAEPGDLpBg@`@P^_@tCp@pB~@TAj@Y~@OjA?|@NrDB|Af@XGND?FEEG|@@`AAlAMrADVZx@Cn@MRBRE`@Hp@FPAR@nBF~@XtARpBAbBBhBGtBIh@Ab@^bCVfFt@dD`@tDNz@jAhAHPNzAhAjCnAfBZRh@j@XLj@~@~AbATANRFCJPVArAZnBbAf@RRIXHlDCrANZLPCz@XJ?LMB@AEJCADb@DnCNd@l@`Br@fBPTIrADdARvAC`DdArBN|B`@rAFLEBOJ?rAz@`@p@L|A_@pIUbD_@rAUXo@ZwBl@uEd@MPCP_@PQZG@SQm@E_ADe@EwBDaAXq@@WLOXSJk@g@a@Qq@?[Jy@EQSESUNEKWNc@Gk@Be@TcBSg@LQ@oACwD\gCJUVANQLCVM?[b@QGOPe@GYHIVc@PaAGQRECYLw@d@q@RcAAQGs@{Ae@a@SYKUSaAOSOCIYa@e@eAsBIc@_@iA{@kEq@oBo@{Ak@kD]eAc@o@g@[S?KOKAi@i@c@uAWiA[}@C@@GC@?OEYk@Eg@USAa@NSm@Ca@Oe@e@I_ARo@q@?LEICD@HFNIEINg@OoC}AKCeA`@c@b@URYHiAt@}@v@{C|@@\aAdAM@]R_AZFWW@gBtAKHBFS?OHGJY?e@PITKBCFUOK_@IGaAIiAs@@GOAAIBIOCCYUQCO]s@wAcHUq@c@oD_@sA_AaH[wAQoAu@eDECIAgBhAu@TwCvBGLG?s@n@g@~@oAzAq@f@_@Lq@x@MAOOu@gAm@gAYw@a@sBUa@WD{BzAMLy@dByAfBk@`@i@DJFADHHX|@J`@Hv@D`BCFFt@?`@Ef@]f@E@SSWm@q@iEg@cC@YRQZOX?,2,,,,GI
181,2,Evening Run,8636.6,2991,3149,48.5,Run,Run,0.0,4107424304,2020-09-24T18:15:01Z,2020-09-24T19:15:01Z,(GMT+00:00) Europe/London,3600.0,,,,12,0,0,1,0,False,False,False,False,everyone,False,,"[51.527567, -0.11638]","[51.527425, -0.116175]",2.888,13.6,,False,,,False,False,25.1,3.4,4395088383.0,4395088383,88a38d04-2c88-4928-82e2-8df097bd3478-activity.fit,False,0,0,False,32760347,1,a4107424304,g~nyHjvUPDESFOKAEBCHPQNWT]l@SDUDKl@s@b@[z@_@ZWXg@r@iB`@k@d@_@LGTE`@?TId@G^Kp@i@n@q@~@oANYBMNy@FeALy@Ps@HUF[Pg@D]P{@Ou@ASDi@Lg@h@y@FEXa@tAqBLKXIM??GTq@RU`@c@hAg@d@]n@w@fAu@ZMb@IDEZCf@sE`@i@l@_@b@Of@AhBa@BE^@nAIf@WXGZSp@CNBx@\t@@bDeA^YhBUfAI~BTCGP?FCFVH@LCdAu@n@SlA@t@Z|@R~@ZzA~@jAMjAQd@ORClDELBjBHfACROFA`@FMDABNMBDCx@QfCItBCxA@j@MjCGh@AZG|@Ff@XjALt@^~EBj@C`ACROh@Ah@H|ARbB@jAFhAThBXdAV|ARv@Dd@FNLDDFFRB\An@@j@DXVdALZTV`AfBz@lAj@l@NPTRh@r@d@b@JFV\Z^v@t@TNd@Nv@HbBVh@Rn@`@tA^z@\pAZt@Ft@INGNAj@HdBd@P?@J?\UtH@~BCrB?nACj@Kt@EbBNrB@d@G`@K\i@nAU\OJ_AXg@@g@Kc@Qm@Iu@?a@LM?OG[CEB@DMXo@XwCf@w@Cs@FEBEHWFg@@k@N[Nc@v@i@f@I^YFUI_@?kAJIHAHEBOAc@SKSGUKKUKCOBEAIQPQXm@hBU^IDOEKMKy@KWGA?j@M[EBEQC@?PGBg@o@ISKDI?w@a@YIq@Cy@D}@EyBPGK[kA@KDG@k@Ec@Ia@Q]yAgECWOe@s@oAk@y@Ss@Ii@Gw@Cc@@mAGc@KwAC_BS{Bk@w@WKIOe@GG@QGY[a@OMSQKa@Ek@UY_@[i@AUFo@?UGUUa@y@o@YGW@q@NYP_@h@IFe@`AKN[Nm@NIHQXKd@c@AgBYo@Qm@WQWUy@SoA_@oDGW@iAP{@AYEKGGQEQ?}Ab@}CtBi@Lm@_@KNIB_@]k@w@OUc@eAGYGy@UsBSyADm@CKKMKAoAEg@HSJKHa@d@k@nAe@l@{AbA_BzAc@b@YPQ@o@GIUa@kBOBCJC?CSOFS\Ad@[MMIu@{A_@aAa@sAUi@Oq@Bi@MMUBUJsArAg@\[j@]~@[n@_@`@k@^,2,,,,GI
182,2,Evening Run,8993.3,2550,2657,49.2,Run,Run,0.0,4059633908,2020-09-14T17:24:22Z,2020-09-14T18:24:22Z,(GMT+00:00) Europe/London,3600.0,,,,3,3,2,1,0,False,False,False,False,everyone,False,,"[51.527506, -0.116347]","[51.527552, -0.116106]",3.527,11.6,,False,,,False,False,25.6,3.8,4344635854.0,4344635854,91a3d9bd-2ab9-460b-927a-6fad37b8d98f-activity.fit,False,1,0,False,32760347,1,a4059633908,{}nyHdvU@HN?@IRYPMDDXQp@wAVq@b@w@NOrAgAb@YRK^GDEJSJKZKb@e@VS`Ag@h@m@fAa@zA{ARYT_AFgAXiBFwAVmCT}ANo@JcAH]FIFAFGVi@F?tBuBP]x@}@n@y@PMrAa@r@]rA_Af@i@t@a@\a@tAa@j@U`AUD?bAf@ZXP^T`AHLJDBk@Fa@Dw@F[t@eAh@uAh@_AJc@Fm@Tq@@QAe@RqFFWLUv@k@LCXQ^IHBTADBLRB@FCl@d@jDWPBHLPd@H`A?v@En@WvB?`@@JDBD?@CABB@VBRLB_@BGLA^Pb@Db@U\GNHLVDBpAMt@Dz@P~@?j@CVDZNNBNQZC`@DTAl@SnAQdBCvDJ`@AHI?CACAOEAEBGCCEI@MVK`AGpAAb@JdB@zIFn@PT@LA\M~@?PHTJJHXXdDBfBN|BAXOn@?z@N`BJ`DLn@HjAVvAZ~@f@vCd@bBJxATl@Db@Xv@n@jAl@bBpAbB^j@TPr@b@Nn@h@~@FFr@Ph@HpBl@|@Pb@D^Eh@JFIHWZmBVkAJ]JMPIND^IHBNIRBpBf@PHPNHBDCF@VHXTX^FVD\Al@Bn@\dC@d@AtCIjD@jBEnB@lCIj@ACA@@VEh@@XY~CAx@Bz@CDOIOc@EGOCSPg@Tg@`@OFaB@q@?[CSHiAa@_@?WUI@UJ[Rm@h@_@TUXWTq@\oAb@WBMEE?E@MLKCk@x@QNa@PwATe@NUNOBK@q@Ik@k@oA}BYo@kAyBa@gA_@sAg@q@q@oA_@_AoAsBe@kAYwB_@mBg@mAKSSSKY[}AWcC[aBWs@OSYUSI@QEOQSSk@]g@QKYWy@o@eBk@_@CUBO?UBg@JQJe@b@WLUHyAXYPODa@v@m@VuCz@[VU@KDyAdBWV[PYHa@@KAKOI?KCGBAHKAWHSRSPEVy@Na@TUVk@d@k@VSBWCMIe@o@Yk@m@uAy@{CqA_EKYe@g@KSIqAA_AIeB?k@Ga@YgAGg@KyDAMg@yAWmAMg@IWIEWCg@HYRaA~@i@RQRGCGDg@hAUXS\k@`Bk@j@}@n@k@Zi@RaA`AUEQMKOk@iAWs@[_@S]Ug@Mg@Is@CIMIoAt@cA^EDAD?p@GZQd@SVURk@T_@VMBQJOTID,2,,,,GI
183,2,Afternoon Run,8485.8,2216,2383,64.3,Run,Run,0.0,4040293255,2020-09-10T16:41:17Z,2020-09-10T17:41:17Z,(GMT+00:00) Europe/London,3600.0,,,,5,1,1,1,0,False,False,False,False,everyone,False,,"[51.527745, -0.116504]","[51.527707, -0.116222]",3.829,15.1,,False,,,False,False,22.1,6.3,4324166219.0,4324166219,d03e093e-50cf-49b1-8223-ddb648fcbd79-activity.fit,False,1,0,False,32760347,1,a4040293255,k_oyHdwU?EEE_@?IEEBMLGLK^Ih@A`@Bh@Z~CF\Vh@ARAFIJi@\O\Wb@URWJEAUk@Gc@QcBQy@QoBWkBaAmDD[NS`@_@~@a@`ACF?TLXKl@I`ASXUtA}Bz@kBX]LUNm@F_@@k@B[PYLg@Zu@R[`@e@lAkBTi@Zw@Vi@\u@FGf@Sj@q@d@kA?Mf@_@LUX[Vg@X{@LSl@y@l@k@Vi@bAiA`AgAXON]RYt@a@j@a@d@i@lCsAhAu@t@[XSn@Nb@Mp@]|@Kj@?`@DHGB@AF@LDHJB|@a@f@[hA{@x@WZQnAP`ECXI`D{Af@Ox@BFNBA@LDBTGn@Db@Iv@_@d@ORCpCC^Jl@d@t@\n@TLNRLPBjAYn@GtGFRBvBIKIOGi@KoAB}AGa@?aBLmAAUC]Du@PS?UEg@]NgAOSWg@G_@Bg@@q@Ca@OkAIyAKqACeD@s@CeA?k@@SCm@@m@Pq@D[F{BGo@@g@EwACc@Kq@Aa@d@qDBuACk@Su@Go@OCEQ@SJa@^}@HIHCF?FFCEBE?y@IiCR_Ad@?TGp@?FDFDLb@P\FDXEJBT?JHdAT`ABJF`@^\R~AhAZNz@j@\NPN`@PT@_A}@i@]qAs@yAg@mBy@c@[mB{AIE{ADqASaBM]MIGYu@KACEIISAWR?Fg@Mm@CG?SF]Eg@BcBCo@HWCUISWa@{@_@gEBSDu@DF?j@CLY`AEDGTEFG@BVRf@@\EAAJKrCB[EVGjACKIRM@e@XOF]@GGDD?Dg@p@c@d@q@d@?BeAY_@GMBOJAPEFKGCFAjB@J@CJJ@ZuAbDw@|A{@tAm@n@aA^oAXW?m@KU@MBKNEZ@`@JpBJv@BbB?vAN|AGNUTQXERCBEKBdHCd@K`@?Zc@vB[`CMzABpAGJSx@Sd@w@n@y@jAc@Zc@Tu@x@g@Ve@HMHKfA?~@BRGBGEYz@KPq@|@]j@M^KPM`@Wd@g@nA{@zA_@|@QRqAhAm@x@WTa@HMFQPQt@q@lBu@x@m@v@If@Wv@}@zBCLCZACCBEJa@pBKr@Uj@AAFFBP@nBCn@E\c@x@o@r@K\gAr@,2,,,,GI
184,2,Afternoon Run,6399.5,1593,1649,37.0,Run,Run,0.0,4026151285,2020-09-07T16:52:06Z,2020-09-07T17:52:06Z,(GMT+00:00) Europe/London,3600.0,,,,5,2,0,1,0,False,False,False,False,everyone,False,,"[51.527784, -0.116301]","[51.527661, -0.116178]",4.017,13.7,,False,,,False,False,25.7,4.6,4309241645.0,4309241645,5b580ec3-2eb8-4a31-b6ef-78101d69e5a8-activity.fit,False,1,0,False,32760347,1,a4026151285,s_oyH|uUn@p@HAMOa@YABAGDa@JAJS\FZ]HSLIHFDGPiAt@aAP]^GvAq@f@KZU^a@d@Y\g@zD{@FIBJBECI?E`@sBPk@b@{@f@_CJuANm@R]T_AHOt@_GE?CW@MJM@MHENORIP[@OLOXKVWD?Zk@f@a@PCXm@RQFMVIFDPGf@]\e@JGN?POT]DQDGBOJKf@QzA}@?@LE^WD?\KNMTANKD@NIB@JYRKHKNEPMPCLFF?\_@~@m@ZYbAu@TLBF\FFZLCHRb@FNN^QJFp@Gz@[dAQTk@RQDCb@GPKd@CHHHG\Jb@BF?NGj@JlA_@RSHE`@GZQ^GPHN@\PF?NKF?ZBh@PJCpCPh@LPb@JJTEZOHITErADx@H~@Bj@?vCFp@EH@FDMTEVE~BKjACp@Br@A`BBd@ClBLTFR@b@G~@@JHJ@F@r@Ll@TfGAnAQfA?`@Ad@@b@RvBb@|DpAbIPR`@LRL\h@T?HEORDNSBe@`@k@^ILeA~@KR_A|@{AlAs@d@mBdBWPIJ_@V_@b@cAv@s@x@c@Ze@VUVI?]\O@SIo@aAKIa@Qg@KYMOSEEC@GKc@OIc@w@yAOSUG]DUDi@TuAdAUJeBlAi@VKHg@Jo@RmAn@WXUNEXk@^QAIBa@Z}@T_@b@QLQBGJK@EC?B@WSMMRAPKPULo@EKRCCGBGDMTQTk@h@WLGCCG?SOI?UGGMYa@KeAe@IYGAG@@SIG?MGMa@w@i@}Aq@aEK]Sa@EQ?BBKGDWF]?eAh@u@l@e@Lo@VqA|@Wl@QHsAbAe@Nk@BQHWBEEE[E?IgAWqBa@yAQ{@UuAGg@I]SeBKm@ELEMGEE@o@f@KDEA]u@_@e@[[e@s@[_AQq@QgACCM?G@EDs@Xi@Le@XsAhDOT[ZQFiAr@,2,,,,GI
185,2,I miss Hyde Park,7401.6,1999,2132,75.4,Run,Run,0.0,4001763358,2020-09-02T16:40:14Z,2020-09-02T17:40:14Z,(GMT+00:00) Europe/London,3600.0,,,,6,3,0,1,0,False,False,False,False,everyone,False,,"[51.52812, -0.116335]","[51.527074, -0.115956]",3.703,15.5,,False,,,False,False,43.2,6.4,4283612298.0,4283612298,e1986390-2724-4710-9943-21cc5a68d400-activity.fit,False,6,0,False,32760347,1,a4001763358,waoyHbvU`@s@MPD??Xa@IQOa@m@a@YI@OKCQMKEQOWOo@EgAQsAIUK_A@g@CKOa@CWW{@Uk@Ci@[UGUc@?Mv@Tj@EP?x@Y^]LCJ@AC[IA?EB@Th@F?Xb@d@T\FBH\DFFHd@JN@\Kf@E`@SZETUh@KECR_@LKAGFeAu@]Ou@Ii@mAaAwDOKUu@Cs@PeCCmADaAGu@UqAIw@@g@FIFc@HSJsBAi@BOVCFKLG@KPQXo@CYBWAQKUUIIL?TFBFIB??RNRPBLNRl@RRJOHAPUL[Io@@QGe@?]CSDMD_ABMRB@NTAFNR@PPLBl@r@DNHHDr@LRTdA`@jAPxAHFDTRd@\n@\bB`@fABJGx@Kh@ApEFVB\FR?RPl@Df@Lh@JvAHVB\LTHDJr@ATBFG@@D[FMF@XFJ?HBIITAf@CC@XFXLP@RAEl@Wh@M^_@t@[POv@}@j@qAh@u@d@[\Kp@gARSxAk@j@c@v@SXA\SP?RKZWDQTWDa@Vc@x@}@NIB_@DABe@JUA]DEBOAc@ZkABe@AWRg@BS?a@Ew@BW?sBDw@RoAEYBSM_@BWK]?Y^i@\[BSTIJQ@c@FSb@?FK\Ad@OXYJWVUjBu@AIZIBORM@Kd@G?Eh@e@x@MZ[v@GVa@@IFB@i@bCh@P@\ADGZBJSHeA`@[L_@LIZHRNTKTNBA?Q@CRCRRH?j@[x@Xh@GvA_Ao@\lBWdCk@|@LHLRFpBDv@Jt@E\Ov@EVFPLF]LUlCxABAFe@AGSBEEcAf@[AMJyACEFQ?ULa@@CD?Zc@Ek@Km@BMEKj@IA[NY@UJWAGTQPw@b@[?w@_@m@KSH[@QIAG]Ie@V]S_Dj@aDJCARSE]EM]c@M_@o@yBaA}De@sAAKFW@YE[QW_@SUFGW[p@CAOn@Ij@IhACdAGJAMT`BNPKr@c@bBq@JWLyAfA]d@Ed@o@dBALMREVWDc@XOZQFGNUGGPSRE^IJa@d@{@z@OHKRaAz@_@n@k@zAU`@Y@I[MGIMQ@CHSNMRIVk@xE?CKLSt@g@ZMNMXKFIJMBGFQ??HIRI`@Wp@[xA]x@o@dAAtAC?g@zAAB@QSj@[`BMlALADd@QnBGb@Yv@AJMNCNIHAN?GJK,2,,,,GI
186,2,Lunch Run,6224.3,1721,1748,41.3,Run,Run,0.0,3819916947,2020-07-27T11:08:31Z,2020-07-27T12:08:31Z,(GMT+00:00) Europe/London,3600.0,,,,1,1,0,1,0,False,False,False,False,everyone,False,,"[51.495238, -0.179444]","[51.501705, -0.180051]",3.617,12.1,,False,,,False,False,28.1,7.4,4085023033.0,4085023033,7a4ffbf8-e26f-4a85-91e2-b7ad6b7008d6-activity.fit,False,0,0,False,32760347,1,a3819916947,ethyHp`b@i@s@ASCBF?FIEQOBQAe@UW@e@LQBQAUJQB_@?E@c@\k@LSBm@B[\UPSFE?YGaAA}@VYA[CQ?u@TWN_@JQBM?gAMOBk@Ri@Hm@TQDKAI@cAVe@Ra@~@EEJ?DJ?JCJILGDG?EzB?NN^@N?d@EnABz@CT@ZWhAUz@a@dAi@r@eAx@s@t@E@SJ]JeAVsAVWBc@AKC]FcA^y@TgB^k@T?b@SJI?eBp@a@JwCd@gA`@_AFq@Jc@LS@q@TS@?BKGoBM_AFDu@AIe@aA?]JyA?g@IQM_@Eo@Mi@A]JgBGaAC_AIaAIu@KgCMaACsBDiF?oACiA@gAKeEGg@S}@OeCQkAWw@o@eAMe@Iu@MaCOwAOiAPsAJ_BAWG[Ys@CFKICYl@cAF[@OAgCMgDCcDIgBBwBKmCM}@[mDU}AMoA[oHK{A?_BFaBFOPO~@Mj@QnBw@f@W\Gd@Md@W`A]dA[`AKjA[RKVWXSlBk@jAk@jA_@h@KnAk@|@Sz@Yn@Gv@a@`@Od@WLEJBZ`@`@Ph@h@TNdAfATh@^~A@VAn@KbABtAGnCAdDEz@@`CCv@Gb@ATApEFjAAx@G|@?rBKfB@pIKtIChCFlDFnBFx@DVV|@D`@ZvAHf@Bx@H~@DJb@z@r@|@Pn@L|A?~DBV@HHF^DRCn@YP?FDHVFvALpAj@hC,2,,,,GI
187,2,Afternoon Run,6159.1,1629,1645,40.8,Run,Run,0.0,3776094822,2020-07-17T15:38:51Z,2020-07-17T16:38:51Z,(GMT+00:00) Europe/London,3600.0,,,,9,1,0,1,0,False,False,False,False,everyone,False,,"[51.495311, -0.17934]","[51.501782, -0.180101]",3.781,8.0,,False,,,False,False,28.1,7.5,4035211111.0,4035211111,815d8a15-4637-485f-9151-261d535e14ec-activity.fit,False,3,0,False,32760347,1,a3776094822,uthyHz_b@DY@c@U[KCk@i@CPBZBHE?CDGMGCM?SNw@@QCCFC?GNWLK?w@YMAG?UJM?cASaAFI@]P[TI@e@ES?w@`@_ARc@Bi@He@TSb@ON{@XWFc@Bw@M_@?]Pm@L[L@@GFEEE@QNKHG?On@ObAI`@Iv@?r@PtE?X[pBUbBUbAOFO?e@HYNWDy@\aA\SDu@HsA^oAn@k@Py@h@kBn@IBOAW@_@Hs@Vi@XiB`@u@Xk@J_@PeAZsAf@u@Po@FyAl@O@IIWgAI}@?eBIk@Ay@MeBEuDMcC@sBEa@Ko@MiBAwBGgBOcCIkCIy@OwGc@cCs@oCu@sDo@iFMo@PcFEg@Wq@C]F]\cADm@CcA?yAGsBIcH?wAIgCImAe@mFMuC]_DWgEA[JwADoAF]LQf@WdAUbBi@dAWdA[x@_@h@Qf@WPEn@Ip@]|@S~@g@h@Qz@Sx@Gx@WpBu@p@OhAm@r@Or@W\Qr@WN@f@n@n@`@|@t@ZLTTLZJp@Rr@B\@j@IzA?~CKhG?dBKhEBvCEbC?bCElAMfI@lBE~D?fFL`CHxC?nADZJTDT?l@BTPVx@f@HFJd@F`@FxAVlAJn@DjBL~BJzADXBJPL|@Fd@GF@LRXx@Jr@Fx@@|AFv@,2,,,,GI
188,2,Lunch Run,6065.0,1610,1766,40.2,Run,Run,0.0,3765468327,2020-07-15T11:18:56Z,2020-07-15T12:18:56Z,(GMT+00:00) Europe/London,3600.0,,,,15,0,0,1,0,False,False,False,False,everyone,False,,"[51.495418, -0.179226]","[51.501768, -0.180133]",3.767,7.1,,False,,,False,False,28.1,8.7,4023415809.0,4023415809,a43f60da-9d67-49de-bd88-36f874f27b3b-activity.fit,False,4,0,False,32760347,1,a3765468327,iuhyHd_b@OOKCq@C[Bc@N{@NgABeARa@AYHm@AeAXyBRy@RmAJe@@m@Nc@Ba@F{@HkAT]@YF[NMPS@{@RKLE~A_@vC?t@JvACbCO|A_@`CELILIDW@q@Nk@Rk@VoCr@eH~BoAf@uAb@aAb@aAPkAZe@R_@FiDnAm@RqAf@[F{Bt@G@MGGQE[AkCK}CUuEKyFIaAC_AMoBEkAOuCAcBSaEU_CQ}CQ{AOwBy@wI_@oCk@gD@]R_C@g@Ea@Oi@Gy@ESBUZo@HoACwDCs@?iCGqACkDGeAOsBCs@c@oDKoDo@}IHaEBOJWBEVM~A_@v@]`@Ib@Q\GjAc@bAe@t@STM~@O|@]j@EVIZE~@gAV?hAIj@Ij@QtAg@b@Wb@O|Aa@~By@\GP?ND\^|@h@`BxAVf@J`@JlBGjF@nAErC?fDAd@@x@GvD?|BElACfA@bCChA?l@K|E?dHGvEBbCNzDAlARl@F~@DNDJRPh@\HHFPLpA^~BLrAHvAJfEHx@BJLJn@Cz@QH@FDRt@FvATlAJvB,2,,,,GI
189,2,Evening Run,6301.5,1683,1683,39.7,Run,Run,0.0,3732822302,2020-07-08T17:12:26Z,2020-07-08T18:12:26Z,(GMT+00:00) Europe/London,3600.0,,,,9,0,0,1,0,False,False,False,False,everyone,False,,"[51.495569, -0.179301]","[51.501805, -0.179968]",3.744,11.8,,False,,,False,False,28.1,8.2,3986966246.0,3986966246,18aa4a30-5c16-48b0-b3d5-199f6eeb8d19-activity.fit,False,1,0,False,32760347,1,a3732822302,gvhyHt_b@Qs@KFCGDHCXGHG@k@KM?[QMA]FILKGI?EBEN_@`@YNa@@[E_@?[G}@DOJWBWNW\I?SAAGe@Eu@c@k@@[BMA_@MOR[tAQNMD[GICWYMCUl@I@UVo@Hm@GO@WEcBJCFKHSpAQlBC~APzBAh@GdACdCOrAMd@MHuALgA\s@XaATk@Ta@FyAh@i@HqCfA_Bx@_ATk@HoDbAm@Lo@Te@T}C~@q@Xe@J]Nk@DQIc@aAQWCKK{B?}@IgAK_FOmBA_AM_BC{AKsCMsEQkDQwBCcAQwBKaFCs@CUg@cBcAoGIs@Ic@QiB@i@RkB@s@C]Mo@I_AHc@Ri@B[@w@?c@IwB?eCEkCGaB?qBOeAGyAg@wFQ_EMmAKaCGo@ImBFoB?aADULQvBm@n@UtA[dAg@|Aa@tAg@l@Ir@Od@SrAa@v@]t@Sb@ItAa@VMbA[`Aa@RGfAe@`AWj@K^M`@GP?b@X^N^TbA`@t@z@F^?NYv@ARBhBIpAAdAO`DMpAQjAEnAYnDGtAQlAKhBElB?b@ZtADh@MlB@\Ch@EVWp@Kb@M`AOfBg@hD[zACx@FvBC`@GX]n@CJClADRPR`Ad@PLp@p@rAhA`BjAX^H\PfCHj@Z^\j@PNJNBLFj@JdDXpCFLH@bBQPBFDBHF^@n@PvAL~B,2,,,,GI
190,2,Ooof it's been a while and I can tell,5184.9,1435,1441,34.5,Run,Run,0.0,3727623304,2020-07-07T16:27:09Z,2020-07-07T17:27:09Z,(GMT+00:00) Europe/London,3600.0,,,,2,1,0,1,0,False,False,False,False,everyone,False,,"[51.495358, -0.17923]","[51.501773, -0.179894]",3.613,9.6,,False,,,False,False,25.2,7.8,3981278573.0,3981278573,1e829978-8b68-4164-81d9-1ef82c8e1ac0-activity.fit,False,1,0,False,32760347,1,a3727623304,}thyHd_b@MK_@AMDe@\gADWDIEc@@IDG?]?[NyALo@TmBDGDYBa@Lg@TSFoCZ[LoB`AGCWByAf@]BSEyARE?IIIDWXeA]QAa@YOEy@u@yBiAc@Ym@c@eAg@cAy@y@_@OKc@Ew@a@_BcAc@a@SI[GSOY[IWg@{Be@}CWcAe@{@i@YKKSDc@^{@C}@HcCp@c@Js@@o@Oe@O{@SU?YBWHcARMIKWOg@UiAEi@GgAKm@Da@VqAfB}DZiAlAiCb@o@`@a@LGVE`ACt@Id@Al@KZKf@EXFTL|@z@bAt@vAt@F@HGV_@JUh@kCJ{@HYVuATcBVoCDqAA}@BiEFsACqB@eFIcDPuCFyBT}BN}@PgBj@aED}@Fg@Jm@Le@NOJ@NL`@J~@j@f@PnAbBLXH^@PCdBG`ACx@?nFMbB@nBQ|E@rCG|A?tBEbA?x@GbC@fAEhADlECtCJjBBjELfF?n@Jl@LbBb@lBJbAT|@^|@DJRPFJH\l@|IFLH@R@f@Iv@ELDDHLh@J~@@b@E`@@l@TfA?J,2,,,,GI
191,2,Lunch Run,2686.2,741,749,25.3,Run,Run,0.0,3310988720,2020-04-17T10:38:47Z,2020-04-17T11:38:47Z,(GMT+00:00) Europe/London,3600.0,,,,9,0,0,1,0,False,False,False,True,only_me,False,,"[51.495628, -0.178715]","[51.511359, -0.174337]",3.625,11.8,,False,,,False,False,28.2,6.7,3538966717.0,3538966717,1e829978-8b68-4164-81d9-1ef82c8e1ac0-activity.fit,False,7,0,False,32760347,1,a3310988720,svhyH~{a@KMk@Oa@C]EW@ACDGAGYc@MGEBCJ}@l@[Zm@VmANc@JkAd@sFbBQJGXKDm@Fw@C[HWRILGTMnAAZKh@BJAHW`@]ZIbBKvAQlAw@dB]XSBEDCJQPGTq@jAe@j@_@Vg@P{@JsAFKF[\URgB|@yA`@oAL]P]?YFwAh@wBjAc@HcAHyAn@_@J}@No@N_A\s@ZG?EA?IJa@Bm@E[Me@]o@e@q@]WMEo@i@Wg@WmAO}AAqBEuAGi@AGE@GQHO?[UaBOsBWkAQoAWeCKwA?aAQoECeFI{AIaAg@eC_A{G,2,,,,GI
192,2,Morning Run,7012.8,1837,1843,45.3,Run,Run,0.0,3287790951,2020-04-12T08:27:21Z,2020-04-12T09:27:21Z,(GMT+00:00) Europe/London,3600.0,,,,12,0,0,1,0,False,False,False,False,everyone,False,,"[51.495748, -0.179227]","[51.50159, -0.179415]",3.818,14.2,,False,,,False,False,28.2,6.0,3514554628.0,3514554628,1e829978-8b68-4164-81d9-1ef82c8e1ac0-activity.fit,False,6,0,False,32760347,1,a3287790951,kwhyHd_b@BMDwBGw@ELK~@[lAMp@S@YJ_@VI?CHOHa@@EGCUGQ[Di@X]L{BIi@K[@i@NKFi@l@k@\_@D?IqBd@s@BeBPcARU@UCUNk@HUTWh@C^B\KrBBlA?dAIrBA`AKdAk@rBMt@Sf@QTOHOXa@TWMIa@[Dm@CM@YHs@`@_@JYCa@Oa@SOEU?WBW\_Ap@aA\{AVcA`@kA|@SRIBi@n@a@TqBp@aBz@}@Xe@JY?}@MEGN@NCDGBM_@CwBi@w@W]Ua@g@KSIi@G_A?]GaABeAGm@AmA@mATgBFy@D{AAe@e@aBSiCSwAUuFKo@OuBWuAQk@m@sF?CT[BUFeBCq@_@e@MWK[S}@AWU{@@k@B]T{AVgA@IScBAq@RgETgDIeDi@{BM{@MaBg@i@MYCW?UEKE_@M]?[Ku@CGMQAIIc@GcAGqAG_@MmA@}@N{@LsANo@HeBRiBLuCJwAJiGJeBLy@h@eBv@uBNURU`@UjAqAVq@`@[LWJKPKj@OVDHAPUPO^Up@U\QN?l@Q|@g@|@o@^]R_@Ps@L]LUV[^]rAo@~@y@XAh@[XM~@M^KXM`@]HCXALGPQ\QRGT?\LPJXX^p@^hARx@FlAAbAGvAKTMn@EDAZ@x@HpAv@fBL`@F\Bh@S~AG`A?h@Fn@VVLTJj@Ad@EXq@hBW^MZOn@KbA@Nf@pBNhA@dACpAFx@BjAJr@AzAMfCc@jDKdAGdCBvBAn@IxAQxAFxBAhBBtAI^Gp@?`CPpBXzAFp@Bp@E|@BbBHr@d@jBFXNT^nAjApHJlADLBFBAFG\SFOB?BBb@nBFLj@n@b@\f@r@L^F\AL,2,,,,GI
193,2,Morning Run,5967.8,1601,1605,41.2,Run,Run,0.0,3282962244,2020-04-11T08:22:52Z,2020-04-11T09:22:52Z,(GMT+00:00) Europe/London,3600.0,,,,11,2,1,1,0,False,False,False,False,everyone,False,,"[51.495425, -0.17929]","[51.502738, -0.179387]",3.728,18.1,,False,,,False,False,28.2,7.5,3509467443.0,3509467443,1e829978-8b68-4164-81d9-1ef82c8e1ac0-activity.fit,False,5,0,False,32760347,1,a3282962244,kuhyHp_b@cAY_BQa@?Is@KLLD?VNbA_@Xo@Hi@Lq@EyAPq@Cm@Rq@Fs@P[AQMaABkD\}@TQ@aALI?KE]LGA]v@S\Mr@KnAKdDSxBGbB?`AMrAYpAMZMLSHIHiAR]Ja@IMAc@?OBSFiAR_Cz@uARsAh@w@j@m@TaAj@s@Ty@Ly@TWDi@@c@JgAp@{@Z}@l@iA\wAh@C@Oc@Sw@Q}@KOg@AWCOGKKs@_Cq@eAAKC]AwAXkGBqAC}@I{@[oACa@c@_BAy@KeB?a@Oa@CWBo@M[Es@ISCUMgBGmD@]@ONWTaADm@?[Iy@EOMy@QqC]aCSoBQ}@C_@GeCRaEHwBGwD@qACk@a@oDs@cDk@sDGi@Qs@E[?e@MQGWQg@Uc@Hc@L]JOl@m@T_@P_@P_A?a@F}@Jg@La@p@oAj@o@hA[~@c@zEmDPG\El@WREj@c@TMRGn@]TAn@[PCj@]D@VM`@]z@i@t@]JL\z@LJJDVDt@Yf@IX@FBDHAGJ?JHR^b@vAdBfEVbA^xBFp@F~A?~AI|@UjAM^G\i@lDCXHjDRjAR|AFpBEtAKfAGVEl@e@`B{@zD]xDGrAU`BB`BB\Ll@L^R^PP\Nd@ZfAxALJHEHDb@l@Lb@RvA?b@x@xGr@tBZXPED?LHHNNf@Dd@R~@,2,,,,GI
194,2,Carrera a la hora del almuerzo,10286.7,2696,2702,60.3,Run,Run,0.0,3241648193,2020-04-01T10:36:44Z,2020-04-01T11:36:44Z,(GMT+00:00) Europe/London,3600.0,,,,15,0,0,1,0,False,False,False,False,everyone,False,,"[51.495369, -0.179669]","[51.501742, -0.179668]",3.816,14.1,,False,,,False,False,28.2,8.2,3465468711.0,3465468711,92ce755d-441d-46f5-a7c1-7513cd65367b-activity.fit,False,9,0,False,32760347,1,a3241648193,_uhyH|ab@JT^m@ALB@@QI]Q[a@_@oAs@o@mAI]CYBDQZiBdB[Rq@Hw@Zk@d@e@l@k@Ek@Rw@FkAk@w@@a@IwAXy@@}@h@kBJ}@Rs@d@i@|@i@`CKpBF`@ErBDrASz@]nBEl@Md@Mv@S@YJc@@WJa@\WFYAOIO@sAj@wApAe@j@s@^wBTuBb@w@T]Ro@JUPMVGDkCr@[B}@T}Ar@_@FsAf@wAp@g@?CMMSKo@K}ACkCKu@KgBHyBY_BGq@?a@Jm@YsAMmDImAC{E@w@QqAQkC@_BQaAWeCGeEEcAAy@UqAgA{BIUE]AoANcBM_BEqAAk@D_AQq@AW@YXaABWIoA@eBGcA?cDM_AAYDaAJgAOmBQqAGiBU{A[{EUwAGkCMiAE_B?cAL}@HcAr@En@}@NK`Be@\?|Bg@nBm@r@a@hB_@`@AhBw@lAI^]\Kb@[^?r@Wp@_@fCy@^E\UJUdAU~A^PNj@x@|@b@Z\H\CHEA?EDBHHDND\B~AL~AQjAOxAQdAOjB_@nB[bAO`DO~@Er@@lAEVDhBA~@Bv@LNFbBOt@B`@V_@NCKh@e@hBe@pC_AtCSxAG|A@XVxAo@tAGhAm@nDOn@C`@EHaAj@y@z@q@~@q@Pm@x@_AX{@v@}@b@w@r@SJGAW[i@MkBZuCEc@Lg@OUDSCe@SSLIMG_C}@o@MOM]GDEA^yDBKbAkBT[b@qAd@aAJe@x@gAj@STy@T[nAKp@Uj@C^Dz@Qr@?d@Pl@l@p@b@nAdAj@RLAFIZcAFk@Py@BcA\iBPa@Dw@Hk@H_EF}@Fm@N[EkBFiA?_@PaBSwAAYJuBCeBEs@Fs@E{@Fc@AeAj@uGFuA\iBJwAx@cEPUr@DJUNiATaALuAVk@Do@\{BL_@@SL[DPPCLNHVZvBCv@DzAEfAX|CIr@a@dAKJ@ZMp@RdB?lEE`BQrBLpDC~AGx@?~@Ix@ELC|A@nALpEA^Kl@GfA?pBG~A@dAD\Ch@Iz@FdA@~AAZB\?j@Ad@K`@R|@D?BFFnAPb@MxD?b@L~@Xt@NPb@TfAVdAU`AFTNLb@Zl@BnABPJN?bADTHRPHWtDE`@KZ@PBF?VH~AL^?zAFbB,2,,,,GI
195,2,Carrera a la hora del almuerzo,6344.7,1650,1655,40.5,Run,Run,0.0,3234291366,2020-03-30T11:04:36Z,2020-03-30T12:04:36Z,(GMT+00:00) Europe/London,3600.0,,,,14,3,1,1,0,False,False,False,False,everyone,False,,"[51.495326, -0.179353]","[51.501788, -0.1796]",3.845,11.1,,False,,,False,False,28.2,8.4,3457671366.0,3457671366,92ce755d-441d-46f5-a7c1-7513cd65367b-activity.fit,False,4,0,False,32760347,1,a3234291366,wthyH~_b@Xe@EEe@TECQAG@CHIBCD?F_@DWFK?u@JQIEDQC_@OYGo@@SAM@c@TG?MRIB[C}@DSH[?k@NQ@o@OcAk@]Au@VaBhASDk@@oAEI@]Rg@HEGKASNSX}@hB_@jCEd@Jv@DfA@nBANStAM~BHn@G^BIMAYLcB`@kBp@iAV{Bv@u@b@w@FQAg@R[@k@XUBgAf@c@JsBt@wBl@q@HcARSHe@`@QTMXg@AaAJK?CCMBUJ_@l@}AZOGCW]qAAmAKuAGWEEM[AMD]AWGg@DmA?uDY{D?qAIqEOmC?{@GoAOcCIq@EsAIY?sBKyBWuCo@_Dg@gE[yASqAEIAK\_EK{AY}A@Wb@iAFe@I{AAoA@eBAcBSyHIy@_@wFE[@MIoAAm@MaAYuCQwE@cBHqA@MFMPS^QZUXOdA]n@Iv@SpAg@^E~@St@o@|@G@JZE`@SdAaA`AAVK`@SnA]vAm@r@c@`@Cf@Q`@I^SHA`@@ZC~@YVYPIFRCRD^HPJLTFpBNN?ZHJLL^?RPpC@|@KtDW|BErBE\]tAH|AEhAUdBW|AWjDD|@P`AHdA@b@KhAElAIv@Wr@I`@WpBa@zBYfCE`AHlBCZOr@c@v@KX?TBNTd@d@r@`@f@tBzA`CtARTVd@HVPxAt@bC\zAN|@PhC@jBR^J?h@IRGRN\NRPFJHVD`AFb@@l@,2,,,,GI
196,2,Carrera por la mañana,6282.5,1618,1618,41.0,Run,Run,0.0,3226639262,2020-03-28T10:34:34Z,2020-03-28T10:34:34Z,(GMT+00:00) Europe/London,0.0,,,,18,1,0,1,0,False,False,False,False,everyone,False,,"[51.495496, -0.179317]","[51.501772, -0.179636]",3.883,13.1,,False,,,False,False,28.2,8.5,3449481674.0,3449481674,dd1010b3-8f8b-4c52-9d06-a78766590cb4-activity.fit,False,9,0,False,32760347,1,a3226639262,yuhyHv_b@?o@FOBg@BJAHi@x@YJ_@Ba@Le@Ta@@UCI@ODWNSBK?[GcABqACw@GS@i@Fa@NED_@Ns@BUD_@TS^i@j@QDQBk@EyAQYESOcA@g@LIAGBCACKG~@IZ@n@ChAIlABv@GhAAXIh@CzCc@zACh@CJGPIFISGEaAlAUJoBl@a@B}@IUBa@^k@t@u@^oAF{@P_AVc@X]Li@JmAJWNe@\}@Ny@Ja@L[V[^o@\_@He@@g@De@b@i@|@IJIDE?[II?[Bi@L[?]OSQI[?wBSwB@cAGUCu@]c@IWBk@VwCEeCKe@o@oB]gCC}@DiAAYP{DA_@QqBWoAGg@MmCC{CYw@IkAG{BK}@UoACk@UsCOu@LuA?qASiBEWCa@Dk@RsBD_C?_@YoDEsAAa@HmEEu@YmBKeA?yBGcAUwAY_DO{@Mi@Cm@Oo@?UHo@P_EIAKKDG`@UnAm@`Bi@lAg@NEfB[nCy@h@Gp@Yn@S|@QhEaB^YJOb@En@MfAYfBm@`AOnAo@TJZ`@`@HFDfAnAJT@JJAFT@HAHJn@Bl@B|AJzAE|AIj@@vBAf@UrCObC[dDI`BBhBGnDBfE]pASd@GXSzBO|@Mp@Y`ACr@F~AAx@Ij@WbAGh@Af@\xAVx@\r@d@`@NPVJt@n@t@|@T\p@pB|@~Bh@vCZlBPtBFNTXF?RKX_@F@J^PbBhAbBL\J`A,2,,,,GI
197,2,Afternoon Run,6264.9,1646,1646,40.3,Run,Run,0.0,3220024322,2020-03-26T13:34:25Z,2020-03-26T13:34:25Z,(GMT+00:00) Europe/London,0.0,,,,22,0,0,1,0,False,False,False,False,everyone,False,,"[51.495493, -0.179384]","[51.501696, -0.17989]",3.806,10.3,,False,,,False,False,28.2,8.5,3442450526.0,3442450526,dd1010b3-8f8b-4c52-9d06-a78766590cb4-activity.fit,False,11,0,False,32760347,1,a3220024322,yuhyHd`b@WEIQCYRCQBWCUFk@B]E_@To@?o@Jc@Aa@HMAm@`@e@Pe@Aw@DeAMW@YFy@^UCYKYNYFM?i@Ge@D_Dx@EDO?OH_AJi@t@KV?HJpAAVGj@Ov@OxAOp@_@fDG~@@t@Lr@AJUGuB`AwAX{Ax@SNYLkDr@}Al@s@f@_D~@yCp@q@XmA^_ARcAf@UHQLuAd@w@Pe@Tm@FMAUUIOIWCWIkDGUOe@OwABw@Lq@Ba@Io@AcAA[U_BEe@BqCIcCCUOa@AQB_DSwFOcBAm@Ek@DsBI}@SmAO_BEaAMm@[g@I[a@gGIg@Sa@CQ@uAFe@DsACe@OiACm@Lk@Rm@Fy@QsJ@wCO_Fq@iEGm@c@{JF_BE{@OcAEc@FwAHo@Pm@NW`@YrA_@TAb@M`@Qt@U`@In@W~Bw@fAUtBw@vA[`A_@rAWhDuAbBm@`B_@\QR@|@IpAp@r@b@x@|@DHF`@APKRCPATBfACxBE~@EhBGz@Ax@IbAKj@s@hH?h@MdACt@KxD@ZTdB?n@GdA@v@?\GZg@hB]vCk@pCUtBCdA@rAAf@Mj@[j@Ef@?\FVRXh@`@jAlAnBbBfAl@LLT^Rr@HrADTdAhBP`@\~EFrA?|@BJTLN?bAKXAHDJJLTNr@`@bE,2,,,,GI
198,2,Running away from other people,6318.9,1719,1726,40.5,Run,Run,0.0,3212895114,2020-03-24T13:17:29Z,2020-03-24T13:17:29Z,(GMT+00:00) Europe/London,0.0,,,,15,0,0,1,0,False,False,False,False,everyone,False,,"[51.495036, -0.179166]","[51.501531, -0.179441]",3.676,11.4,,False,,,False,False,28.2,8.5,3434880855.0,3434880855,dd1010b3-8f8b-4c52-9d06-a78766590cb4-activity.fit,False,3,0,False,32760347,1,a3212895114,}rhyHx~a@eBBFHMCCCO@GIQAUIOBQA_@HYB]CWB]\a@NWPAJIHE@GHQF[EW?i@HoAF_@N_@BWHQJ]JaANa@@qAf@Q@]@OEcBI]DKFK@o@A}BTOTCHAXBj@KlA?l@Dx@H|@?fAGp@YjBEp@QdAGdAGPGD]HgARaAb@qBj@cAd@eCr@w@Xi@X{@N_Ad@{@J[Vg@NYL[D{@R]Lg@ZcAZaAb@g@HSNiA^WBg@?_@Pe@NaAd@QBOCKUWkAIoACuAQwAF_BCm@?aAAUIq@Am@Gw@EmC@{@UgC?YCi@MeBEsAA_AEq@@m@Ee@GyDKkC[}AMeAU}@MqDMw@GQC}@Gg@QeA[eAOq@Ag@Ga@?]Hc@LcCAo@IuACIBa@TgADo@IqBAw@IgABKCg@@gBEuACGAUDq@AyAAi@a@wDCwAW}CK{A?q@c@gDA_@OwBAUJ_ELg@TUf@M|@_@h@KdBi@rAg@nBo@x@QtBk@zAg@`AUh@Wz@SfAc@VG^Sv@QjCcANAZMnAi@n@KJAL@jB`A`A`APHHFLZD^QfAE|@@`AE|DIp@CjAMx@c@|EY|E[|C?~@CrADp@Jr@@`@EhABjAA`@Gb@a@dBK~@k@jDS`BQz@Cj@DdDId@]n@IXEbABJHNh@T`@\LN\TtAjAvAdAZd@NXJh@N\DTEZZfAVr@`@l@LXBhAZhBR~DBDD?PIh@?v@GNDXh@TpAZl@RRHV,2,,,,GI
199,2,Running away from the virus,6394.0,1661,1759,41.0,Run,Run,0.0,3206709542,2020-03-22T12:28:53Z,2020-03-22T12:28:53Z,(GMT+00:00) Europe/London,0.0,,,,18,0,0,1,0,False,False,False,False,everyone,False,,"[51.495259, -0.179503]","[51.501728, -0.179941]",3.849,10.1,,False,,,False,False,28.4,8.3,3428261582.0,3428261582,dd1010b3-8f8b-4c52-9d06-a78766590cb4-activity.fit,False,9,0,False,32760347,1,a3206709542,ithyH|`b@]u@KESA_@DMAk@DUDQFQCm@UWCa@VYU_@Ga@Qw@Ju@^]VWHUD_@RWDY@_@Ga@AaAK_@Ag@Bc@NMJKNE\WXe@Tu@DSJQHIN[TK@oBQe@?KFGRUzD?f@FpALlA?d@E`AItAKx@QnAOf@GDkAXWJqAZw@V}A\gA`@OLWHK@SDm@\WBSFy@LyBbAG@uAf@oAZOLo@RWN_APULq@P_A^k@P[Fi@TmA\aAd@k@HGAKMKk@KcG]oFKqFQ{CEaBSgFIiC?gACkACo@QiBA_@IwAIyBGo@A}@mAgGUwAUaBGy@UqBAi@L}A@y@A_@UsBD]ZaAD[Bc@Co@?gASiJEwCUiEMsAQ{DUgCi@eFCk@@c@}@oAkAwAhBfD@SGMBs@Fg@R{@LaADKNM\IH@^E~Ac@xAk@v@Sn@a@XMr@Mr@UhBc@XMnA[|@]x@Ut@KhAUvAk@dAo@l@Sf@UxBe@dAYH?XPRFbAd@XXf@\^^JR@ZALOf@DzA?n@SxDQrBCjA[|EgApL@nAHh@Nr@DZ?^MnB@r@Ih@g@xBQ~AQx@g@nDQ~@AZBl@?v@C|@I`@e@~@CZBh@J\HJj@h@f@n@jA`A`@XhBtAZ^LVTlAT|@H`@^bANVV\Nf@PtBHrDB^BDTLP@`AKTHTTJXXbBLjC,2,,,,GI
