,resource_state,name,distance,moving_time,elapsed_time,total_elevation_gain,type,sport_type,workout_type,id,start_date,start_date_local,timezone,utc_offset,location_city,location_state,location_country,achievement_count,kudos_count,comment_count,athlete_count,photo_count,trainer,commute,manual,private,visibility,flagged,gear_id,start_latlng,end_latlng,average_speed,max_speed,average_cadence,has_heartrate,heartrate_opt_out,display_hide_heartrate_option,elev_high,elev_low,upload_id,upload_id_str,external_id,from_accepted_tag,pr_count,total_photo_count,has_kudoed,athlete.id,athlete.resource_state,map.id,map.summary_polyline,map.resource_state,average_watts,device_watts,kilojoules,average_heartrate,max_heartrate,User
0,2,Afternoon Run,5982.3,3023,3081,217.9,Run,Run,0.0,14448055029,2025-05-11T14:39:28Z,2025-05-11T15:39:28Z,(GMT+00:00) Europe/London,3600.0,,,,0,1,0,2,0,False,False,False,False,followers_only,False,,"[55.919338, -3.210083]","[55.919195, -3.210035]",1.979,7.4,80.4,False,False,False,164.1,75.8,15415100671.0,15415100671,b13b0144-6d68-4a91-b7c6-46d36f5cd0a8-activity.fit,False,0,0,False,30351079,1,a14448055029,qwhtI|gqRGWOeCCIMEAGC@Sq@BUHY@[JONa@HKLCLs@CeAK]I{A@m@CsCGYEAAEBCJBBvBMOCGI@?DDC@IGWRuAIS?]]d@AFE@AFGEAJ@MADIESu@N_@@Wg@a@KWScAEgAOq@?e@Fc@CU@YEWUo@MeAJwBAsAMw@Qs@WmCU}@DADZ@OIi@Cu@OeACe@@c@Eu@B{@Jk@Bk@Cw@@a@SSAKH{AGSAIH@Ag@BKHGF}@Pe@JMLAFU@YDIHEPDB_@HGKLKAQi@UW?JRDSOSUIq@?g@RsATi@Lo@Lc@?uAEc@JeAOW@UGW@SDIFe@DoBE?@b@It@Mf@ONSGg@_@kAs@WCWDYdAEf@@d@CF@Ma@x@@@@EIRSvAKZIBQEOOM?g@j@u@GSP{@PSLG?_Aw@c@MEBEVDA?FQXG?BMFAFRM`ASv@It@CFI?k@kAI_@Qa@Y]Gg@h@}A@KIABHC^Do@Tu@Lk@NOPaA?CECPQ^E@MAS@S@HM\EHACOX?HFFHb@BBENGHECEHFDBRNd@?\EJG@YAD?ANDXFJDEADGn@W@EJATD@AXFb@AHW\CRFF?C?LDXLRJITBFHVN^p@RTABDPUWFb@KrAEXAx@Nz@Ab@PNH@P?BEAKA@?LFVB@@ICADGLHHTRnAV`@FP`@VHJBXCh@FHNIFDAHBTLHECK[SE@H@CCp@DtADTJJJCFOD[FAHW@q@Ek@Bc@JI\I?GD@CH@ID?DTB^Cj@@T`@p@BTDHXfA?^OZAT@BAEDCCDBRAKER@RNXRCJFERBJFYHAFLPJDKJaCJ]LSD[RIDYBa@EqA?o@Di@?]BWN]PcAEk@VcADeAJWNEVs@NEPYFUAKSA[YMFQEEYDUFQJKrAe@\SRD`@T?`@CJMF?EBCPHGIFEBLPDAh@Ib@@LHXLNDRNX?^AXG`@GJG\@XHZBx@?DG@EP?LIPAFSMGBAFC`AB`AMf@AJAVNVVjAAl@G^AjBEf@Ib@@|@JHCIE?ODCHECCG?UF[GIONCTDf@BFXXJCF@BDJd@Gr@JvAV`AD\Nh@BPEhALlABj@RrABp@AONL?NFh@?b@RjBBd@PhAG~@Wt@G@Fv@HXp@ZHJLl@DJAMBJB^Ab@FJ?VPl@NjADFLECPMVEx@DZP^Jn@HFFj@C\BRNPEREXIHAJEbB,2,,,,,,HQ
1,2,Morning Run,5010.1,1612,1615,86.0,Run,Run,0.0,14443864363,2025-05-11T09:15:44Z,2025-05-11T10:15:44Z,(GMT+00:00) Europe/London,3600.0,,,,0,1,0,1,0,False,False,False,False,followers_only,False,,"[55.950952, -3.170265]","[55.950069, -3.172718]",3.108,4.18,86.6,False,False,False,122.7,38.5,15410697352.0,15410697352,1c29bf0b-ac06-4372-ab59-b50f5fcfb91a-activity.fit,False,0,0,False,30351079,1,a14443864363,c~ntIluiRsA}MGy@QiAm@oFQkA]aB_@wAqA{Dm@}AMk@M_@G{ANwCAo@G[M[o@cAQa@K]M}@CcADyDKkA?i@DYFWj@s@Vc@Zw@Nk@^}Bb@uA`@cA\s@\k@Za@Rc@h@cAZ{@dAmAL[Ru@Zk@HGNAd@LPAnAa@XOREr@EREPIXEpAKrC?p@HZLZFRRR`@d@tANl@TxANhAZxDP~@Tt@Nt@j@bATP\LR@VGt@i@h@g@hAuAr@gAfAeAfA{@tAu@z@SP?LDb@\Vn@d@jCrAbDt@~BP^t@pBNp@RdBp@pBf@dCHlAHl@Th@d@j@Rr@d@hGFrABzCFnA?dACfAg@`F[zAcAjDUb@OPs@l@WFu@DKBKFYZUv@M|@C^?r@FrDC`CS`D]pBElASz@QrAWlAg@xD]pBIv@a@pCO`@Wd@[x@mAnDSv@Sh@Mj@Q\g@p@m@h@{@bAm@b@aAXkA?u@CoASi@OWM_ASu@Yy@e@i@_@Uc@{@y@a@m@Ym@,2,,,,,,HQ
2,2,Hill sprints,5500.0,1980,1980,0.0,Run,Run,0.0,14455001735,2025-05-06T11:08:44Z,2025-05-06T12:08:44Z,(GMT+00:00) Europe/London,3600.0,,,,0,0,0,1,0,False,False,True,True,only_me,False,,[],[],2.778,0.0,,False,False,False,,,,,,False,0,0,False,30351079,1,a14455001735,,2,,,,,,HQ
3,2,Morning Run,9000.0,3180,3180,0.0,Run,Run,0.0,14455018631,2025-05-02T04:02:34Z,2025-05-02T05:02:34Z,(GMT+00:00) Europe/London,3600.0,,,,0,0,0,1,0,False,False,True,True,only_me,False,,[],[],2.83,0.0,,False,False,False,,,,,,False,0,0,False,30351079,1,a14455018631,,2,,,,,,HQ
4,2,Morning Ride,41688.6,9807,14407,508.6,Ride,Ride,,14178229797,2025-04-13T08:14:42Z,2025-04-13T09:14:42Z,(GMT+00:00) Europe/London,3600.0,,,,0,3,0,2,0,False,False,False,False,followers_only,False,,"[56.200369, -4.527896]","[56.195751, -4.119411]",4.251,12.4,,False,False,False,258.8,24.8,15132305047.0,15132305047,stripped_accepted_tag_from_15130684109.fit,True,0,0,False,30351079,1,a14178229797,wm_vIn`sZfB}D~AkGhC}EdAyDpDsExBqJpF_QzAsBxCeCjAkFfBgLx@sBrBcB`AsCNmDs@oDE{EVaFdCsQ^_O~@gHrDoNn@yHdDqTb@yV?eUt@aWbBsTu@_Sz@yMbBsEp@yFcAqFHsNvCiP~@w\p@cG|@eDRyG|EuIvBEb@}@ZqE?}G~@yLk@gJoBwFJqMZeJ^aCoAqMA}FvBqTkAuICwBh@qFFkOa@gCMeHg@qCTiCYqBdB{TlD{D\yEdDgIRuMo@e@Cs@DkPyAi\EmTnBwV|AyGvG_d@fC}Xp@wC~@JBc@eA}@kCmQk@eAy@T{AdEQhCq@t@Q`D{A_DOyBq@uAoA?{BpA{DaC{Cp@cC{TKiIUs@}C|YsAx@DXsE\eC{AcBiCc@qBoEaJk@gGj@_NEoK]w@oDfGoEToDlMqEbEaAtHcAvLi@jBiA`BwD]uCtHYnC}EfT{@~@aAo@}AcE}@eL^iPOaIX}A_CgE[kGm@gAmC}AcDi@k@j@aA~Dc@V?mFb@gD|AcDnBKlAyAb@kGD{L{Fwb@[}DuAq@{Cv@cBgA?oBhAeCr@}E[wVUo@e@L{E|Ka@Bm@wAu@aC^iEIuAqC}LwB_GqA_BkAK}CvCqAbJMtT^rGOBd@hDc@pFEpIt@|JLfM_@zGsApE[Qg@kDuBoHwBsL_FiM{FsFkBi@sEeHT}KaBcPXaJxAcOpAeFAyB_C{EyAQoB~@{ErHiC`HYdFqA|Eg@pEcGrRy@~Il@om@^_GGuG^gDNyHo@aOPeKaBoCd@cF[g@HaDj@kGq@eL?uPK}@uAOtAyDj@yGeBeHe@uKnAqIh@sIEgC~@wG~@cCdAwPfGyGvD_QuAyX{@aEr@wGAgHaCcMeA_CXlA[t@R}@g@_Eb@mDl@kAZyH~AeCpAmXrAoIHeJe@_DqAwUmBcMeDoFyDgMyGgLmAaRqEmYoGwOyDsFy@cJ{BgO{AoEaCaB_FeAwEqD}BsCiFqN{JyJcC_AmFcEqOaTo@oGo@mQqBkIoCyPQgUn@yKiA}FeE{[i@wOF_FqB}]k@}ViMyGeFsA_BuBuAhDKv@ZVm@n@PCDPSHX{@YAT_BrEc@bRnGzCiIrA_LrN_RnvAcu@vIaI~Eq@nAsAtAyGY}S_@oF@gGfFwQpBuN?uHnBuKfA{RPsRnD}YnAwUxAwEnKoPjAuC`@eVzCmGzGa]o@yJ_@mMRsCxLu_@nLg\tBwNtGcLv@yF~DeCdHiKrDiI`K}K|HwZ,2,63.2,False,620.1,,,HQ
5,2,Lunch Ride,46897.9,10068,20147,391.0,Ride,Ride,,14178225964,2025-04-12T10:44:54Z,2025-04-12T11:44:54Z,(GMT+00:00) Europe/London,3600.0,,,,0,2,0,2,0,False,False,False,False,followers_only,False,,"[55.953992, -4.579767]","[56.213466, -4.542548]",4.658,12.529,,False,False,False,191.8,3.6,15132301103.0,15132301103,stripped_accepted_tag_from_15130675911.fit,True,0,0,False,30351079,1,a14178225964,{yotIdf}Z}CiDeAwC}@y@i@yAuEcBgE]OoAm@i@]jAoBVgA~G{AhDoCfEoAW{AmAiFs@_FwFeDaGk@Mu@lAi@bKu@|E}AfGmCbHaChEyBdCgDx@iDkAcC}BiFoDaC}@}CkCs@oAq@oCOkCFsEMUwBGcA`K}CbIcCfBgC]{AwCkDcUgAuBwBoAyHt@_C]oCyDoCyHiAy@oCCsInBqBjEyBfJ{@tAw@VsAi@kHwOcGqFeQA}JjBgDlFwCpPq@xAoQnRyJ`GZ~C}Fv}Aa@|AqBnEwHvJmD|GwDxLu@vAkDlFeJbKaMvK_GuAmF@}Bv@FXuAfHeEhFiAhDmFzJoErWaC~\kAjKsDpOkCbGeDhEyGxEuAX{BWyB~AqJx@mIfC_D`B}CxCkQbUePlGcFjOmAtByBjBeGrB}VzCmT`A{JFqc@mD_YH{@j@kL]}F{AcEKkI}AsCkAmGoF_KqOaHkFsD}A{CWkIvAmJHwCe@eGfB_G{@aEH{LgCsIuH{BeAkA@kChAsDbEuBpFwCpFqGhF_DvA}DkAaGaGu@V_C~CiAh@iTqBeKGcOcDaBt@BXUk@JNd@kAuCu@sF_D}Gc@oFz@_EdBaS`PcHnEqGnHyIfNgMxMaHtFqRrGcP|DmGvCaAMoD~AwD`@uChC_NxGwJzGmHhDgK~CyEzDkNxIoAGcCpABu@Kb@B]c@n@mHjAq@lBg@b@uErByAUaG|@sIrBiCfBsN~P_HjCiD@qI`HaBp@}D@wBmA{GmJgH{SuI}Je@QuD~Bi@nDu@bBoApBuDrDwFtLe@zBOzF_A`IUdGa@hAuKbMy@zDSxJe@hB}@pAgEpEsDt@cDdHiErCwFk@uAfBkAb@q@q@s@qCsABwAjHcB`GgBhJm@rAeDpAw@x@qMlTwDzDcAhC_C`DqCjHcArAwBpBuQxI}NzBgG`CwHtKaKrHkFlG{ElHgNtOi@_Aa@yC[[c@Rw~FosCiDVe@a@EoA^qAtCgAN}EdBaCl@yDEs@qBkGiCqSRQQFo@yGmBqIuB{DyF_@eDgC{FaP[sBo@wMbBoLn@kVm@cLqCqRAkEi@yGHeGMoGvAqM\{J`A}Ct@cGpBkh@e@aLgH}s@vAsg@Gqv@_I_r@aEyOiCuXiJyn@s@{M{AaDcIoHH}@a@wI{AwI]cJk@SjTlbAnAfIf@@pOaIzMuJdG{BdFmF`FaKNoDcAoMJ}Gn@sEzCkJjI}QtHyLzFoLnQoXpC}FjBuAnE_BpF{GxDyBbGqF~G_EvMsKlZiY~NaI`BgCzEuM`FcETDtFwHpGeA,2,61.1,False,615.2,,,HQ
6,2,Afternoon Run,5171.5,1514,1529,22.3,Run,Run,0.0,14087547519,2025-04-05T13:31:56Z,2025-04-05T14:31:56Z,(GMT+00:00) Europe/London,3600.0,,,,13,5,0,2,0,False,False,False,False,followers_only,False,,"[55.958996, -3.211891]","[55.963045, -3.214157]",3.416,13.242,86.4,False,False,False,36.5,18.7,15037479255.0,15037479255,fab765af-173b-4329-ac07-112f1e4d286e-activity.fit,False,5,0,False,30351079,1,a14087547519,olptIh{qRRQ\g@JGFIH?BCTa@REBEDYFMA]BQAI?AB?AGGEMEe@e@c@Qq@a@Y]We@GEKCa@]OUYe@QQY_@E]Qi@]s@UoCG[CAEu@Ki@@UYiDCi@?SGSA]DKKUKuACoBAKQ_@OsAQm@AU?]EK@m@A]WcCKSOq@Cm@Kk@O[GiAO_AEMAOPo@ROJCVWHEBMCo@PuAH[?]Be@C_@I]Oa@Ik@KQIAGBq@\q@z@MTcAt@qBrBaCCq@L~AsAf@]@?CHEDMXg@h@g@r@EBM?QDKPy@r@STKFGLKFo@N]TETE@YF[KO?SLQAQFQZYR]b@g@RSBKFw@l@K@KDSAYJM?EEQNq@RWXKBa@EK@QCI?YHi@v@k@TYKU@WLUROFYZg@RMR[VUFMBYIWAWJQBEGUEI@]Xe@P}@Rc@b@OFc@HYPUFM?YDc@PMDQAcAXCGE?Ml@IJGBQNMFc@@y@ZQ?EAKAQ@i@RW?[L[DQFKAQDIJ?JFv@n@hCJHFXP^Hp@HhABNNX^l@Pj@PfB@`@IX@l@X~APb@\|BBfEP`ABbABH@?B[Ak@Ju@j@Q\_@RAHMP?FIHEH?DEV?BMHCPDZ`@PBLPDE@F?^FEDzAF?E~@@RE^APF^JVBVBDF?EvABtAAr@@tBXzFZlELhD?bADbAHf@DPDBD?DOB?H@LDD?RKJCLBFA^QDC?YDKVUR[Ne@Jm@|@xAHDL?LENIZWRETDDAD@PXXF^Cn@?|@U^B\Kf@]f@CPE\URUDAHDZKV]PGHITMREJGRCx@i@VSd@YNE,2,,,,,,HQ
7,2,Morning Run,8101.3,2513,2653,43.7,Run,Run,0.0,14075071022,2025-04-04T06:12:58Z,2025-04-04T07:12:58Z,(GMT+00:00) Europe/London,3600.0,,,,5,2,0,1,0,False,False,False,False,followers_only,False,,"[55.95897, -3.212416]","[55.959204, -3.213024]",3.224,9.327,85.2,False,False,False,36.4,9.3,15024339393.0,15024339393,d2f7c839-2340-4a9f-85b9-32be34eb7bda-activity.fit,False,0,0,False,30351079,1,a14075071022,{mptIx}qRHk@TO\c@fAaBP[^sA?KEKKG[Oa@Ye@UIMe@_@OIi@s@c@c@a@QIIc@}@IYUa@K[OyAGoAFGAEIYSQKSAK@UO]Ac@CQ@SH]@YAy@Gg@@QCa@Gk@K_@AI@CM]?UAQDUAKU_BAUSkA@ICSOc@BE@AAm@Ge@?YKs@AIDMQiAD_@?OG_@Wu@Ow@CEQAO}@@{@PULIJQPMD_@NOBM?}@P_BAq@@S]{BEMIIQEa@FgA^SR]t@CXIVIjAGXAXGhAH`@C^uCuEG@c@\[`@OXKDKNODONKFSRIDWXu@d@sAn@YHq@\i@N}@^e@ZyAr@QNWFgAf@g@H]L_@Dq@XYT[Hk@XY@WHo@Fk@EK@UJED[Pw@l@y@\y@TcAHQN_APi@TOBc@ZqCn@MNQz@ALBCBDEFGIEMCgAI[EcAGi@EIMcAIkCK{@GBCM?o@Ie@OQQ}@KwBKg@CiCWcA?{@KqBA]BOAKWEGEMOIGYDW^i@Ji@Xs@PiAf@s@NMPe@L[N}@Ri@XMPeAXMLc@L]Tu@`@e@H_@?kAT]?YPk@Hs@X{@Da@AIBYPwA`@YAEGMGOAKTGDKGK@O\IBMLU@ILCVGJGEQE?NHZ@xAHdAARF~@L~@JtBB|AThFDhB?`A@JEn@@~BErAa@vDCl@Br@Jp@@\]`CKlDKzAM|D?TItAIxDAv@BRGf@@`@IvAOlJRtBNp@Dh@J`@Ht@Jb@ZvDDLH@DNJbAFRBBFAACCp@DR?`@Fl@B@BE@@HLJCHSBMT]FW@gACOCe@MQICEI?QBY@EHGfAf@VBJNTFDHGJH_@PVJw@@EFC\Dp@GhEy@v@Ub@EjCs@dBYPENQV?LMR@PHFARI^EBCHMf@APK~@O^BRMTCh@Qb@CJGjB_@x@UTCb@@LEn@MDG^ETBXKN@n@Q\SHK?CB@BH@OCJBAHK@F@CDAFDFR@CAh@FzAJhAHzB@HFFPG^WPCLInBc@vBsAVK~ASVDd@I`@?^D`@KJB|@c@XGVMd@a@XQB@?VL\D`@HBFAl@eATOTKp@{@VO^GPMPA^Ov@k@f@B\KP?^b@d@\DFALBHZCL?TPTF`Av@|@Td@d@v@Ld@V\Ah@TRTJEPaANWLA^F,2,,,,,,HQ
8,2,Evening Run,5096.6,1465,1484,15.8,Run,Run,,14071169715,2025-04-03T17:28:12Z,2025-04-03T18:28:12Z,(GMT+00:00) Europe/London,3600.0,,,,0,2,0,2,0,False,False,False,False,followers_only,False,,"[55.959486, -3.213204]","[55.959087, -3.212549]",3.479,11.04,,False,False,False,25.0,18.7,15020258203.0,15020258203,stripped_accepted_tag_from_15019764653.fit,True,0,0,False,30351079,1,a14071169715,wnptIrcrRJiA@k@Fc@FYDILMb@_AXWP[Rg@\a@Pe@Je@?MOSICMKMGIO[SMAUUU]KEi@{@u@k@y@sAK?s@{BKcBYqBB]Cm@Mo@?YGm@K_DK}AEcAS}@a@cFFS?k@e@gDg@cC{@_FK{@?GDCCAAA@DKHMTdBgADIJi@AaANaA@m@CUDGDHi@qAEo@ESOEKAGM?OIAIKMbAIFi@P[NKB_A^MLy@vAKLG@[CQBm@RGAQXk@j@aBpAY\GNIHm@^QDQJc@^KDQJE@E?CDM@ODk@ZKJUFeAl@QFSCq@n@q@PUB{Af@cA`@e@F}@^qBf@c@Pi@N}@d@ME}@d@s@LGI_@X]Lc@Jg@PKFKDCFCTCH?YDCLA~Aw@^G`@MHKn@Of@QN?XOd@c@RIvAWbCi@n@W|@g@p@WZG^Q\En@QLGZ[VE|@[n@[d@O|@_@^Sl@_@b@Sx@m@TYNULGp@k@DUDy@TUBAVLB?t@e@PQr@Ix@[VI\APFGEFBDCLs@xB_APCJ@DBDJLr@b@lAF`@Eb@ER?CIl@@v@Cj@GLSFe@\OPMZVxANT\dBD^J^H|@CVHZD@BDF`@Bl@DJ?VD\FJ@E@DBXE`@F\BdBHj@Z|EH\HnAJ`A?Td@~Dd@zFNd@Hb@HNDd@LTLJNBHFPRZVNXn@h@DA?IHQP`AFLTJf@h@LJJBHX@JKRETO`@MRKFGRa@p@}@~@OXGj@,2,,,,,,HQ
9,2,Evening Run,5020.4,1540,1609,15.9,Run,Run,0.0,14062349828,2025-04-02T19:44:09Z,2025-04-02T20:44:09Z,(GMT+00:00) Europe/London,3600.0,,,,8,2,0,1,0,False,False,False,False,followers_only,False,,"[55.959175, -3.21285]","[55.959084, -3.211714]",3.26,15.553,82.2,False,False,False,25.0,18.7,15010966868.0,15010966868,e35e981c-364a-4e3e-b201-cc86e245d374-activity.fit,False,3,0,False,30351079,1,a14062349828,knptIt`rRDqAJa@FMx@aANW~@sATo@HYAMIMeBwAOWqAkAeAsAg@q@GMg@}AO_B}@mI_@wEOaAAk@g@cGMs@FUAi@Mm@a@kDO]?IBIQUE_@GY?IJ_@?M]wA?KBK^]XSFWLKBQGs@@UDi@Hi@Dy@U}@MaAGMEGIEWEI?y@^c@JwAh@QLH?v@WmDzBaAf@OLkAxAgAhAe@ViAt@_Ad@G?AGC?EDEXGBOAi@\mCbAi@\{@^qBd@}@XOBEOSVCNm@H_A\uBl@O?_@Rw@R}DrAq@Ni@RAB?BBAFDRAJSLIBIFEF[N_@LCJE^GXFDIF?HHJBT@FED?NRFQFKTMFCN@TETI`@IVUlAg@nA]|@]XANIp@OVOr@MtAc@`Bq@ZStAm@ZIRIHH\a@JIn@Yn@i@PWjAkANKRW`@SX[l@_@d@c@PILKNCJITIDCBKuAp@~GkD\GDE\HFHHlAXfA@VATWfBChAEXIZWLG@WJALNh@Jr@?RDx@R|@PhATv@`@|DFXJDFNMJA\HtA?ZFj@?`@`@rD?\ER@|@HtAXvCHlAHd@B|@PtBRl@BDD`@JHF\L?LFbAtAjB|AXJPVPH^`@h@^DLI^KTc@h@URe@x@WX,2,,,,,,HQ
10,2,Afternoon Run,6700.7,2229,2355,51.8,Run,Run,0.0,14062157628,2025-04-01T16:09:57Z,2025-04-01T17:09:57Z,(GMT+00:00) Europe/London,3600.0,,,,8,2,0,1,0,False,False,False,False,followers_only,False,,"[55.959169, -3.212765]","[55.961865, -3.217736]",3.006,12.72,84.2,False,False,False,58.4,20.4,15010765179.0,15010765179,49cbee02-7549-430c-b0e2-6027fd401562-activity.fit,False,4,0,False,30351079,1,a14062157628,inptI``rRH}@AUF[HWDGFARBPK\i@z@}AVw@BBCCCIXDVTJRp@b@Rb@RVp@l@b@TXf@f@l@Rb@FN?RFZZJJJN^^l@HFr@RJ@PCBK?EKGFCHN^nAHF\N\Ev@DjAXLFHFZ\NFTP^\LNb@Rz@z@D@\ZNDLLHb@BjAGr@?dAMzCAx@Ed@B\d@hBJPNb@VPD@VLJ?RMVVHLRPPn@Bt@GdAAx@A@WGCDOBIHCAAEFKF@DEDBJr@HRI`@@d@Kr@Sd@SXERMDCLGHERKLIXIHS@IDGVIL_@^EPOREPAn@Bh@TfANh@@h@JR\b@FDPB\GLFD?XIVFZGP@RHj@@DEHFFEb@O\AFELQJEn@?r@XF?^[HBDHLb@@VALOZCBIZANFPNLPvAH~AFb@rAZD?RFDDNh@FfA?dADdDAZQ`BQrCi@`C}@|FOnBFvABL^v@Pv@r@bA`@rAj@~@TPX`@h@d@NRLTNd@b@t@RJHPn@Fj@Gx@e@BECEBFE@EDO`@GFUFULIAIJE@UIc@Lc@ZSKQBMDGA[BEBIHO^QNeB|@m@Rk@ZQP[f@y@x@e@\OP]j@o@l@ID_@KW?OVMbAe@~AK|@o@dAIXWtA]z@GLc@b@g@dAIXShAM^OVGd@w@hCg@`AUv@GJq@fA]b@Sf@MRaAlAeAvBwAnAYFo@d@o@jASd@ONGDEAa@FYEYAWEE?INI~@M\IJKBKCS@KIQEWCeAn@a@Ha@LMAGGOo@G@EQ?DIUG?]RUEC?Ma@IOGKSMg@Cg@M}@[i@COEGEGSUcAaAaFa@iCM_BAc@BuAL{AFe@H{@XqAR_B`@oBHwAAcAJqCCa@YmCImCSgEI_GQeDSiCSeBCcCUeCWuBYgBUuB[gBW}BYyAe@iEAc@S}@QsAYiBu@uFm@_EGeA,2,,,,,,HQ
11,2,Evening Run,9263.8,3031,3236,47.5,Run,Run,,13504397560,2025-01-31T18:33:12Z,2025-01-31T18:33:12Z,(GMT+00:00) Europe/London,0.0,,,,0,3,0,2,0,False,False,False,False,followers_only,False,,"[55.958823, -3.212732]","[55.959451, -3.214416]",3.056,8.7,,False,False,False,50.4,18.7,14405914004.0,14405914004,accepted_tag_from_14405098999.fit,True,0,0,False,30351079,1,a13504397560,_nptIj_rRDe@L]RMH@h@i@D?HSDg@Xc@^]F[DcAw@i@e@g@[K[k@}A}AKUIC_@w@m@o@[eAO}B_@iBe@eGOmC[mCGcA?_BGw@GWMOEOQwCa@wACYUaAEa@ICCIG]EgA@}@\aAZm@TYD_@Eg@@c@He@FM?m@Ki@Q_@Ou@O[[]FOSNc@H?IBEMGGSBk@E[CAGUE?GQ@k@JI?a@wE~JgA~@CHe@PML[l@SRU^SPa@PCHQPi@`@o@V}@h@YFiAr@cA^[Vc@Fg@XMAURgALgAl@ILu@Ec@ROCCHODMGQJCCDLF@ULi@Hi@TkANk@^w@`@k@LyBt@a@Re@LEHO@MNq@J_Cz@]@iAf@k@Ba@Jo@`@a@?e@PMAk@VcDr@GFP`ANVJh@P\Dn@Nt@@PPd@RlAN\VtANZBd@BID@N^D^J\@j@P`AAl@N~BBfAVnCC`@Br@Af@@LL\@dAATNf@Ah@DNNNCr@BNAlABl@Ap@Bj@DZO\@jBTRNd@DdCHH@VAj@BbACB@RNPLb@BZUjCJpDHlA?nAPvB@~@D?@JEv@BGBL@f@D`@Ah@B`@Gj@DvA@XAMDH?`@Fj@CrBJp@L`FJl@Ad@Dr@Jb@LhBDZJLFdBHl@@dAJz@?pBBtA`@jH?^Jp@HdB@v@Fv@AND~@A`@Lr@@`@DLJbC?XH~@D`CPfAVdFh@vH^`Db@fC\x@P|@Rl@FD^bANJN`@TVf@z@d@f@`@r@Ph@\p@\TRj@FF^PPN~Bz@dAXpB`AjDpCbAl@ZHx@r@h@L~@YJBTTnAj@RTz@\ZTd@l@p@l@r@b@HANRn@Rh@l@l@\VV`A^R\RPjAd@pAJb@T\?rAv@j@HtAEHELc@D_@EUkC_Ay@Ma@?mA]YOQgA_@gBiA}GE}@?yAHuBT}Bf@sB`@{BL{A?]F[Am@BmACiAWmE]_EC}AGeAQgF@i@EoBy@aLA_@RW?EGCCDQc@MsAEKIs@K_@[wCw@{FCa@k@}Dc@cDGu@EOy@_GSeAQ_BQiAOkB@SKi@KGSiAeAcIEk@[iCAUH]f@u@bBmB|@q@pAoEJSFWb@eATc@,2,,,,,,HQ
12,2,Morning Run,3005.6,1033,1108,15.8,Run,Run,,13020731459,2024-12-01T08:14:03Z,2024-12-01T08:14:03Z,(GMT+00:00) Europe/London,0.0,,,,4,1,0,1,0,False,False,False,False,followers_only,False,,"[55.959242, -3.212254]","[55.959464, -3.214529]",2.91,4.52,84.0,True,False,True,34.3,18.2,13885106607.0,13885106607,garmin_ping_390131063370,False,0,0,False,30351079,1,a13020731459,}lptIj~qRFK@MBE`@g@?WGa@WmAMYMw@MQWII?KDa@?SNc@PSPQXCNUn@Mx@KXQjAUz@Mr@JTPBNEJ@BD?VGZc@b@KPWTSJW@i@b@_@T{@p@SDo@Cg@GKC]{@QYc@EMD[D[PIRp@lD?h@B^CRe@l@UHo@Qi@E{@RcA`@WTUD]G}@YMAI@i@N[RgA^a@V_@^gBbAEFEV?ZX|CNh@Hb@Ht@XvARxAh@lCH`AJh@\~AVd@FNDZCV?\Fr@X|A`@jCDd@Lp@JXNRVPH?TIbB_Aj@Sz@m@^}@NMBAX?b@KPMf@Sx@g@X[@]OuAIqA_@_DU}BBKJGZP`@tAp@hB`@v@B@FAJINWFW@SKoCOyBE}B,2,,,,149.7,171.0,HQ
13,2,Afternoon Run,5304.4,1529,1698,16.9,Run,Run,0.0,12822614870,2024-11-04T17:55:04Z,2024-11-04T17:55:04Z,(GMT+00:00) Europe/London,0.0,,,,12,4,0,1,0,False,False,False,False,followers_only,False,,"[55.959134, -3.212698]","[55.960946, -3.199122]",3.469,12.233,85.7,False,False,False,25.0,17.3,13672756667.0,13672756667,e7962370-3931-4a79-8ea8-18bfc7b64455-activity.fit,False,8,0,False,30351079,1,a12822614870,snptIh_rRBIAKDMAM?KHQb@]TUP[LYPMj@}@Re@Pk@AKEMMGE?WOOSKGQU[c@y@y@UMIMGAc@c@]US_@_@e@Wc@Oi@GcAAa@Gs@Aa@Ia@IiAMaAQqBKyBOmBc@cEMiBMy@E_AMqAGs@gAsGMaA@KGW?UNa@^W^STQ@MEmADm@Ny@AaAEU_@{@Ig@IKIAu@V}@d@UFMNK@QSKQCIAk@ACFJuAfAu@dA]ZOr@XEEDIFQDQNc@TSBGJG`@EHg@f@UJW\]XKLsAn@g@^a@JoAl@wAx@g@ROBUN}@^gAXo@Ls@^i@Fa@PO?SHQBWNMJeBb@]NQNk@XY?KDy@RMJKNWFk@@YFoAd@[Fs@^[BYJUNa@JO@QF{@NG@KGE?IDQTKHYLg@LSPsAXk@RULu@Pe@?KBQ?IAGO@KLKX]\k@Rq@N[ZwAX{BDq@h@{EF]?]B?DMdAcIR{@`@_APm@dAkCJ_@b@_AjAkB~BcEn@eAVY`@u@FB\|A`@z@d@n@`@fAZh@\d@P`@l@dAh@hA|@vBv@hAb@jAp@vAhAvDT`@JXh@l@f@\PXBABDCl@?RDHDBF?j@Y\EXSnAk@dAk@HId@Gd@_@PGLITGxAs@ZY\i@f@_@|AgBh@]Z[t@YPSBFH?GDGHGEFBrEeCf@Q\URDHLF~@Vr@FZB`@AVIh@IZ,2,,,,,,HQ
14,2,Morning Run,9978.1,4787,4790,50.3,Run,Run,,12590277600,2024-10-06T08:04:47Z,2024-10-06T09:04:47Z,(GMT+00:00) Europe/London,3600.0,,,,0,2,0,30,0,False,False,False,False,followers_only,False,,"[55.860812310129404, -4.251163741573691]","[55.85191802121699, -4.2417797818779945]",2.084,4.706,82.8,True,False,True,41.9,7.5,13423006188.0,13423006188,garmin_ping_375633865568,False,0,0,False,30351079,1,a12590277600,yj}sIjv}XIh@Ad@IhAETEz@Gp@AvAWlEQxACv@If@?XGd@A^Qv@?XCDAVB\Ah@m@lD@r@GL?JBVATMxAAh@MxAHh@?X?~@EvAOzA?d@IvCO`BEl@?dASdCEnAKdA?ZGv@Mn@Ir@At@QhBOFM`@FLBTEz@ENY\CJOTMFCFBJCF@PHb@?LXh@BLEz@?zACr@BhHC`C@lBLtCBdGC`B@hBCbBDp@AzADvDC\MfAU`A_@bCDHHFnBb@jBThAb@j@AdCh@xABJD@DB@PIN{AVeABe@@w@?_@Ke@Cq@Bq@Fo@?MYs@BSJY?cC@m@CoDB_AB[AYFmAE[F}@Ko@?o@Ag@@iAVqDrAmG^yAJUNYh@m@LM\IpAIz@Kr@FtEHfBCjINTCp@H~An@pA`@d@Bb@Gd@S\U`@c@x@wAZmARoAFaALsDJyA@eBFcCFm@H]XqAHSHKRAjARlAH^Nr@JNZ^HXRFJHV@f@KjAQ~CO~ECpADtC?lABdAAfABbBAbAFzG@zFBt@AbDGfA@j@Fz@@|@EvAGZM\QRECGQUGYDGMqBG[G{A@i@EQHWBwAMuBEk@KaAIG@GHCPCfAKbB@|@GnBHv@@j@Df@JTJh@HtAd@jEFxAXtBXvD^tCPlBPlA@j@XxCNbCB|AFt@?`@Dr@FRBjAF~@A`@Ew@Ic@IQQG_AGW@oAYm@D_@GIB_@?WEa@U_@KiAKmBCwCc@o@[OOIUCYb@iILsA@u@C]Mi@e@oAq@}B_CaHa@}@Ya@MYEOAUFeDLgALuBZmBBk@CcAFq@@g@Dm@@{@JcAJsBHy@JkDHg@Ds@@}@B]Ts@XsBAm@Dg@ASBi@DG?i@IsBBkA@UNq@@{AFi@CwBGy@AqADoCAsBBoAI_HKqB?m@Cc@KWBm@As@DmACw@J_AHMHi@Ew@KOMk@@e@CuABu@Jo@Fs@CaABk@Hc@?i@Fg@?e@Jo@N[BUHGZC`AH`A@vAIDAz@gAHU?KMq@C_ASs@IOo@}@o@Ss@MuAi@EEEQFo@@[h@}ER_AVm@HeA?m@LcAf@}BPg@TiADKH}@`@sBPuA\}AJgAl@mBNm@h@yA|@oDRi@J}@VgAHe@b@gBH{@?YESYUIQCO@YHu@Lq@ZaALs@X_A,2,,,,150.0,173.0,HQ
15,2,Evening Run,38.9,10,19,0.0,Run,Run,,12560017400,2024-10-02T17:50:34Z,2024-10-02T18:50:34Z,(GMT+00:00) Europe/London,3600.0,,,,0,0,0,1,0,False,False,False,False,followers_only,False,,[],[],3.894,3.534,81.4,True,False,True,21.5,21.2,13391405896.0,13391405896,garmin_ping_374701151163,False,0,0,False,30351079,1,a12560017400,,2,,,,65.9,76.0,HQ
16,2,Morning Run,8893.8,4256,4358,39.0,Run,Run,,12533064024,2024-09-29T08:36:53Z,2024-09-29T09:36:53Z,(GMT+00:00) Europe/London,3600.0,,,,0,2,0,1,0,False,False,False,False,followers_only,False,,"[55.95896976068616, -3.2124706730246544]","[55.95923789776862, -3.2129133213311434]",2.09,4.022,79.2,True,False,True,50.8,19.0,13362588928.0,13362588928,garmin_ping_373836362782,False,0,0,False,30351079,1,a12533064024,wmptId~qRXk@f@u@^u@PQRa@Pg@JKFODYEISQYa@w@m@W]m@g@MQQMGGUk@[]Q]SSAa@GWYy@?c@Ko@_@oAKMCKOcEGo@?a@CEAQEAAE?QGe@?]AGCg@GYOsCMAGq@I{BGs@Nq@AEC@I_@Ci@Gm@Bi@YgA]gA[{AMaAUy@CMBKt@o@@QHOBUB_BRmA?g@Ce@E_@O]Es@EI]CYHmIrDGCG@MP_@Zo@|@Yf@OPKHSV]Ra@`@_Aj@cBh@YN]VI@mAl@}@\i@XQL[Ja@F]L_@DYL]D_@Nk@HEDg@Pk@`@a@Ni@\YBMBGDUBoAf@qA^e@TSAk@Jw@\SFQBSNoAl@s@Nk@Tm@PWBe@VK@[J]Hi@RY@k@RQBOF]FmAb@y@L_@HGD?NHh@\vATvAbAbEh@rCPvAAJDH@TXfCHdA@l@Jj@NdELhCBtAZvGCn@HfAA\PpBAz@Jz@HRFlBPjACl@Mp@DLRfE@d@Ch@FpAA\LnBBnBDl@HnCBPAXBtANlC@f@Hv@@`DJp@A^NzABj@Db@JbEVvC@t@JvA?b@D`ANxAHlDD^@b@F`@@p@JhAJn@JvAB~AARHjABz@A\D`AAf@Bp@Jt@DxBLfBFbBH\HrADRLrDD`@FjBVzBFx@hAdGr@tBrAvC^f@d@d@p@v@RXPHlA|@Xn@x@ZjBd@x@HxAn@dChBz@x@p@^d@ThAz@\JJ@NAd@WVAHDZZl@`@z@z@x@n@n@r@dA~@d@l@v@j@\RrAnALFXBJFPBXJNLj@T`ATPB~@R|@JNDJFl@BLDdA@XAHCDIJu@?OCOIIs@Gk@Ua@KUOKA[?WCkAU_@MIIiAcHm@aDG}@A{@?o@HeBLqAHmA^eBJ[VwAPuAJkADiBCuAOqAIsAAe@W{BGgAQsHMyDAuASyD]_FASFi@SSGWQiBa@kCWcC[wAAu@CWSkAKaA]mBCk@K}@EeAIe@AYW{AOsA{@qFEe@GW[eDGWKMCQC[Qs@_@wCQ{@SoBQwACq@DSDM|@gATSZQx@{@Zc@Ja@Pa@Pw@\cAVaAFMXqA^a@NET@,2,,,,127.3,162.0,HQ
17,2,Evening Run,3056.5,1455,1456,15.2,Run,Run,0.0,12485584889,2024-09-23T17:26:20Z,2024-09-23T18:26:20Z,(GMT+00:00) Europe/London,3600.0,,,,2,0,0,1,0,False,False,False,True,only_me,False,,"[55.95979110337794, -3.213711613789201]","[55.95947108231485, -3.2144128438085318]",2.101,7.796,77.5,True,False,True,34.5,19.1,13311999623.0,13311999623,garmin_ping_372362261618,False,0,0,False,30351079,1,a12485584889,w`qtIhzrRGFKPWnAUz@Yp@[dAYh@?RL|A?LNbANb@XfAZx@t@xAJVV`@LX?\CZSj@a@l@KDGAUD_BjAOFWROAOGMFWTMVSPa@Vm@Zo@n@i@^Wh@a@TMDGAOKGKu@{COcASk@Os@EGK}@MoB_@uAGg@C?GOKs@YaA[yAMy@@KCWWeAa@uBMqAWaBCa@K_@MU?K@CHCl@[FAFFFCp@c@F@FD@?VUVGNKRGVO\[FGHGJ?VMPAVGD?NEPOh@{@TWZQTSRKx@o@ZSHAHD`@|AHRLb@TVRFNLFT@j@Hb@@\a@bF?VBn@NzA^jCHbAJx@\|AXz@LZX`@d@~@NLb@t@F@HY?gB_@_JGu@CwAW}E@g@DG\@FJ,2,,,,137.3,156.0,HQ
18,2,Afternoon Run,40.4,203,203,0.0,Run,Run,,12475937086,2024-09-22T13:08:22Z,2024-09-22T14:08:22Z,(GMT+01:00) Africa/Algiers,3600.0,,,,0,0,0,1,0,True,False,False,False,followers_only,False,,[],[],0.199,1.598,60.0,True,False,True,0.0,0.0,13301653194.0,13301653194,garmin_ping_372053184973,False,0,0,False,30351079,1,a12475937086,,2,,,,97.7,123.0,HQ
19,2,Morning Run,2749.1,881,922,15.8,Run,Run,,12449242552,2024-09-19T06:49:04Z,2024-09-19T07:49:04Z,(GMT+00:00) Europe/London,3600.0,,,,10,3,0,1,0,False,False,False,False,followers_only,False,,"[55.95916640013456, -3.211536342278123]","[55.959535455331206, -3.2145436853170395]",3.12,5.37,85.6,True,False,True,34.2,18.1,13273100752.0,13273100752,garmin_ping_371265556032,False,5,0,False,30351079,1,a12449242552,qlptIfzqRFK@M[yAUi@COGMAEOEi@BYHUDg@f@Q`@ERS\]x@Qn@Gv@GrAEDGXBFB@\ID@JBDJCDIJe@\i@h@g@XaAp@m@d@m@j@i@Dc@Mq@e@O[SkAKUIGk@FGFADSdBGLm@XU`@_@ZmAn@UHSNMP?b@QB_@\MNQXSRo@HYLUDWVYJSBq@ZWTs@ZQNK@_@n@OfA@p@Nh@RzAXzANh@TtAJfAZ|Al@rDLf@Xl@Ld@@PAh@LlAj@bDPxAH\@VJ\PZH@JCTUTEXS^S\YTG\_@|@i@^q@NANIRUtB_Af@QjAy@p@o@J]BU?q@F{@CaADa@EO@KCi@DJ?EMsA?_@,2,,,,143.2,163.0,HQ
20,2,Afternoon Run,3699.2,1160,1185,21.7,Run,Run,,12436637922,2024-09-17T12:58:57Z,2024-09-17T13:58:57Z,(GMT+00:00) Europe/London,3600.0,,,,9,2,0,2,0,False,False,False,False,followers_only,False,,"[55.980214113369584, -3.216633377596736]","[55.95794800668955, -3.208379466086626]",3.189,6.008,87.3,True,False,True,25.1,10.4,13259657247.0,13259657247,garmin_ping_370866736934,False,1,0,False,30351079,1,a12436637922,yuttIh{rRUwAOgBA]J_CFcDLoDAq@HwCAmADuAn@gMf@cCFOJe@LQVId@oABQPg@T_@TYJ[`@q@RSdAi@x@OPKD?PQVQd@GTKTAHGfA]x@c@dASlGiC\KNA\KPCVMNSPKRCh@KTAVITO\CRKVG^G^S\Kx@Sz@O~@]VSZOj@KVKPAbBa@^GJG`@Kp@]VC^OXCPEFUFGhA_@`@Uj@QVEf@Y~@Oj@SZE\Qv@Mv@a@~Bg@^Eb@MRKNCZUn@_@~Ao@r@c@XKnBkAz@w@`@c@^Yt@_AXWf@iAJKDALDRNX^Tb@XXp@~@d@j@f@`@LD`@BRJP`@X~@h@xDR|@@TTrAFp@@b@LVFVCvAF~@?RLJ?PHJBV@n@D^B`@Hv@XtA`@|FZhBBn@LbAXbDDTTl@,2,,,,147.9,179.0,HQ
21,2,Lunch Run,3815.4,1382,1533,7.3,Run,Run,,12432223520,2024-09-17T11:56:47Z,2024-09-17T12:56:47Z,(GMT+00:00) Europe/London,3600.0,,,,6,1,0,2,0,False,False,False,False,followers_only,False,,"[55.95828479155898, -3.208318278193474]","[55.98014932125807, -3.2168415002524853]",2.761,11.344,86.0,True,False,True,25.1,10.2,13254971683.0,13254971683,garmin_ping_370760476784,False,0,0,False,30351079,1,a12432223520,gsptIdhqRIUQWg@yDGOKgAEqAO_B?a@Io@@QQgBGYCcAMo@KeAIUAo@EW@c@AK?aACOC{@Ma@Mw@O{AW{@Sw@CCSiBK_@Cu@FWfAy@JODUCo@Ba@PeA?u@Ew@QkAOWQGK?a@FWPQRE^Sn@eGtAELOFI?OHm@x@Y\[d@SJw@l@y@`@k@^_@Li@Zc@Na@HiBlAi@Na@Xu@Pq@HMHQBIDOBMFSD[@c@L[TUJ_@FQJGXANuF`BSGINONI@QPMDYFY?g@P}@NK@SNm@ZkAPc@NSNSDy@RO@KLUDSJUF]LURsA^_A^k@FSAk@@MHy@Ve@Ve@^a@TQBo@Xm@BYEEECSMW}GpDAHCDI@F@KJ^IADMHs@RU?]NEFm@ROJ[FKCc@E]DSLQNc@VOLSf@QNGJwAlBKTG\Qd@ML]b@?L_@jBUt@Ir@Gz@?bAIjCYrHEbCElEMnD?pAGpBBpATxARx@,2,,,,151.1,176.0,HQ
22,2,Morning Run,4013.2,1272,1312,21.7,Run,Run,,12392088464,2024-09-12T09:35:34Z,2024-09-12T10:35:34Z,(GMT+00:00) Europe/London,3600.0,,,,10,2,0,2,0,False,False,False,False,followers_only,False,,"[55.98019768483937, -3.216773858293891]","[55.95865359529853, -3.2097811717540026]",3.155,5.842,87.6,True,False,True,25.1,10.3,13211921424.0,13211921424,garmin_ping_369519738731,False,2,0,False,30351079,1,a12392088464,euttIpzrRGQWgCAY?w@D{A?}AB{@Es@ToLLaC\cKD[X_AJo@Po@FGf@[HUHm@Je@JQLU^YjB{Bl@_@LMj@[b@C|@c@FAH@XMf@KNQZQVEx@]HCj@c@vFyADMDA?N@KLKD?NGRGn@K\SNEVM^G^ALCTMJCXOR?~Ak@xA]\Sb@Mp@Af@Uz@O`AYfBw@f@Ej@OL?z@a@`@Wf@U\Kd@WXEPMz@GVIt@YVWVOl@Mh@YnA[\Q\EbAW`A]f@Uf@YXYjAi@`@Kh@]p@Uh@]n@[Z[XOjAcA|@aA`@Sj@g@`@UZWvG}DP?TZHr@d@`B@\Af@Oj@CZ?fAC^KNYHWTKLEJA\Lv@?^z@pDTl@RdAB`@Ll@DpAIHCL@|AJh@DHLFDn@Br@NpANr@HfANbC\hCRxBJr@DnAHf@@ZJV?l@BXHRLNVb@ZZPZ,2,,,,159.5,174.0,HQ
23,2,Morning Run,4203.8,1352,1411,19.4,Run,Run,,12392085937,2024-09-12T08:52:45Z,2024-09-12T09:52:45Z,(GMT+00:00) Europe/London,3600.0,,,,15,1,0,2,0,False,False,False,False,followers_only,False,,"[55.958970012143254, -3.212464554235339]","[55.9805585257709, -3.214693134650588]",3.109,5.906,86.4,True,False,True,23.9,10.6,13211918697.0,13211918697,garmin_ping_369519675652,False,9,0,False,30351079,1,a12392085937,{mptIb~qR?c@CGMISAc@RYXUj@_@h@i@b@Yt@s@j@o@`@WX_BfAa@Vw@l@KFI?SIIIe@mAQk@Se@Ke@HyCE}@EgCOiAQ_AGg@@g@Ck@FiA?WIoAAi@@UGSEc@?aA@o@EuBDg@AuBOqABSZa@DWC_A@i@H}@?e@Dy@TaC?k@A[DKEm@DOLQAe@BM@WASa@kAw@yAM{@\aAFa@?s@MoCPeDMEEMDIAa@i@aAMMGFQf@Wh@UZy@bAe@`@g@p@a@`@m@\YHi@ZSFc@XsAb@a@^oBz@M@YTS?GFUJIHm@L]JyAj@WFi@BYLe@H[Lg@`@]JQH}@NUNSDWB]RQFe@CI@IHWFWNa@VgA\KJk@Xm@Pc@H]Ne@H_@Rm@TWB{Af@kAJYDa@RUDq@Tm@F[JS@e@Pa@Xe@TONcAd@mCl@{ElCYGq@B[Pm@d@UFg@TOFIAkBPe@PQLw@bAeAlBIVY|A]LOJGHENACCB@GCBA??HMf@Q~@YlAG|BOfDYvEW~M,2,,,,163.5,182.0,HQ
24,2,Morning Ride,4520.6,1426,1426,50.3,Run,Run,0.0,12252263214,2024-08-27T05:40:02Z,2024-08-27T07:40:02Z,(GMT+01:00) Europe/Paris,7200.0,,,,1,0,0,2,0,False,False,False,False,followers_only,False,,"[45.956891, -0.673085]","[45.957152, -0.673079]",3.17,5.1,,False,False,False,48.1,4.3,13061200970.0,13061200970,ac271d24-0471-4ac1-ab92-0b84b0261f90-activity.fit,False,0,0,False,30351079,1,a12252263214,saowGv_cC]`H_@tE[lCA~@JtB?l@Cx@Q~AOj@Uj@qBxDm@pAk@bAs@bAGDKPWVI?KGg@y@W[_B_C]_@Ye@_AgBcBaCk@_A]s@Qk@s@uD]oBKu@C_@?k@AU@uEEgAGUKUKMo@g@WW_@q@O]Ic@Eq@Ae@DeAHwAJiCn@qK@]CUEIKEa@Mm@]m@c@wAaBSO[e@eBaBw@o@OU?Yb@sDJ}AX{CLq@R[PQLc@TeCXiBf@cEJ{A@s@Ak@ByAXaELgDPeBDMNoABe@P_AFIL@DDJNR`@|AvA\`@Xl@FTVl@VbA`@fAR`@LZx@lAp@z@t@z@nAbBb@r@jAdCNb@ZpAZ~ArBvHTlAnAnFv@fCTd@r@nBv@pCL`@^j@Rr@d@bA,2,,,,,,HQ
25,2,Lunch Ride,14425.8,2911,3054,91.2,Ride,Ride,10.0,12252145439,2024-08-24T09:57:03Z,2024-08-24T11:57:03Z,(GMT+01:00) Europe/Paris,7200.0,,,,0,0,0,2,0,False,False,False,False,followers_only,False,,"[45.94430227763951, -0.5218842811882496]","[45.95663784071803, -0.6730883661657572]",4.956,10.233,,False,False,False,39.6,4.6,13061077727.0,13061077727,e70c0a80-a3e2-4307-b213-9d9fbda7a6fd-activity.fit,False,0,0,False,30351079,1,a12252145439,aslwGzceBOTQj@OPQZMDWd@a@bAWd@M\MXAXITIX[l@GPAFYn@qB`He@vASd@GR?HDHj@t@d@v@^~@Rr@Fd@h@`Bh@nCFr@BBDd@VdBDj@CbB@b@Ar@HdABtBF~@?j@Hx@\nAd@vA~AbElB~Fr@bB\vARb@p@rBZr@^j@^\|AfBf@x@xBzBLTvBdC`ChCxClDzBbCjA|ATPt@vAN`@@PCVKd@?LqAjJaA~F}A~KcB~KK|@Y~AoB|MeArGu@vFi@nD]vCm@rDc@~CWjCKtA?RAJC?DJM`EEnDE`@WrNArAM~GAd@BLENEBW?QMm@Ky@W[EaAKs@Ce@ESGa@?wA`AWNo@`@a@Ro@EYIi@UiA{@IEYEu@Bu@ImCM}@Bg@ASBYAiAJEF?LHbBRrBB`A?j@El@WtC@vBh@jILnFCfBMjBIxBApABbE?|IAtBF`DPnBb@|D?VCHQDw@DUB}@@YBWJoAdAcAd@IHM`@S`@Ol@EJg@EG?KNGnCg@|DMf@O`A[~AOb@Gn@Oh@[hC_@vBWjAw@|BKx@]rB[fC?XLbADbAIfFB~@@bCAdBEfCBhEHnADNLV\TFHFz@BnDDNHL\ZDb@KrCCfBKnB@RRp@Bb@AlAYlIEd@Kd@Af@?NTv@CVGPe@N]XWXMRER?JH~@?ZKLy@NKFICi@Yq@S_@ESG_@Au@DQ?SF[@SJiANGBCFERH|@NfA@\HRR`Bb@xCXhCJb@L~@L|A\dCV~BFfAzAnGtCnNXbAdAlF^hAJx@TbAHl@Nf@`@hCRz@RnANh@Bl@Lf@Vx@x@`ERtAANGL]RsAdAMDs@f@QHKPUTe@^s@`@e@j@ULGHgAvBSl@e@v@c@fCA~@Dd@?l@DZARDz@?`BJ~CJ~A@h@P~ALhDHX@LFXHbB@bAC`BBvA?|AIjDOrCMdEIrAQpAK^WxCMfAEHAJ?HIz@m@pDo@~CIt@GtAAtAGdBa@`DQ~BAhA@`@Dh@@fCCjBEZ[rAQfA_@fFGbCFbIGzBKf@GbA?lBE`CKlA[`CEn@At@IfA_@tBEx@?z@MvBKt@a@rDOf@On@Gz@CfB@jBQvMDlABvERlF@fEQpDGxB@fBNdD?dBMtBMr@Or@e@pA{@dDEbA@lADnA,2,67.4,False,196.3,,,HQ
26,2,Morning Ride,14430.5,3047,3493,98.7,Ride,Ride,10.0,12227655535,2024-08-24T07:51:00Z,2024-08-24T09:51:00Z,(GMT+01:00) Europe/Paris,7200.0,,,,2,1,0,2,0,False,False,False,False,followers_only,False,,"[45.95654706470668, -0.6730364821851254]","[45.94413715414703, -0.5208127386868]",4.736,10.122,,False,False,False,29.1,4.6,13035559186.0,13035559186,957190e2-839d-42b6-bad0-867be1c51d04-activity.fit,False,1,0,False,30351079,1,a12227655535,s_owGlfbC?iDHmA`@eBp@mBMj@y@dCOrAE`BDnD?r@E^?b@BJNRf@DLGPe@LENBRVGD?JEGQ@TADY?^C[EGQGUBCFG`@KHi@QMQ@cDEcB@s@CkA@]J}@rAuD^sAN}AB{@AMDgBEM@YOaC?kBRuEBoCUyG?uAIqCAaCBiJJiEBsCl@kDh@wEJ}DRoAB{@P}ALuBJu@HqAFg@NyB@c@Gy@@mAReB@iACmLHuA`@gE`@gBLm@B]BcDAm@K{@@o@HkBj@wEBs@BwDP}Ax@oDXcBB]HWLy@H[PeCNk@n@}FLaDDeCD{AAY@uABU?o@F{DCkA@YKmB]mBKsA@{BYkCGiAEoAEyBMgC?}@D_Ad@gCFOh@u@d@eAf@{@p@s@d@]FOvGkFLSBOI{@SaASkA_@}AIm@Oi@e@}BK}@a@mBIu@k@wCcAoE[iBwA{F{@eECWyAyFMs@Oe@O}@m@uGK_@k@uEa@aCWwCKo@CWMq@]iC?[E]?SFKb@Ip@CdBWx@@d@HtAZ`@Nd@Cn@MFCBKEyA?_@BSP[ZWb@SPQ@I?_@Qg@C[VuC?eBJ{CJe@Cy@?u@WkAHeC?_AHaAFqA?]AIGISMQa@E}@CaCCe@KYa@_@Mi@Eg@AoAEm@?cCCe@D{DC_BL_HCi@Io@AsAGO?]f@yCj@yBJm@h@mBZyAHm@Jc@LoANu@b@{AFe@fAwGPkADcAB_BH]DCPJV?^qAVe@nBgAv@w@@BZKxA@|@GRGBQEk@o@iFKoC?ED?ADAC@FDAIE?a@JqBEa@CcD@gCCSBuBCaAHiEP}D@gBQuDAq@KaAAg@SqCEiB@e@?o@XcD?oACkASoCKaBCgA?]SiCEgAIcKNkFAmAGuCEaGEkAJcFCkDDyFBo@f@iFLkCRuBj@yIPaB`@kFh@iIBs@R_Cp@cKRkCfAyIb@{Eh@qAnA}BjC}Fn@eA`A}ApCsDbDqEn@w@LEL[E[}@uBMi@uA_Ei@kBwBmFsBmGEa@IgBU{FB}@D_@?mASkA?YQwAi@cDYkAQa@]yAWo@e@}@m@}@GOAMz@}CRe@^{Ar@kBNc@NKhD~B~@|@LHJAjAiCn@_B`@m@JWv@uBZeAHMb@mAp@sB^aAHo@AIQSc@SEK@WEO,2,79.9,False,243.5,,,HQ
27,2,Morning Run,12735.6,4547,5281,27.0,Run,Run,,12212774621,2024-08-22T08:44:23Z,2024-08-22T10:44:23Z,(GMT+01:00) Europe/Paris,7200.0,,,,0,3,0,2,0,False,False,False,False,followers_only,False,,"[46.24240692704916, -1.549190366640687]","[46.24329364858568, -1.548231728374958]",2.801,5.003,,False,False,False,-32.0,-44.2,13020077418.0,13020077418,accepted_tag_from_13019386400.fit,True,0,0,False,30351079,1,a12212774621,qyfyGpfnHW|CAn@u@~Cm@lB{A|HGr@Q|@Gp@Dr@Nr@JVZj@h@v@FNLDjAbAFL?To@pAOx@m@xASp@Yl@@z@ChASXUPi@Hg@XGTGDDQPKf@HXWT]Nq@BsBLa@NU^{@b@wAn@gBTc@ZMtCjCRf@LjANZ^N`CPvAe@pD_CjCwAbA_AxAmBzCkDp@m@x@eAl@e@fCoCt@aAjCmC`CaE`FmHzEeIz@gArBcDd@m@fCqExB{CvAcCrAqBz@gATDd@`@X\Td@VZPDx@a@`AyAzBsB`@o@`@e@`@m@fCiC`B{A`@g@b@Y`@i@t@q@h@o@\d@b@ZhARRCLFTXTfATZd@GD[A[N_@RGXYNQHWlAE\OLS\eALs@DkAAGSGSDME}@aAYgAGi@Sy@e@s@FkBEG?UZuASaB@STe@Nm@B[@]Ce@KY?a@Ly@DGGWPKZFLEh@b@JGHe@LYLi@Fk@NY?e@La@DWCEBAGf@B`@Qv@Ar@Uf@O`AGLOAOU_Aa@{@Du@ScAABUXgA@KAAHQf@cB`CaEVi@?Eu@qAaAoAw@cBUOIWFGEQ]o@]k@sBmCmG_KkAaBIJQxAi@vCg@nBYl@]h@Wh@Ut@QvBUv@i@|CCp@D|@Gn@Kf@C?q@y@qBeBgCoC_AmA{A}As@}@iAiA@@UZ_ApDi@zAc@bCa@~Be@lFc@hCa@~E{@tE_CnI}AjFOVMIgB{Bc@e@sBcB_@GWX}EdLc@x@]~@s@zAE^CrBIdBUHeDc@qBIiEk@_CDOPOb@UAoAe@kIeAUP]fAQVI`@Fl@FrBDzFCRAbBGx@Md@UbCIhBKX@t@MzAAv@SjAQlBGjBY`DYhBG`ABpACLy@|BkAlEUzBi@dDGbAUt@C^X|A\t@j@r@JFFK@@jA`AJZCVq@jAQJm@v@oA`AOFe@BeBO@A?}@Fk@BuBPkDFaA\aB`@@RNV|@^|@f@z@Z\d@Tv@n@H`@EZ[h@Ol@gAdCQl@Oj@DVA`@Oh@OVSHWOU`@Mn@QPDCJ_@@u@Da@DILGl@cATSR[MBi@g@Be@a@a@i@eA_@O]CAEPyELiBL{@t@wC^qBz@wFj@iFJu@JQCPAKJcA?a@i@OAa@@}@Ds@ZiC,2,,,,,,HQ
28,2,Afternoon Ride,15314.0,2788,3113,111.3,Ride,Ride,10.0,12181195718,2024-08-18T15:59:35Z,2024-08-18T17:59:35Z,(GMT+01:00) Europe/Paris,7200.0,,,,0,1,0,1,0,False,False,False,False,followers_only,False,,"[45.956860799342394, -0.6730588618665934]","[45.957056768238544, -0.6730287708342075]",5.493,10.144,,False,False,False,48.0,2.0,12985880329.0,12985880329,a8e540fa-89e9-42f8-bc30-945f9fe63f30-activity.fit,False,0,0,False,30351079,1,a12181195718,m_owGtdbCAaBH}AP}@lAgERmAJiBAyDMyB@sAZkFBmACaBGcBEoFMiDAqCNiN?sBD_AT}AZyAZkCLqBF}B`@uCTqDf@uGBcDLkBB_AAmH@iCDaBR_Dv@wEH}@AiDImBBeANcBb@{CDe@J_GNkAf@yBRgAh@}D`@yD^eCTgDHyB?q@?v@E\RkEFqCC}KGkAYiBOuBC_AGy@Aq@OuC?mCUkFB}@JcARu@DWf@i@\o@^cAv@cA~AaAdAiA~QoOPBXr@PVj@^d@h@P`AL`Av@lBPTJDVAVI`@UZ[TIbAZlBd@RT\`ARN`GDtCa@jCAPCbAFp@XFJ@P@v@NbDXnCNz@v@|B^vBJ`@\`@x@n@TXP\Jn@@x@Gz@ObAI|AIz@SpAi@~BWz@[jB_@xA]pBUjAwAtJI|@Ql@a@fAI\OjACj@UrA]zCO|@w@tCmAbDaAhDe@hBGf@Ev@Bh@LfABx@WpFMlA{@~B[`Bk@rBIp@WlA[lBIrAITIr@Qv@g@jDqBxIQbAgAtDQ`AW`AWj@WvAo@tBQv@AZI`@UfA_@zCKPW]w@g@k@QoAk@oAo@_ASaBSkBEuBLeA?g@IuAHiAG{@B]GKSA[IGoALe@Vs@`AS`@Wn@c@xBS|AKxAE|CMxCBt@Ef@AtAPzDGhABdB@ZVdBBxBGpBUtESjC?r@Ff@h@|Bd@dC\nAHj@DrEGhBB|AAtC@TdAhDVl@Zd@h@pAT`ATd@ThA@f@HzAAl@DnBA|AI~A?`ABNR^DXa@tACj@Ud@q@p@m@dAg@|@Ul@o@~@}@pBOj@Kx@ClADfA]dDCBB?I\Sf@QTER}@xAiAxBsAlEs@lCqBdFSJk@k@KQMm@[YYt@CnBMLMGy@{@kCqDuA{ATZCBm@{@O]c@a@sCyDg@k@iBeDyAqBs@kAWcAUmA_AmEOkAAyBFkDE_ACSSc@Y]c@W}@kAQgAEo@A[Bo@H{@\aGVuFNuA?QCWOWy@[_BmAq@}@_@[}@gAaA{@y@k@GGESh@yGf@iEFWRORa@p@cGj@uDLqB?sBL_B`@iILyAd@mDDEFWHEtBbBj@n@NTr@dB`AxCp@tAz@lAtBfCdA|Al@dAp@zATx@`BrHhBpHZvBPp@`AnC\p@Vp@`AxDp@zAt@xA,2,84.2,False,234.9,,,HQ
29,2,Food shop ;p,1288.5,1342,2518,18.4,Walk,Walk,,12153006215,2024-08-15T10:44:48Z,2024-08-15T12:44:48Z,(GMT+01:00) Europe/Paris,7200.0,,,,0,0,0,1,0,False,False,False,True,only_me,False,,"[45.95069549046457, -0.50180459395051]","[45.95070127397776, -0.5017909314483404]",0.96,6.864,53.1,False,False,False,44.2,37.4,12953087369.0,12953087369,317c440c-5b96-41e1-8861-27eeaa395bbc-activity.fit,False,0,0,False,30351079,1,a12153006215,}wmwG`faBAFCO?Q?DGADKLEAAE?HWAPDKN@DIFBIACH\p@Uq@E?CHEIAGHGF\BADLHECDA?@KAFC@AIKRKFEA@GCEE@HKAADAADIOADG?CFCEA@FUADL@AFIB@GGD@AINEA@JGFDEA?CJBNEMCF?[LC@GBC?NF?DND@PKB??CNM@EBBAACDCGKDSPMCEBGH?DDAC?@EA@F?FBOLKIGUAFAABFLOLCFB?DB?JO?SHQFC@DAJE@UTDPRM?ABCCAVWA?AAC@?FQRC?EDGL@GGBYREEED@AB@C??B?AE@?H?IR@LEBCC?NMBKRKAEKAVGC@?F@A?CIJ@@?EA@FCFKw@Tv@UM?ECQLE?WXIPAAC@DCCBFI@OBABNKPDE,2,,,,,,HQ
30,2,Morning Walk,4155.7,3452,7728,20.3,Walk,Walk,,12146653179,2024-08-14T08:33:46Z,2024-08-14T10:33:46Z,(GMT+01:00) Europe/Paris,7200.0,,,,0,2,0,1,0,False,False,False,False,followers_only,False,,"[46.20420112274587, -1.3668285682797432]","[46.205350030213594, -1.3693564664572477]",1.204,14.637,53.0,False,False,False,15.0,3.1,12946398408.0,12946398408,ba6cb686-bb52-4b17-9b48-401792befe87-activity.fit,False,0,0,False,30351079,1,a12146653179,oz~xGbojGCF@G@PB??BGBi@?c@IK@NDHE?@L@f@FPC@B@HEjADj@ADF@@DAB]JATP~@PxA@E?JBABL@CHd@?f@HTD\ADE?@?BECBGQFDLPL^RXMO@OCA@DAA@@AB?E@ACIA?CYEMEBMgAAGC@B?Ko@MWKCSDYAk@MFFSOOGKWUK]AFHCZBj@Am@FSSICGAQDm@?g@@Fa@E_@U@B@CUC[SI?WfBIXE\EH@EGAIRGDQZSLFFD@CBEU?k@COAWEGCA@C?[Fw@ZL\TFAHSR@Ly@COB@A?@AACB@?G@@CK@FLDHFHBBGAIHc@P@@DIEKBADAEB?AABAXDDFADHJRND@FA?S@E@DBG?a@@EUVHCBSB]CUB@?L@O@BC@@CJ@LC@BGAECMBCIDWAE@D@GGe@C?LMCGHM@MGCABACE?OMACA@GCAES?[KEO@@@A@Y@HFGGA@AKAA@BHCLDIFAAFBK?AUf@CBAOABA@?G?FGKHCD@BCGF@JSOFH[EOD?G_@_@ADAAO@SOMAKI[EMKOCM@GNEl@Bd@FLAJIn@IFCL@NFD@TIHG?EAMMAOSWCMXg@Ny@NYNo@FCVNR?BCADHDE?CE@AHDPALH_@UI?MGOBKCQQ?KBAA@@K?d@A@GEAB@ZCPo@bBEDe@zAGB[_@WQOQMGk@e@]@oGgFEU?OlGz@aFsCI?Kh@rEdINBr@d@@k@@A,2,,,,,,HQ
31,2,Morning Walk,4582.0,1633,1633,50.3,Walk,Walk,,12134753087,2024-08-13T08:56:45Z,2024-08-13T10:56:45Z,(GMT+01:00) Europe/Paris,7200.0,,,,0,2,0,2,0,False,False,False,False,followers_only,False,,"[45.95675703138113, -0.672855768352747]","[45.956858452409506, -0.6731205526739359]",2.806,3.527,84.9,False,False,False,48.0,4.3,12933952793.0,12933952793,a9bade47-6465-40dc-8ee3-ca5cb1bfc0b4-activity.fit,False,0,0,False,30351079,1,a12134753087,caowGp}bCk@|JSpCCDEl@[zC?jAHlA@n@GdBMx@YbA}@bBELw@vAq@zAaAzAEBc@p@CJWTMBQMQUEMOM[i@aCyCUi@s@mAuCqEc@_Aw@qDs@sECuA@}BAqBG{@Ui@MMm@_@]c@?BGYOSG[Mq@Ec@Aq@|@sPP{B@]E[EGMEOCa@O_Ak@eAkAgAqAkAiAOKaA{@QSCKr@yG\_EJe@ZYJUJeAh@yDJg@XeCLiB@}AD_C\eFHwBn@uFJg@BGHADBh@r@^\r@h@`@j@`@~@d@vAl@dBt@xAn@`A|AdBzArBp@hAh@jAh@xAP~@t@rCl@fCDFFXRt@fAfFfAdEf@rAXj@\x@n@hCVx@^|@`@r@j@nA,2,,,,,,HQ
32,2,Afternoon Ride,12200.0,3000,3000,0.0,Ride,Ride,10.0,12124053752,2024-08-11T14:13:20Z,2024-08-11T15:13:20Z,(GMT+00:00) Europe/London,3600.0,,,,0,0,0,1,0,False,False,True,True,only_me,False,,[],[],4.067,0.0,,False,False,False,,,,,,False,0,0,False,30351079,1,a12124053752,,2,,,,,,HQ
33,2,Night Walk,4200.0,3600,3600,0.0,Walk,Walk,,12114880063,2024-08-10T21:11:51Z,2024-08-10T22:11:51Z,(GMT+00:00) Europe/London,3600.0,,,,0,0,0,1,0,False,False,True,True,only_me,False,,[],[],1.167,0.0,,False,False,False,,,,,,False,0,0,False,30351079,1,a12114880063,,2,,,,,,HQ
34,2,Walk to Arthur's seat,12100.0,10800,10800,0.0,Walk,Walk,,12111424647,2024-08-10T13:51:00Z,2024-08-10T14:51:00Z,(GMT+00:00) Europe/London,3600.0,,,,0,0,0,1,0,False,False,True,True,only_me,False,,[],[],1.12,0.0,,False,False,False,,,,,,False,0,0,False,30351079,1,a12111424647,,2,,,,,,HQ
35,2,Afternoon Walk,4100.0,3600,3600,0.0,Walk,Walk,,12124056987,2024-08-10T13:13:59Z,2024-08-10T14:13:59Z,(GMT+00:00) Europe/London,3600.0,,,,0,0,0,1,0,False,False,True,True,only_me,False,,[],[],1.139,0.0,,False,False,False,,,,,,False,0,0,False,30351079,1,a12124056987,,2,,,,,,HQ
36,2,Night Walk,5800.0,3600,3600,0.0,Walk,Walk,,12106379978,2024-08-09T22:20:33Z,2024-08-09T23:20:33Z,(GMT+00:00) Europe/London,3600.0,,,,0,0,0,1,0,False,False,True,True,only_me,False,,[],[],1.611,0.0,,False,False,False,,,,,,False,0,0,False,30351079,1,a12106379978,,2,,,,,,HQ
37,2,Afternoon Ride,9354.3,2361,2424,45.0,Ride,Ride,,12102862055,2024-08-09T12:08:47Z,2024-08-09T13:08:47Z,(GMT+00:00) Europe/London,3600.0,,,,3,1,0,1,0,False,False,False,False,followers_only,False,,"[55.95467336475849, -3.1099579855799675]","[55.95910906791687, -3.2119373325258493]",3.962,7.11,,True,False,True,25.1,6.6,12900432425.0,12900432425,garmin_ping_361179716971,False,0,0,False,30351079,1,a12102862055,ckotIbb_RTh@p@nAJX?h@I`@qBhEeAvAw@tA]f@U`@[`As@pAuBvEwCjHu@tBYj@m@|AcBzCIXMv@Qj@Y\s@b@wBlBcClC{DpFwBbC}CvD}DjFyAfBsCrDoA|Aw@lAo@z@{B~ByBhCq@l@u@~@E@MEEDo@dAa@f@qAlC}ApE}@tCM`ACd@Z|C@b@mBrJY|AU|BSrCCbAg@~Fg@fEYnBQ|@CAC@Rp@bApAT`@dBfCXn@@NANMr@KH}@Fk@A_@CM@y@Xm@`@qAbBa@t@_@jAYtAS`Bc@bHg@pEW`F[pDBh@^~BC`@D`DN`JSvFK|ACnBMpBSjAEx@Bv@GpA@JJTAJELMNQZaAhAk@t@e@bAe@pA_@vA]dA_AfEWlDe@zDKnAMbABL?Ve@bB?b@e@xBOfA@PJb@EZS~@EZ@JG`@Yv@q@tAk@tAQFe@ZYFGDUTKDMTAJDNJtCAtE[tBc@hEEv@AjBrArE?V^`D^j@V|@Zx@T`AJZDRRf@LPN`@f@zBDb@XhAV|AZfAVhAFlAv@jGHrAJ|@FfA\tBR`AJv@H^R~A@f@DJJf@Tn@Lb@j@~CT~@Vt@JLLHRXd@dARz@Ff@p@hAjAfCZf@pB|Dn@hARXJj@rAzBhAjCv@xAb@p@x@lBV`@l@tA|@nCr@lAPV^TLLDHXTn@d@PDR@^APEJ?f@Qh@KZK`@Wh@S`@U`@Qh@YTQ\O|AoALSb@c@Za@hAy@r@o@\_@dGyDR`@JHFBNAHLDx@Tt@Fx@Af@UtABnAAHINkAt@EL@H`@tCr@hDn@bECFHt@Cv@@ZLlALp@Hl@Dl@?^PrAFn@FZ`AlNN|@R|@Nd@HPdCfCd@ZHJzA|@?TCC?EBHb@^JP@LCn@Oj@oAzB_@h@,2,40.9,False,96.5,117.4,146.0,HQ
38,2,Lunch Ride,8507.5,2108,2181,36.1,Ride,Ride,,12102088204,2024-08-09T10:23:09Z,2024-08-09T11:23:09Z,(GMT+00:00) Europe/London,3600.0,,,,3,1,0,1,0,False,False,False,False,followers_only,False,,"[55.979995261877775, -3.217720678076148]","[55.95568564720452, -3.1122410483658314]",4.036,9.194,,True,False,True,23.7,6.5,12899624542.0,12899624542,garmin_ping_361159374285,False,0,0,False,30351079,1,a12102088204,atttIt`sRYeCWw@Os@OcBCy@NqFRuMl@kPDk@`@eBF[CAFSN[h@YDIHk@Tu@NUb@mAv@mAb@e@VKZENI`@MVSTK`@a@PKp@LL?d@MxA_Ah@c@TEBB|FsBHDHATFFIRA^WFKLG^ADEDONWNAJKRs@x@iBXYVq@Ps@BSRiDVqCNq@ReBLs@FgAPyA@_@JYTiAJE\c@Ra@d@oAJc@n@aBXi@`@k@`@{@J[VgAlAkBXUd@o@Zo@DMAGg@{A[s@g@_AIEDDQi@Wc@O]c@i@GCCGa@uBYi@o@aBe@yAYkAS_AIu@WoAe@oEc@eCMeBcA{HUyAUs@AODWVHVNBGDQGu@_@y@Si@EMBC?M]cAAUUw@_B_Da@aAa@sAu@oB]m@?U{@aEA]OgA?s@E_@Ys@Ew@CaADm@DqA?y@LqAViAPaC@UKuDBo@C]@MPc@JMb@U`@e@Z[FKd@cAPe@BALm@Vo@j@kB@aANw@DGPcAj@iC@WES@YPq@HaAFQLsC^aGFe@HWHu@\mBr@wBb@iA^mAJSr@u@xAyBBIPU?yBCi@HoBRmD?o@^uDNqCDmAGsCCgEImCi@_DAW`@cENoDRkA^{CF{BHmA?m@PmBd@yBt@aBfA}AN[l@k@j@_@PCVFd@Cd@IRI\@HIJe@BG@[IYs@}@y@qAgB{BEKCM?[De@n@eE\qCTiCdAwMjCkM?]_@aD@YHq@^yA|AsEbAaCfBmD~A{B`AoFVu@Re@hBiD`@k@n@i@f@o@|@kBzBgEvDoH`@u@fUmd@`@kAZuAt@eCTc@jCiDfAsBVu@T}@JaAPwDJs@,2,40.3,False,84.9,125.2,148.0,HQ
39,2,Morning Ride,4330.2,1027,1027,11.9,Ride,Ride,,12101588412,2024-08-09T09:25:14Z,2024-08-09T10:25:14Z,(GMT+00:00) Europe/London,3600.0,,,,2,1,0,1,0,False,False,False,False,followers_only,False,,"[55.95918735489249, -3.21277535520494]","[55.98006055690348, -3.218038771301508]",4.216,8.537,,True,False,True,25.1,9.1,12899094093.0,12899094093,garmin_ping_361147043336,False,0,0,False,30351079,1,a12101588412,mnptI~_rR^gAl@w@@WCA@DLK^k@Xg@Xu@Pq@?YCGm@c@o@i@cCyCmAoA[c@Sq@G[QiBg@mDCw@OsAOqCMqAMo@Ae@Gs@m@{EOiDSeB[aB_AmFC]JWPQt@a@LU@O?eADa@Jk@Dc@Ey@COQe@O{@KQQAQB_@Nw@n@gGfCUTYNq@|@[Xw@dAm@j@aAf@]ZmAn@iAh@MBaDxAm@T{@PmBp@kBd@q@JiBx@kAZsAj@e@La@R_@FgA`@c@Pg@N_@RgAVe@Z{@^SNUXSHsAFuBp@eARk@RYDY@yAV[P]Vc@NWTu@`@u@Fs@RYD{F|AMPUFi@HOHsA|@a@Ha@Lc@Do@TS`@i@b@_@b@Ub@YXS\Un@_@xACFe@ZOT[tAO`@Ib@K`Ec@dLc@pTDz@PtAJr@Tx@XpC,2,45.3,False,46.5,117.6,149.0,HQ
40,2,Evening Walk,7800.0,6300,6300,0.0,Walk,Walk,,12097933328,2024-08-08T19:38:46Z,2024-08-08T20:38:46Z,(GMT+00:00) Europe/London,3600.0,,,,0,0,0,1,0,False,False,True,True,only_me,False,,[],[],1.238,0.0,,False,False,False,,,,,,False,0,0,False,30351079,1,a12097933328,,2,,,,,,HQ
41,2,Afternoon Ride,10594.5,1846,2075,36.1,Ride,Ride,,12098228057,2024-08-08T14:20:10Z,2024-08-08T15:20:10Z,(GMT+00:00) Europe/London,3600.0,,,,4,3,0,1,0,False,False,False,False,followers_only,False,,"[55.927000008523464, -3.3073093090206385]","[55.959184588864446, -3.2134412974119186]",5.739,9.474,,True,False,True,60.7,20.2,12895559147.0,12895559147,garmin_ping_361019788737,False,0,0,False,30351079,1,a12098228057,iijtIzsdSWgFEwCYuH}AiXgA}PUkEo@iIQiD]cAKDBNA@Gc@@[J[@_@[oDEu@I{DGyAIeFKqBMaAo@sCKKE@]PGJC_@LWH_@BUAY_AcCUmAc@yCa@wDcCwQI{@EsANsFD_DCcAMuA]uBSu@gAaDG?WuAOeAIqA{@}FGu@WuAYaAMeBs@cFe@wBEEMDEAEEWcCQ_AYs@OS]_@w@i@m@[uAw@USS]g@eBU_BsBiUcAkJeFo_@oAmHYcDm@sEIUYIMAEDWl@UNe@Ji@Xa@L{DV{FXw@HiBDs@C_AYqBeAUUOUQMm@Ku@Cc@Ke@?GQKsDUgEKqCE{@IkCEoGc@_OMyBGm@i@uN[eESaES_CC{@?s@Ds@N{@DIB?NsB@]l@sENgB@cCIkEG_AISOBCD?VBXAFQ`@BFHCrA{AROZKRMj@}@h@m@`@gA`AgBPUbAaBDWE]OYGAEDi@fAEP?DKZk@bA{AbC[h@WXUDID?DBDPAPBFH?Lk@r@e@`@U^WZaAn@_At@cCxAiAZkA^gCd@{Al@i@`@i@TiA|@gAhAc@^g@p@MJyAhC{@bAU^o@pASVYv@]n@KJ[l@eApCqAxFmAbDkAnCsAbCkAdBaBdBi@x@u@`AmAjAc@\kBdA_@D}Aj@i@Lm@H_AR_@@g@DGCCIAWD]EOCCYCSE_@Kk@UyA]o@CUC}@g@KKCGGq@i@{Dm@gDSaBIwA@aBRgCTqAp@gC^}CHqA@eCu@yLk@uQ_@iGIeCH_@Fg@DIlBoClGuJd@a@DM?Ow@aL_@{DuBoYDG?sAPmE,2,62.6,False,115.6,127.8,163.0,HQ
42,2,Afternoon Ride,8675.1,1501,1601,88.3,Ride,Ride,,12098225078,2024-08-08T13:35:57Z,2024-08-08T14:35:57Z,(GMT+00:00) Europe/London,3600.0,,,,0,3,0,1,0,False,False,False,False,followers_only,False,,"[55.959210908040404, -3.2140822615474463]","[55.92712724581361, -3.3072442654520273]",5.78,11.168,,True,False,True,76.9,20.2,12895556127.0,12895556127,garmin_ping_361019685218,False,0,0,False,30351079,1,a12098225078,kqptInosRElB@fAh@xGBd@PrB\xFFp@J`@BPBr@^|EH`@LfAJzABhAFn@FP\VL\@PG|@Ah@l@fGQv@Bl@^~CTjCRr@JjARzAPlBZdCv@dKrA`Pn@~IFnCHbHHdB?j@TtCe@zDi@nDATBPDDnAEn@DZAh@Dd@RLA`@WNSVo@f@iBVe@^[PGb@Gf@Hd@V`@b@vBdCb@b@l@TRDR?l@QXSR]Vm@fC_EHINEFBFXDlCDp@PzFHjEv@tU@tA@HB@FXFFHAJKjAsBl@u@`DoFb@}@jEiHtAuBFIFCFDFHBNJbBl@bFP~Bx@bIZtDH\BHFDHAh@StA[z@Id@_@TA`CXz@`@dBj@p@Xf@NXBnABtBKzEOzD[t@Mz@GLGd@s@LG^FPN\lBPbBTtCL~@r@xD~BfQz@fGt@|FrAzLpAvNZtCPnAXpAh@|@TTpC|A^Xl@t@Zt@Lj@ZxCFJPID@@Db@bCh@~DTlCVx@Rz@RnBbAvHXtA?A@b@nAhD^bBTvAN`B@f@CvCK|DA~@BvAH`Az@fHbC|QXzANf@h@pAJ^?RCb@IXMPDXDQJCLAFBBHr@xCR`Bt@vRNnAJpBAZCJOZ?^DBL?DBN^DXf@dKNtBZrDr@xL`Cnc@JrABfB^lG,2,94.4,False,141.7,134.4,163.0,HQ
43,2,Morning Run,4504.2,1408,1449,50.3,Run,Run,,12068528203,2024-08-05T08:15:31Z,2024-08-05T10:15:31Z,(GMT+01:00) Europe/Paris,7200.0,,,,0,3,0,1,0,False,False,False,False,followers_only,False,,"[45.95744359306991, -0.6749525852501392]","[45.95684001222253, -0.6731283478438854]",3.199,3.748,87.5,True,False,True,48.1,4.3,12864520604.0,12864520604,garmin_ping_360197539882,False,0,0,False,30351079,1,a12068528203,gcowG`ncC]|CG~@@z@JzBAl@KzAUhASj@cCnEaApBoAhBMNMJWKWWgCaDi@m@o@kAM[y@oAcAyAeAcBKSK]i@gDk@mECs@AcABeEEq@K]OYeAu@i@q@Qg@K}@EyAT}Ct@aNBk@Ea@EKIGw@[YQcA{@{CqDMGg@e@{@o@EECQ?k@LwADu@^iDRkCJ]^e@HWPaBP{@p@oFLoBB}DNsB@UHcAJwC`@iEPoAFc@HODCDALDd@\pAhAb@h@d@~@h@zAf@dB^|@Zp@r@dAfD~DlBrDb@hAV~@j@jCf@nBtBfJv@`Dl@|Al@nAXr@Nd@Nv@V|@\bA|@dBZv@,2,,,,158.8,178.0,HQ
44,2,Morning Walk,10000.0,7200,7200,0.0,Walk,Walk,,12072496926,2024-08-05T06:59:26Z,2024-08-05T07:59:26Z,(GMT+00:00) Europe/London,3600.0,,,,0,0,0,1,0,False,False,True,True,only_me,False,,[],[],1.389,0.0,,False,False,False,,,,,,False,0,0,False,30351079,1,a12072496926,,2,,,,,,HQ
45,2,Afternoon Ride,9000.0,2160,2160,0.0,Ride,Ride,10.0,12043636272,2024-08-02T13:15:01Z,2024-08-02T14:15:01Z,(GMT+00:00) Europe/London,3600.0,,,,0,0,0,1,0,False,False,True,True,only_me,False,,[],[],4.167,0.0,,False,False,False,,,,,,False,0,0,False,30351079,1,a12043636272,,2,,,,,,HQ
46,2,Morning Walk,4700.0,2880,2880,0.0,Walk,Walk,,12048699638,2024-08-02T06:39:09Z,2024-08-02T07:39:09Z,(GMT+00:00) Europe/London,3600.0,,,,0,0,0,1,0,False,False,True,True,only_me,False,,[],[],1.632,0.0,,False,False,False,,,,,,False,0,0,False,30351079,1,a12048699638,,2,,,,,,HQ
47,2,Afternoon Walk,8200.0,5220,5220,0.0,Walk,Walk,,12043640387,2024-08-01T13:15:27Z,2024-08-01T14:15:27Z,(GMT+00:00) Europe/London,3600.0,,,,0,0,0,1,0,False,False,True,True,only_me,False,,[],[],1.571,0.0,,False,False,False,,,,,,False,0,0,False,30351079,1,a12043640387,,2,,,,,,HQ
48,2,Making the most of a sunny day in Scotland ;),201934.0,34922,41603,793.0,Ride,Ride,,12030151817,2024-07-31T07:01:02Z,2024-07-31T08:01:02Z,(GMT+00:00) Europe/London,3600.0,,,,26,8,2,1,0,False,False,False,False,followers_only,False,,"[55.94225867651403, -4.554967833682895]","[55.95914896577597, -3.212994709610939]",5.782,11.91,,True,False,True,108.8,3.8,12824430940.0,12824430940,garmin_ping_359043307377,False,19,5,False,30351079,1,a12030151817,gimtIt`yZwPbkAdHxl@i`@mL_Uzd@ah@ib@uMxVmY_TeJ~c@mMdM}XmRsAgPiR|VcJe]c[gRgNzAgJvSyRaXg]lBsi@ru@vArKaXhZlStp@}DbNem@laAk\~EgQva@kVxzA{q@pXew@b{@}s@lHlBtTfe@zs@z_B|pApb@d}AVfhCt^`hB`cAfn@aSf`C|MrFoLr]q\lVsEndAeRph@ww@~g@kr@hhAecAnk@uY~a@ytB`FuI|gAgpAf^_P~Y|G|M}D~DmtArCqvAsj@uPbHaT}i@ih@ck@egBko@okCesC_mAyr@{x@odAgx@ozBo\avAcW{iC|~@{gAhl@kSjh@ou@zIo_@vP~B~VgUnWmfAzUia@r\nk@rK`AzaFq{B`nAqiAzdB~P~`@{`@|uA`Oz[l^b[tGrrCcEhr@egAhc@|AzPkPtT_wAnQca@`^}Fvk@qbA|Yay@uFlBuJcq@f\iWbNq]t[qAdStX|IeTrMaBh\xRnIn\pNwWn_@td@nPgSfGu]`YnSvL}Urg@fb@vUcd@p`@dK`AmrAxOotAwC_OzMmg@aGmKrVe[dOos@mIcm@f\o~AtAuxBjp@c~Ct`@yZve@sxAbMydB`d@wlAp^sdI_HiTeOqBgUml@dNctA`]{{@tK~@~S_{@pFwgAcFe]`Ka[_Jkh@fFaEiHuMdBsy@uIcZqLc@qDec@qg@uPyh@ix@c_@{cA{^ygCyMcSaQrEoa@arAaBqw@|EmyBu^oiBqQeJeCu_@wPwGw_@y_Bl@okCsGkf@sPep@aWiIaKkx@sXgb@mU_kAxFk~@yWia@~E}g@wGsq@eYwgA_tAgrJGqs@jPgz@cPyz@sJi~Bub@u_Cmp@}{AeI_oBxIa}C~c@YfS{tG`p@{h@nGsY|@ypD{KqgF`Na]qC}yAd]utB|h@{{@bJ}e@rYmPjJ_v@cCe|@qNam@gBo_Cim@azAgQueE~IujAiFq}A|Juj@xKorG~Neh@pP{jB~PcS~_A}Th[agAn]zQvh@bpBtVvo@zl@kO|JkX^ohAhIcRiAc|AjXqx@wJsjAqQqq@`Ksf@fByfAuN}vEhBiSxc@ko@dJqw@q_@qaFfb@ok@uRcgF}]ijAz@kf@uTw}@k}@y|@q^opA{SzOo@fa@sDuF{JhQwOsb@yU~[gMgT,2,72.1,False,2518.9,137.5,170.0,HQ
49,2,Evening Walk,10000.0,7200,7200,0.0,Walk,Walk,,12005413706,2024-07-28T19:44:03Z,2024-07-28T20:44:03Z,(GMT+00:00) Europe/London,3600.0,,,,0,0,0,1,0,False,False,True,True,only_me,False,,[],[],1.389,0.0,,False,False,False,,,,,,False,0,0,False,30351079,1,a12005413706,,2,,,,,,HQ
50,2,Afternoon Ride,17503.7,3024,3242,13.2,Ride,Ride,,12002568509,2024-07-28T12:57:21Z,2024-07-28T13:57:21Z,(GMT+00:00) Europe/London,3600.0,,,,21,0,0,2,0,False,False,False,False,followers_only,False,,"[55.860847095027566, -3.333269152790308]","[55.95905961468816, -3.213118091225624]",5.788,12.036,,True,False,True,265.5,21.2,12795778870.0,12795778870,garmin_ping_358242870103,False,17,0,False,30351079,1,a12002568509,_s}sI`~iSwCEwB^e@T{@Da@OiAeA_Ai@w@MgADYL{@dA{ApBcBjC_@^yBp@eBX{CU_AYo@k@aA}BY[kAcAk@@iDvA_IbEcLpF}Y~QgDfBiA\{@BsAU{GyB]WWc@o@mBe@{@_@Yw@MgEt@YRa@l@Sl@Il@Az@JrDAl@IHu@GmA_@mDcB}@o@UiAcAkB_AmEs@gAYoAWwACw@?{AJwC?sBEgDMoAo@aCw@}Ag@}A[}BImBScBy@_F_CwG]aBMcBA}@FaDAu@WyDW_By@gHc@wC}BqHa@sCGiCT_KCcBWsBy@_Cu@mAmAqC{@mA{D{I{@gDg@wAo@wCIk@I}A@{HGqC]kBu@uFoBqHy@aEuAaFMiAGqAGiIMeB[aBkAmD_CmEcDsHg@}A{@yDqB_Dw@eBwAcLGkAOeAiAiCeAcDi@iCi@mEwAmGqAqDiA{Bi@gBYqAc@{DIyBLe@d@y@B]q@_Dc@{Dg@cCSg@q@m@g@W{@Su@Hs@cB_Ag@a@i@DiC@aCV}DHuEEgA?YZ_ENsEC{EMiBUkBAy@\{GBaBHk@Pm@FyC?qBMgBi@qBk@y@mAaA_AcA_AiBiAmDuC{F}H`AMLBZg@^g@x@cDxBsAjAoALsAb@y@DeAYwBkA}@o@y@yBKkAGcEg@mB}BsDoByBq@iA]a@{@k@oAMs@F_@RiAtAmBhDeBxAi@Lq@EuAVsA[CkAGSkAmBe@oAgAyGcAsDq@iBeDuHkIgUQqACeALoFDu@t@_EZuFHaEAwBEi@e@uB{AkCg@qAWqBc@sF]sBw@mC{AyD}A{E{BeK_@eCo@cCy@_BuFcI_CeDeAgA}@s@yDaCc@u@QHiD_CuG}Gs@uAc@UkCcC{@_@gCi@cAk@y@u@sCoDwA}CmAuDiBqHIy@OW{AkFg@sBmB}F_BoGQgAq@oBiAyEgAwDcBsGs@yCa@m@[SQ@sAt@m@Na@jAW\cD|Bc@J}@Ga@L]d@e@pA_A|@UBAOYh@W`CEjDDtAAvDMEBTHFCnBD`AArDM|BBPBAKVe@IOUo@eBB??QAJHECOQQ[}@_@s@}A_EYe@i@p@gDzFq@l@qBbEU@eCkGoD_Ko@sAg@}A@GG@?HCK[VW~@[jB_@v@aMbJy@v@m@lAW~@Y~AOPQIiA{CiEqIe@g@oAa@QO,2,41.1,False,124.2,110.9,133.0,HQ
51,2,Morning Ride,18441.9,4735,5183,266.2,Ride,Ride,,12000489449,2024-07-28T08:34:44Z,2024-07-28T09:34:44Z,(GMT+00:00) Europe/London,3600.0,,,,11,0,0,2,0,False,False,False,False,followers_only,False,,"[55.95916514284909, -3.213186152279377]","[55.86090384051204, -3.333244761452079]",3.895,7.582,,True,False,True,268.2,20.9,12793619673.0,12793619673,garmin_ping_358200761017,False,9,0,False,30351079,1,a12000489449,sfptIh{rRr@a@?}@J_@TERNz@z@t@|Al@x@r@`BxAhCb@jAPHh@w@b@mBXM@Kj@_AnAcAvCcBnFeEPe@p@gDl@{BnAuFXS^XVj@zArERbAbA`DCE`AfBvC|HZHPIv@gAtB}DPMNATRz@`CD@PWPk@Ba@EsOHw@LUp@K|@@d@Fr@oA~Aw@l@iB`@y@ZE~@HvCaBt@k@n@AdAu@d@o@nADLJz@dD\~@vAtGzBdJp@lB\jBxApFj@zAjD~M\z@@\^pAzApFjBhFjAbB`CbCXl@n@p@|DzA|@f@bCfCl@VjAdBlF`GbC`BfA^nEbDdA~@jAlAlFbIrBjDp@hBr@tCTl@TpAtBxIjE|Mt@nDn@rGX~A\pArA`Cl@vCHlA@bBYjJWpBy@bDWvFNdBp@dC`AzBX\lDjIh@lB`DrH`AlCbAbE~@xF`@dAt@rAp@dBn@lCrBlLHnA?xAS~C@xBOdAD|D`@`FTnBVbAHxAlA~ITfDIbEe@nGBjBVlB\r@@Xl@vCnBbDZfBPpDZdBX|@CPBnBGnERzGq@jGKxD@vCJrA?`KL`BGt@?v@t@pHMbBO~@@^JZvCk@r@`AfAUHEPhA`@nA~CxFxA|C`E~Mr@jBl@x@TzA|@hCp@`CtBrE`BzA\tAPlAlAdDjA~B`An@v@dB|AxEj@|B`BjFp@nC`@pBPF~AaA|EkFN@R_@\UfB{Bh@WpAwATOj@}@rC{FtA{B@_@a@_B[oB@a@R}@h@oA`KeSb@s@`AgAF?Xz@l@lCfFnVxApJ`@hBjEzLp@bCZ~BTfD`BbLLd@`@XJ^DjBHbAXh@nAOzA|@`@L^Mv@gANGdBzB~DpK~B|FpAbE`GhXfBjJZp@nAA?GHAEa@fCmCTMVBLKj@Aj@s@`Aa@ZiA@Ut@iAASHHEETEHSb@D`@m@bAu@lA{AdCaCJm@h@eAZ]TaATS^w@XYFc@v@uBbB}DJaAXOvBsFPWJq@PQ^w@j@yAjAaAN_@tHrF~DbDfFjGvDzFLCHSt@iCrDiLv@aDNQBi@NGnJlIVGp@}ATA|BxEbBbD|@C`Es@x@Ad@TzEbG|EpH`GpHtCpEv@`AB^MhC?jBKhB?d@JXh@f@pAx@nClCxEtFtArAlJnKHZNtCzAtONj@HfBz@pJ?p@WfA,2,75.1,False,355.4,129.5,165.0,HQ
52,2,Afternoon Run,2621.2,788,798,15.6,Run,Run,,11993395187,2024-07-27T12:22:44Z,2024-07-27T13:22:44Z,(GMT+00:00) Europe/London,3600.0,,,,5,4,0,2,0,False,False,False,False,followers_only,False,,"[55.980130545794964, -3.2165939826518297]","[55.963508393615484, -3.1973712611943483]",3.326,12.072,87.0,True,False,True,23.9,10.4,12786206577.0,12786206577,garmin_ping_357990148344,False,5,0,False,30351079,1,a11993395187,iuttI`{rRQ{@QuAE_@?_A@ILqJH}CF{Dh@cPp@oCF@Na@PWNMNE@ENg@RqA^q@JGLS\_@n@aAPSp@Un@MDCD@JER?AKJAFYh@IX@NAp@YVSl@UDANBHAHF@HHDfHsDHC\ANE\An@W\C`@]@GJIlAIlAa@`@Sb@M`@Ed@Kb@CXOTCNORIDIj@Mb@QTE^O~@URIHAPGl@A^Kb@QXEj@[|@Up@[XKZEVMZQNE^[f@UTQZANG\Ab@K~@]x@c@t@S`@UPGP?f@KTIb@Kp@a@,2,,,,166.8,183.0,HQ
53,2,Lunch Run,3809.3,1201,1246,7.3,Run,Run,,11993390034,2024-07-27T11:44:31Z,2024-07-27T12:44:31Z,(GMT+00:00) Europe/London,3600.0,,,,1,3,0,2,0,False,False,False,False,followers_only,False,,"[55.9582026489079, -3.2092531956732273]","[55.980119314044714, -3.216726165264845]",3.172,6.612,87.2,True,False,True,25.1,10.3,12786201198.0,12786201198,garmin_ping_357990083882,False,0,0,False,30351079,1,a11993390034,}pptIxkqRk@o@O[QKOU?OEU?a@E_AQoAKeAc@wBQuBCw@Mw@Aa@WqA@UAmABQASKc@ISE_@Gu@K]AMF_AC{AWoBg@kCq@yCGKCEk@YYk@Ma@g@i@w@wAEQCAAKGCO?YLBMEQHIGWe@}@GGIH[|@U^WVa@V]d@m@h@YZe@`@i@Xi@PoAh@e@VwBrAo@Tm@Ty@RKFy@NOHYBi@NCDy@L[NIJYV_@NU@GBEF]BWFm@^WDa@Dc@X{@Za@DIDGL[HMJo@Vw@Pe@RQRKDc@Ps@FUDOH]?EBe@Bm@VGJG@UAIDi@B{@b@GHU@WF]Vg@Na@?QBe@AM@UH[TYJa@XMBWTc@RSBOH[Ba@Ac@JM?QF_@I[?wDzCEASHe@AY@SJSRKFE^UNQFQC_@AODU@e@?a@NYVSREPe@p@CF]`@_@n@KVOPMTWv@Mv@Yl@Bh@]b@MT[lAMrCCvBMzCCdBIzAEhBKnACnBUfEGnDB|@Fn@Rx@Tt@,2,,,,137.9,170.0,HQ
54,2,Afternoon Ride,41498.6,7935,9717,118.0,Ride,Ride,,11988052424,2024-07-26T15:43:10Z,2024-07-26T16:43:10Z,(GMT+00:00) Europe/London,3600.0,,,,0,1,0,3,0,False,False,False,False,followers_only,False,,"[56.058452390134335, -2.716966252774]","[55.95874696969986, -3.2098836824297905]",5.23,10.06,,False,False,False,40.0,-2.4,12780622616.0,12780622616,accepted_tag_from_12780490119.fit,True,0,0,False,30351079,1,a11988052424,gzcuInprORhFGrVeA|EC`Av@tLf@bZtKj_AXvCAxAhRt`Br@lErDvPrBnHdD`In@~@`@gA`@@xOdM~DlHdB`GjI~e@pIl_@tC~Th@zGIpQgAfJK|BBbC|AnQdAbS?pIgAlOA|Ch@hK`C|NvK~r@dEpSdDrRdJvb@zBxOb@t@fDhA|U`L|HnExAfAlMnNrHxG|@_@dLqM|NkOfFgBt@N|@`AdClFjBpJt@vB`BnCPv@NpEBbPSjG\`FZ`Bb@v@r@`@dCx@rB`E^fC^hGlDtTrCvJh@nGh@F|BsCVAVh@PfEv@jIbFhUva@xvAlJjZb@r@tAl@zKvAjHpCtHdBlDvC~D`AxBvBhFjGb@`ApBbJpBjGrDvS|AtCbAVlR_ArF~@|Al@`AbAvDzIrCbE`EnLhCjD^vBPdJTrC`@bBdBdDlDtCn@vAzBhI`CnFxAbCbDbDbChEd@|DPlLfChV~AfJPrCDnLfAjk@hAlb@MfO_ApAY~XcBrZ?zApBfPRb@`AE]lDfDr`@jBlPhApEhBnChBmB\Cn@xHk@|JeAdIq@fCu@fBa@n@DnGdLhSbBxAnDdJrAhAt@T~@Ul@g@p@wAtA[vAv@bAlBl@uGp@sARh@rB`DfBjEjCfIjF`SxE~KzCxMzC~RjFnRpBbKTrADrAfA~Cy@pDl@hGN~K^nBOdDClIVrGxBdG|Br@vBpC|ArGZf@^lDh@hBjGjs@TlGO|Ls@f@_@t@c@xCSC}@dLmBxLeFbb@M~FWdFInGb@rQj@fGr@hEDtBjChObAzChDxErD|AlASRk@`@Mx@T~@nAxM`@|Et@~BfA_@vG`@hLc@b[`BrUNzZj@dKJjILn@Xn@}Ex[OvCEbKc@jFiAtGqHtSwAjHaArLIfYcAx\qAfDuFhTkJr[oArFyBtGY~AyB|FoBdHkAtCo@vCmEpMgArEKpEe@zBaEdHcCfDJEWzBc@pAk\rp@_EbHsDdFiAjCoAdGuExHeD~JOvAZhEkC|M_AvMiB~M`ApB~BtCl@rA@d@Up@a@PgCG{A~@uBlD_AnDi@zHu@`GKlEc@dEh@|CNvOu@pO]lDBxDcCvDeDpJk@bDeAjNK?_BpJNlAQtBoDnGeBfABtKs@|M`BrJ`BzD|D~NX|Dl@`CjGlc@d@vAb@Zp@dC|ClDz@RrAiAfAsBlC}ClA|@`@Y~AhHA~KtApLt@W\PrDnL`C|BxGd@pDvAdBNNVtApERjACtBt@pCrApXf@dR\dE,2,58.0,False,460.6,,,HQ
55,2,Morning Ride,42779.8,6787,7205,151.3,Ride,Ride,,11985368266,2024-07-26T09:15:00Z,2024-07-26T10:15:00Z,(GMT+00:00) Europe/London,3600.0,,,,17,1,0,3,0,False,False,False,False,followers_only,False,,"[55.95900152809918, -3.2113236095756292]","[56.04934914037585, -2.7191012911498547]",6.303,11.867,,True,False,True,48.7,4.2,12777838386.0,12777838386,garmin_ping_357752580705,False,12,0,False,30351079,1,a11985368266,cjptIvyqRr@}BAs@uHoHu@kB{Ded@uBiMRs@rAu@VkEk@gDkCEuHlFcEjE{IfEsBCuBgB_AcBqAeEyF{KeFsLkFqJ{CgIy@gD}C_WsBuMyAoGuD}KoBsKA}Bz@iIKaL~C}ClAmCn@mDCcA|AeGvAiRbAqF`BgFdAkArBoD?iElAoRSyPi@eEv@uKlB_Rt@mCfBqClAi@jDKRgA@c@Uc@_DyEc@IQ{@zA{KzAcRfC{LWyEJgAvDuKnEwHt@gEr@yBjBsD|CaEl`@yv@rC{IvEeHh@oB`@}Fj@mCvTcs@bLaa@jI}[v@wA`Aee@KaNd@}H|A}K|H{TfAcF`A}HHsKXiFdHah@Cu@mC@WkBk@}c@mA}Q^sZWwLXqGsCuAsDs@uNk@aAeAu@Sg@?Sn@iATmEyBsB{C}AwEmCsOA_B_AcH{@mQA_EFuF\aGGaAX{EhFwa@lA_HdCsSv@sBd@SH_NOmEuCa[u@}JmAaLa@qA_@oDo@aAmAaGkBkCqCeAs@yAeAwDSyCAyJXoEa@gCKuLk@yFJqAl@eBw@{AsDeRwEgPsCoRoBwIsAaFmDmIoLaa@{CmHa@_@s@d@s@xCa@^m@DmAi@_ALe@Xs@vAuAj@iBs@}@kAuCaIkBmA{K{SEsGTs@f@WvAaFt@mGf@aIAsAs@uHk@PiAxASAeB}CkAeFwCwVoBmXA}@^}Cu@Fa@i@c@sEeAyGCcC~@sMd@oLXqYfA{ALwLoAac@W}ReAah@}AaKoBsQy@}IUgI[gBqB{D_EmEmA{B_DqH{BkIk@w@yByAsB}Dw@mDYiEEwEa@kC_DqEyCgJ}CuEmBaFkAuBoCgB}FcAwQr@iB]{@gA_@oAoDqTqB{FsBqJkAmBgCuC}CqCuEyAwDwCqH}AcHeCuKaByB{@k@_AuHkVeOgj@ePai@_H{[iAkNMs@UKiChDm@Qc@{FwB}Gq@mDiD}Tq@qIaBkDcE_Bw@oAi@uJXkQSqI_@oAyBcEuCuMsB}Ds@u@y@OaGvBw\l^gC_D}C}B_QiQ_e@uT}@iAyB_Q_J{a@cD{RgEwSkOeaAu@oPtAoQ?sBcAgSwB{XbBeRAyIsAwVk@iEm@eABuBkBuJcGiWgHib@sBmHcC}EgEqEaLcIW@Or@QIeEyJgDsMsDqR_C{ToRwbB{G}j@jJ}LtFkITL`BjFbAbElEgC~C\IcAhC{BfAy@g@}DoAwQ{E}TyBmVFqCR_@~B`@pFW,2,86.8,False,589.3,122.3,155.0,HQ
56,2,Afternoon Walk,14600.0,7200,7200,0.0,Walk,Walk,,11977415287,2024-07-25T13:03:05Z,2024-07-25T14:03:05Z,(GMT+00:00) Europe/London,3600.0,,,,0,0,0,1,0,False,False,True,True,only_me,False,,[],[],2.028,0.0,,False,False,False,,,,,,False,0,0,False,30351079,1,a11977415287,,2,,,,,,HQ
57,2,Morning Ride,8000.0,2100,2100,0.0,Ride,Ride,10.0,11975649494,2024-07-24T08:52:32Z,2024-07-24T09:52:32Z,(GMT+00:00) Europe/London,3600.0,,,,0,0,0,1,0,False,False,True,True,only_me,False,,[],[],3.81,0.0,,False,False,False,,,,,,False,0,0,False,30351079,1,a11975649494,,2,,,,,,HQ
58,2,Morning Walk,7400.0,5820,5820,0.0,Walk,Walk,,11975645451,2024-07-24T08:51:42Z,2024-07-24T09:51:42Z,(GMT+00:00) Europe/London,3600.0,,,,0,0,0,1,0,False,False,True,True,only_me,False,,[],[],1.271,0.0,,False,False,False,,,,,,False,0,0,False,30351079,1,a11975645451,,2,,,,,,HQ
59,2,Night Walk,8100.0,6180,6180,0.0,Walk,Walk,,11955130306,2024-07-22T21:02:49Z,2024-07-22T22:02:49Z,(GMT+00:00) Europe/London,3600.0,,,,0,0,0,1,0,False,False,True,True,only_me,False,,[],[],1.311,0.0,,False,False,False,,,,,,False,0,0,False,30351079,1,a11955130306,,2,,,,,,HQ
60,2,Night Walk,8100.0,6180,6180,0.0,Walk,Walk,,11955123120,2024-07-22T21:01:17Z,2024-07-22T22:01:17Z,(GMT+00:00) Europe/London,3600.0,,,,0,0,0,1,0,False,False,True,True,only_me,False,,[],[],1.311,0.0,,False,False,False,,,,,,False,0,0,False,30351079,1,a11955123120,,2,,,,,,HQ
61,2,Evening Walk,8100.0,5162,5162,0.0,Walk,Walk,,11955140963,2024-07-22T17:04:00Z,2024-07-22T18:04:00Z,(GMT+00:00) Europe/London,3600.0,,,,0,0,0,1,0,False,False,True,True,only_me,False,,[],[],1.569,0.0,,False,False,False,,,,,,False,0,0,False,30351079,1,a11955140963,,2,,,,,,HQ
62,2,Night Walk,5400.0,3600,3600,0.0,Walk,Walk,,11955127198,2024-07-21T21:02:12Z,2024-07-21T22:02:12Z,(GMT+00:00) Europe/London,3600.0,,,,0,0,0,1,0,False,False,True,True,only_me,False,,[],[],1.5,0.0,,False,False,False,,,,,,False,0,0,False,30351079,1,a11955127198,,2,,,,,,HQ
63,2,Morning run,8285.3,2759,3394,43.8,Run,Run,0.0,11933496476,2024-07-20T08:33:00Z,2024-07-20T10:33:00Z,(GMT+01:00) Europe/Paris,7200.0,,,,0,1,0,1,0,False,False,False,False,followers_only,False,,"[48.811632, 2.138886]","[48.811645, 2.138542]",3.003,4.68,84.1,False,False,False,142.6,111.5,12724000533.0,12724000533,04d84ce6-5f40-4095-9d29-78a8fcdc20b7-activity.fit,False,0,0,False,30351079,1,a11933496476,yp|hH_b`LGv@@DZDr@RBB^JPRd@PN@NHD?LRVNRFj@ZVF`@ZHH\LBD^Jt@`@HFh@TLHDCF?LFFTJLNDr@^LDd@Xd@Rz@f@dAb@tA|@RMJ?TRTLNPXTR\\LV@`@TLLXJh@\DTLZNPRf@@L@xACfA@x@Dx@Hj@Bv@E~@Dh@Jd@Cd@Db@?n@Db@BFD@FHn@b@VjDNn@\`ANl@n@hBVjEH|@K~BUnDCt@]dBM\OP?FDB@Dn@VGGOGAIA_@f@aCAm@E[A}ALy@Aq@@u@LyCBSAGMC?UCGKGOEK@IDSRWL_A`AOZI@MNEH?^CV?VYfAABE@OMg@WYK]UQCCDEREDE?]YOCUYICWDKCOOe@MoCyAq@SSUWKc@[KEACIG_@K[UIAEDMf@KZOfAENGF?BDFFO?Gc@DKAOGWBe@CSGC?KEGBSt@UXERBP?RMd@CPBh@CP?j@E\B`@AXIh@M`BApAEt@@r@I~A?`@B?@FSPOjCCvDS|ECdAOb@]pAQ~@]dAu@tC[bAq@zCYz@QfA}@zC[|@_@`BGJGDaAZ@LDFPJHHFd@?TGPINIFABVORWb@{@DCD@D@TZZLJJNBdAh@TRh@VTRv@\n@Vp@b@dAb@d@VRPJBVPnAp@TTBHTzEEr@YxAQr@Ab@Of@Kr@IZE^I`@E\GRo@fESfACZM^WfBUfA_@vAIB[CSDEJOh@S\YHq@@IAYUy@e@k@SSKGI]IQQWISOiBy@SMG?e@][MOOICI@QL[NAIPo@R]F[Pa@Js@Fk@Go@S}@[qBAm@@w@ADe@RG}BDs@Ag@@]C_@B_@Pa@T{@Ns@N_@`@aBL_@\uA^oAD_@JUb@q@Rw@Re@Lg@Pe@Nq@Bc@BQ|@gDJq@Rc@R{@dAmDB_@X{@Lo@AILWh@wANw@Rq@R_A`@oAJqA@{AEe@JoA?_BHsC`@mCAYBq@Cy@DkAAWXgEA]@cAH{AD_CHg@DaBHyA@oAFu@AMQQESNSLYB]FaDJkA@aBDc@DuALuEJoA?{@RmEB}BLiBJiECUEEm@Ya@G_@UWAGCKOc@a@g@_@wAo@e@I}@s@o@WGI_@SQQ,2,,,,,,HQ
64,2,Night Walk,6000.0,5640,5640,0.0,Walk,Walk,,11929991538,2024-07-19T20:03:00Z,2024-07-19T21:03:00Z,(GMT+00:00) Europe/London,3600.0,,,,0,0,0,1,0,False,False,True,True,only_me,False,,[],[],1.064,0.0,,False,False,False,,,,,,False,0,0,False,30351079,1,a11929991538,,2,,,,,,HQ
65,2,Afternoon Ride,42920.5,8269,9698,275.0,Ride,Ride,,11921289071,2024-07-18T15:01:09Z,2024-07-18T16:01:09Z,(GMT+00:00) Europe/London,3600.0,,,,0,3,0,2,0,False,False,False,False,followers_only,False,,"[55.959268072620034, -3.213228564709425]","[55.95922063104808, -3.2131164148449898]",5.191,11.41,,False,False,False,110.2,17.8,12711316710.0,12711316710,accepted_tag_from_12711094262.fit,True,0,0,False,30351079,1,a11921289071,gqptIxjsRUbJlBdVD}@_AqE@hAzBnXHl@r@z@?~CtGtq@`BzS`@fTi@p@iAsCJhEWpBeE|Bq@MQ}@U~CBdEoFvFeDbFcB~DmAxJcH`[mIhc@eJzYgB~Q}CnDZ|IStIlA`PvApDv@fGBnCk@zCz@~M[~AeDlHYbBChCp@rFbFxUh@fJ?tEo@lGwDbD}BfH_C`Mg@fIx@tJhBdInCnIvCfQGRx@vCb@dHErEj@pEc@jHDzAZbDlArBcAlJyC|Ew@NqD{EyMkMyCwE}EuByBpBk@dB{@^_g@gg@eIlWIpIZlKqDKq@f@Ux@BlEr@nL_CtIeF~VWxDChImBnHqH~O}EjIe@JeAyCeB}@oAAyMjIeF~E}CzLiD~IqAbB_JrGmBxBqDvQuBrHiAtAuHzQgC~Am@~@i@xAC|@jBhCp@dEn@pPv@pDSlFTdNdCjYtEpIjFhCfI`IvAxEfBjO\dBlAlBL`AxCtE~EvLlAvQE|B~@zCh@lFAlBk@rDhEz^PhMs@rEBl@BaCz@sB@bDMZFTXmAf@SR_As@_[H{Od@{GpAyFr@{AfHgIxD}BrImC|JoFtTwGTg@QoEbC_AtP}@ri@zBjEyBxFsAd@hV\|DjAdEdCt@jLp`@xZtx@`H~PlBzHp@xRLAzHaDb@wAl@p@j@}BEhAjHdAh[^tHhAbTl@n@w@b@cDzAsAtNgFfAkAPkk@Et@Bc@z@G@[Z`Af@?pLkD`Fo@Zh@GhDNn@VFp@{AR?rCkGxA{AbUqAp@_A`B}GJyIf@yEjC_JtBoDzKyJlCO|@}A}@qEl@vBNCNQG}A~@o@MuAnAeIBuDY{E{A}f@wBkUa@s]ZuHnBkGjTqWbImMfCoFjB{MfFag@MoFqAuIa@mFa@uMRmIyCec@oDoW_BqSeA_T}G}m@aBu[l@_DdBqBtMuHhImG|A_DdAaEP_Lc@{ICoNeAeTmBkO?_^j@sGOoRmBiMaBiCmAcFKoCf@}La@kHgB}M}@oMXmL]uEuBeMaAeCMFJYsAcDcDsNoFiNwFuLcAoDSyA`@cIbAcGV}FDyDSwBsCwIoC_Q}E}NmBsJwCuI{KiOmMeJkI{Iq@CgEaEmEqAcDqDqEgK}DcPqFaRw@sEaB_FqF}Ts@aAq@FoAhAo@KOjA}D|CyBTgBxCgAp@Pc@o@nAIvPYnFH`Gu@[q@sB]ScByFaAaBcDzF_FzGc@NmDgNaEmJo@l@iArE_ObMk@tAa@~CQ?}@}C_EsIwBiB{@OY{@,2,73.0,False,603.7,,,HQ
66,2,Evening Walk,2500.0,1980,1980,0.0,Walk,Walk,,11913008691,2024-07-17T18:27:21Z,2024-07-17T19:27:21Z,(GMT+00:00) Europe/London,3600.0,,,,0,0,0,1,0,False,False,True,True,only_me,False,,[],[],1.263,0.0,,False,False,False,,,,,,False,0,0,False,30351079,1,a11913008691,,2,,,,,,HQ
67,2,Evening Run,5121.3,1974,2009,25.3,Run,Run,,11921182678,2024-07-17T17:39:26Z,2024-07-17T18:39:26Z,(GMT+00:00) Europe/London,3600.0,,,,8,3,0,17,0,False,False,False,False,followers_only,False,,"[55.96360637806356, -3.2004196755588055]","[55.96356228925288, -3.200225131586194]",2.594,6.354,80.5,True,False,True,25.3,8.9,12711207973.0,12711207973,garmin_ping_355876820025,False,0,0,False,30351079,1,a11921182678,gwqtIx{oRGU@OMo@I?I\KBW@ECCSGOCCICK@GE[DWEIDABCp@ELMLa@BKGa@RSD_BHSSQEWCm@j@KBa@VWFKAI@EDM@UHOLUJu@P]F[EIBYXQFOJQFGEK@GHSHq@b@[JU@cAf@g@DiAj@c@JMHWFYTQFGAYFKFe@BQFO?k@NIFYB_@Ck@RSDm@T[?ALQFAFA?U_@MoAEIAKQc@AIQ][w@Ka@M{@Yu@[iAaAwBMs@Yi@Wa@Ks@Cc@@YReA?a@Du@@yAKa@DaAMSE_@@g@Ng@DKJG\KJM\uAXk@h@iBXq@B?HKZ}@b@_Aj@{@DKRSLUZMN@PGLMFOZ]@WNWH?ZUt@W\WV_@BONO`@STEHAn@DJCBEF?BGFe@AQDi@?m@KYS]?OOa@GY?OIk@Sk@WyBO_@Gq@Ke@C]KSA_@MEI]KU?a@H_@?KI_A@i@Yw@CS@_@CKUm@IiAQs@Ig@SgBUmAAYg@kBG_ABc@CYEIASIQEWGEUmA@GRKHKHAHGf@e@LIFIZ{@Jc@HK?ULiBNa@D?NHBQZDb@`@Rn@d@nCDpAFj@Jr@HPFn@DfA?xADh@AzAD`@ZnBB@JABRHPN|@HTFLD^@t@Gb@c@n@Uj@Ql@AnABl@E~@EN?d@SBMLK@OCE?WVW@URAFHALBCLB@Lp@LnALXETDH?LRr@Hn@HRDR\`@\f@BX\`@Xt@Pp@Xd@RVRn@NRp@rAPT|@xBF^DJ~@|At@dBb@h@NXn@tAr@~@P^FDBLf@~@J^Vl@JHTj@Z`@T`@Rf@@NPRLJLj@Rf@BVFNJh@Pd@LNHVHJb@^PRFRNRb@XTFL?TDLHLb@FFF?PEN?JIN?JNTp@,2,,,,146.7,168.0,HQ
68,2,Evening Ride,23913.4,4432,4588,143.1,Ride,Ride,,11921185930,2024-07-16T17:15:40Z,2024-07-16T18:15:40Z,(GMT+00:00) Europe/London,3600.0,,,,13,3,0,1,0,False,False,False,False,followers_only,False,,"[55.958385122939944, -3.2079558447003365]","[55.95917050726712, -3.2129775267094374]",5.396,9.918,,True,False,True,79.5,7.5,12711211201.0,12711211201,garmin_ping_355876820190,False,3,0,False,30351079,1,a11921185930,esptIxdqR_A}JUsA{A_NM_C]mC}AmIA_@H[pA_ADY?iAPcABw@Ec@o@aC[CgBp@qDjBcAbAiAh@aE~Dq@N_HnDw@LcAEyAiAg@u@c@_Ai@cCeBsEuA_CoBgEcByCm@wAuAsBsD_IkAkB]aBmAoCiAwEYcCm@cDa@gFy@}GiA{F}@iFcE_NcAoBk@uBUiB]aAOeAQ_@BgC]}Ca@uBE_AQsA@gBp@uCRc@jAgBdBqAL[oBiFcCuCW@{@hHyBfUSnC_CrTW|CE~AwDnS]bDYfDWz@u@xHYdGItDMhAk@zCoAzEUnB_@vTf@fHNdAd@zAD^DjDNxE\tDPzDDhMGjBc@|D?nAGf@C|AQ~@Ex@k@bQ_@rURfCh@~Bx@jIXtDBzCW|Cm@bFi@rDu@jDkAbKk@|G?RJRARi@nDeBbN_@bBiBfMiBtKU|BCvAAlKD|CdA|HXbIXjC`@xBTrCZjb@PbHVtBtA|Ed@vC^v@pCjEv@xBh@rB\nCFfBG`Eg@vFFxC|@zEdC|H\xBFvA?`CSnFWzBu@hESxBQ~DDbF}@tLM`\\lMf@rIYjK?tI~BdVf@vDNdDAjBe@dM?tAc@nC{@hDOtCBxBKnCNvGDd@PK@QLKL`BCp@YlAUjBNt@Tf@Jx@?bAJZlAd@`A?pGq@|IcFJXDdCTtDTtA\bApXx`@~Ap@|MDvIn@HWAe@yBiOc@kBmB}E}@aD_AsFa@eG\oG|@sIh@uDh@cBp@oAZgA|@uAtAoA`AkBTiAVmDBqBAwEeAcKk@yCuC_La@qCEgANwER_Ax@wBpB}DJa@?sAs@mK@q@^iEe@iFQy@@a@tFaJh@F`Bc@xFcCj@o@x@{AXw@|BeA`MgI~L{PfEuGxAmCTs@j@_EFcADeCCiJCaFU{E?yCD_@zCsAlBMt@U`K{EdHyD`A}@Zk@R_AJ{JCyJEFDADq@b@g@jEoHjBkCtRe\h@g@r@Cz@_@e@}E}@cE_@sDSo@Ec@VyFGeET}@\m@WyCCqCp@eHe@eAOKAE]QSa@WwGOoAHmBO_HMiAm@w^@qDNiHBeI?wLG{@Mi@Uc@@EqBkGk@{AUSDCEWgBaFKUOG[XiD~F_@\UG{@sBII`AhCBf@_@`AuAzBUPcJgWk@uAQIMPYhA]rB_@p@aIlGeC|Au@r@a@v@i@nBOtAKFSSaH{NoAy@m@I[y@,2,73.5,False,325.8,142.5,173.0,HQ
69,2,Lunch Walk,6700.0,4380,4380,0.0,Walk,Walk,,11892457783,2024-07-15T10:33:16Z,2024-07-15T11:33:16Z,(GMT+00:00) Europe/London,3600.0,,,,0,0,0,1,0,False,False,True,True,only_me,False,,[],[],1.53,0.0,,False,False,False,,,,,,False,0,0,False,30351079,1,a11892457783,,2,,,,,,HQ
70,2,Lunch Walk,10200.0,7200,7200,0.0,Walk,Walk,,11892441426,2024-07-14T10:30:23Z,2024-07-14T11:30:23Z,(GMT+00:00) Europe/London,3600.0,,,,0,0,0,1,0,False,False,True,True,only_me,False,,[],[],1.417,0.0,,False,False,False,,,,,,False,0,0,False,30351079,1,a11892441426,,2,,,,,,HQ
71,2,Evening Walk,4700.0,3600,3600,0.0,Walk,Walk,,11881171251,2024-07-13T19:43:17Z,2024-07-13T20:43:17Z,(GMT+00:00) Europe/London,3600.0,,,,0,0,0,1,0,False,False,True,True,only_me,False,,[],[],1.306,0.0,,False,False,False,,,,,,False,0,0,False,30351079,1,a11881171251,,2,,,,,,HQ
72,2,Cycle with fam,20000.0,6420,6420,0.0,Ride,Ride,10.0,11881169145,2024-07-13T10:30:17Z,2024-07-13T11:30:17Z,(GMT+00:00) Europe/London,3600.0,,,,0,0,0,1,0,False,False,True,True,only_me,False,,[],[],3.115,0.0,,False,False,False,,,,,,False,0,0,False,30351079,1,a11881169145,,2,,,,,,HQ
73,2,Morning Walk,13500.0,7200,7200,0.0,Walk,Walk,,11875964846,2024-07-13T09:46:52Z,2024-07-13T10:46:52Z,(GMT+00:00) Europe/London,3600.0,,,,0,0,0,1,0,False,False,True,True,only_me,False,,[],[],1.875,0.0,,False,False,False,,,,,,False,0,0,False,30351079,1,a11875964846,,2,,,,,,HQ
74,2,Lunch Ride,5800.0,1380,1380,0.0,Ride,Ride,10.0,11861095043,2024-07-11T10:55:21Z,2024-07-11T11:55:21Z,(GMT+00:00) Europe/London,3600.0,,,,0,0,0,1,0,False,False,True,True,only_me,False,,[],[],4.203,0.0,,False,False,False,,,,,,False,0,0,False,30351079,1,a11861095043,,2,,,,,,HQ
75,2,Morning Ride,8355.4,2401,2610,34.1,Ride,Ride,10.0,11852851750,2024-07-10T09:46:54Z,2024-07-10T10:46:54Z,(GMT+00:00) Europe/London,3600.0,,,,0,0,0,2,0,False,False,False,True,only_me,False,,"[57.435751631855965, -5.412699049338698]","[57.43570846505463, -5.412594191730022]",3.48,6.424,,False,False,False,47.5,19.7,12640430330.0,12640430330,stripped_f5f9b5ac-8727-43a2-8ca3-e2de43a8f769-activity.fit,False,0,0,False,30351079,1,a11852851750,c_q}Idj_`@aA_Ba@u@c@aAq@cAq@oAMQOMI[a@q@Uk@qAmBKUGCYa@c@w@KGEGYk@oAyBEOGe@IwBGe@}@uA]aBi@kAOs@KuDBy@TcBBe@Aq@K_BIg@IYeAuBM_@I]IgA_@yC_@iEs@sCMq@YaC_@oB_@sAC]Kq@G_AMcDEqCIsB?oDEsAKu@QcB[y@O}@WqBKW[sAy@eCg@kAUiAKqA?gCFuAEu@CQUe@MIYGGKMm@Kw@]{AEQUa@GOIg@QiDKm@]o@YaAWi@U]OOe@m@OWK[Sw@Mw@e@sAQm@OcASoCu@iDw@sBm@aAW[IWg@cEM{@I[Ma@W[O[e@{Au@gB_@gACMUi@Sy@o@oBWo@We@e@s@Yu@a@u@Oc@oA{A[Uk@k@_CsDw@yAUi@Q[IGg@oAIIg@cAw@mAOYe@o@c@g@CBKKWk@k@iBMOo@mAcAiA[a@k@e@a@Wa@a@[k@Wq@Yi@_AgAS]]_@MWA@i@MTHPAB@z@vAZV|@lAx@`BVVPNRHTVn@h@LNBHLHHPl@r@jAtCZj@d@x@l@r@hBrCzCnFz@tAlAzBfBbBl@x@JDDH`AtBPd@~@bBp@nBFXVj@H\~@vBnAlDLd@NVVn@VnAZpCNbAZr@f@t@\t@^nATbAb@xBRtCNx@jBbGNXj@n@Zb@Tf@|@xCL`CHx@H^t@dBf@vCHLVBFDLPFXFl@?f@?b@IlA@vBDl@VhA~AhE`@rAZ~AZbCXz@Fx@PnABjA?dCFnFJpBAlBFpARpAx@fDRlBJn@r@tCPz@ZbCRhBV`BDbAFl@Nb@`AlBHVHr@HfA?nACf@SnACv@F|CF`@L`@l@jAb@fBh@r@HRFZBj@BnBDTHRx@jAt@pAxArB|@~AlEfHX^d@bAt@dAx@pA,2,34.5,False,82.9,,,HQ
76,2,Nairn to Inverness,29339.4,6756,7748,291.6,Ride,Ride,10.0,11827433879,2024-07-07T06:21:09Z,2024-07-07T07:21:09Z,(GMT+00:00) Europe/London,3600.0,,,,0,2,0,2,0,False,False,False,False,followers_only,False,,"[57.52570839598775, -3.862991016358137]","[57.47827788814902, -4.223013371229172]",4.343,11.276,,False,False,False,175.2,14.3,12614193959.0,12614193959,stripped_96ab8a5d-e37e-4347-99e3-c49c584ee208-activity.fit,False,0,0,False,30351079,1,a11827433879,{ab~ItwqVbEhBhLnGbHjG|CvBzA`BfAl@|@dAZnAvDtYBfB{@f[?tAp@tIjBjPfDhAbInA@^jK|_@pBxIrMlf@VzBp@vL?|BZpD^zIRnAv@pCjCtGENKEHERh@RvA\bAhExGfAv@fBd@f@v@@x@o@vDDn@l@pBZhB_@|PUlCD~Bp@tCTpBjAtEhCxNlDrUh@zD@p@aA|MJhGI|@}DpNyCxEaDnGe@vGXrFLj@LJfB_AxBHl@Zr@pAfAn@`Fv@hAd@z@t@bCbG`DfJtC`Gn@hEVlGXjUl@hQ?bBQxBe@xBkDlLm@pCNZhBB`@ZTlCtBbG`@rBJjABfDNjAv@dBbBlC`A|CFp@Od@aAdAuADiD|EgAnFQ`@QzBi@vCUr@w@hAwDnHuAlHiB~HGfC^pKJpHWt@aCvDoCvFoDpGUz@AzDIlA_BfEAfC\vGErBY`Bs@fBQpBJpFlBdHD`A[p@iErEEn@d@hBnDhJ~AvFjA|CPN|Af@nNzGjDI`A]`@YnF\x@t@`Nte@tCnKp@`DrAlD~AxFd@~@fCzH|BhK~@jGvA|GzCvHjEdI~@hGbHvTNvAY~CPtBx@fFxA`HfBpGn@zAhBvBrGjJvBhFvBhDx@pD|CzH`JvXvDpO~@pGhAjEnBjDnAfFvC~Hh@fBrBxJjC~EM|@_BvBwDxB{ArAYr@OpDQd@i@b@m@`D@h@b@pBx@fC~MjYTn@Bx@eEnNhAjEWaAm@iAUAaCzDmFnK@nAhCfMTjEUjEWlB}@jAk@fBwCpM{@lFiBtNiAfGcBfF{DrMgN`VkChFoLpSaBvDeA~CGl@sMp`@a@r@iBjFiJfPaI|OsLz\aEnSoDpKXpAbDvCdBpE~@rA^LZx@E~AqA~H@x@vBfBvAv@xDnArBjAhD`DfAjBvBlGvD`NxBpEXDJ~@~BxCTr@@Lw@dB[lDq@hC\Zd@HQ@ANr@rAvEbGtQnXh@zA`@hFpBfIzGpMXhA?QKGJA|@bBD|@pAzA|HtPtC~DTJ?P[i@NFZ|@jCzDrCbKv@~DvAnFzGrJxBjCDf@E|BNhAdFhO_@pIq@lHH|@MtA?bAj@lEvB|IF^Cd@r@nC`AvKRrF^fDp@~B~AlBTf@qAlGULUr@@hAYlB]rFJfM|@hOObCo@dEO\[B@j@\`@Hf@[nGBr@PF?N}D`a@UnE[fV^fOKbLXjD?xAeBvCoCvIsBlLk@bIk@|CyApFiAbCuC~D_DxB,2,65.5,False,442.4,,,HQ
77,2,Afternoon Ride,53360.6,11194,13985,369.8,Ride,Ride,10.0,11824715655,2024-07-06T14:41:01Z,2024-07-06T15:41:01Z,(GMT+00:00) Europe/London,3600.0,,,,0,1,0,2,0,False,False,False,False,followers_only,False,,"[57.650161972269416, -3.3218535874038935]","[57.52572683617473, -3.8631199300289154]",4.767,10.38,,False,False,False,133.0,5.1,12611353338.0,12611353338,stripped_83004d14-84bc-4a92-9869-88a13112e64c-activity.fit,False,0,0,False,30351079,1,a11824715655,_~z~IxnhSl@lL}AlLuB|Iw@KiA{ABt@c@F?r@Wa@K^dAbEKdAXlDHlGKxB_@rAsA|j@aArKq@rBy@bAuEvDsCbLuEzJcMzRgEnDsEtFwCjJeDhEG|@XtEpCp^b@pGCtA}H`RgTvm@cBhDaLbNyBtEaGvJD|ArEpR^vDBzCo@~NSl\oBtF_InPeIvf@zDlLhKvWxKd[rSpi@rOvk@lVvx@jRzcAxIxQb@|AlAbN|Czw@cHzz@`Dh\~Jl}@TbKMle@fDbO`GnOhD`HjBxFrB`VfDfTj@xA~GxG`BfF\lDE~BqAtGU|D`DfCjC`@xE_CxHl@pIaArBy@bKkJtGqEfB@`Ap`@dRjpA~SxiAiHbSmNxq@u@zBqL`LoBdFoBjHH~@~@nBx@dDh@dENxDhCcB^}@KqAHhBUf@uChBIlEZjEhIxUZpFj@vDpXrzAN`DOpFyDr_@HbDh@fDjA~EfCzGbD`DjI`S`Cn@p@r@`GpMbBzEh@vIv@jC`CxBvBMvFhAdT|f@l@RzBmCrASzA_EfLjCgAzJaC|XaEjNeEbI~@xAbEbMtCzDxCrPfGlQlAnBoBrFyAvBUfCcA`CAzDo@tFuGz{@SBiDaFeAu@gBAsFl@iKoHoA{AkI_Go@LcF`DoJlBaFLa@d@rE~QrAbJxRtf@A`BuHnm@EzCtIbKbNfNzMjSjCbFtDpP|BxEnW~JPt@v@~N^zAv@nAbQ`JfEnCfLSbBv@jFnHp[pb@dK~YxFlT~@hMLxGcNhU_OhXcJjNe^jn@Xl[pGfn@\~Fa@rHCxKyEjTa@lFKzGf@tEw@|FD~MbJhgA|Iry@xA|W~GveBf@pEdExU|BzDfF`Lp@bGn@dSdFpVbCtg@jCjb@d@fUdDt`@rDxXT|Kh@bHfBjJzFnK`Nb]f@tBrAvKtDn]j@~FDrC[TuCzG_A|G^bAp@h@]v@pA~CEtAj@Jx@xClBjEnEpI|BpDrAfACT{DiF_@@iBkFiEyIcAeEHkAdBcH?fBdEbA`A}@t@PlBmAbHoBxDoDj@{AVoDStAaB_PLa@rCm@hEv@lOhLdSpLfBjDbHnRtG`AdCGrEqIr@c@vD`B~Cn@|b@jCjDdBfByAb@wArAiBzDaB`Ed@xAhD`BHpDgCfD_AbDoEPF\xARBpBcZf@}Eb@mARwD`@w@lBKlAiBzB^BbElBtDnAtAbUlF~DdC|CbEbFfNjCzCv@B~CmA`HBjBvAxCxDpDeAbBmChKwAnPyI|@_AvC{HrAmAZ@MSlR|C|BA,2,67.3,False,753.2,,,HQ
78,2,Distillery to Elgin,5000.0,960,960,0.0,Ride,Ride,10.0,11822022131,2024-07-06T12:44:00Z,2024-07-06T13:44:00Z,(GMT+00:00) Europe/London,3600.0,,,,0,0,0,1,0,False,False,True,True,only_me,False,,[],[],5.208,0.0,,False,False,False,,,,,,False,0,0,False,30351079,1,a11822022131,,2,,,,,,HQ
79,2,Bucky to Elgin part 2,18086.6,3583,3674,137.2,Ride,Ride,10.0,11821580946,2024-07-06T08:50:24Z,2024-07-06T09:50:24Z,(GMT+00:00) Europe/London,3600.0,,,,0,1,0,2,0,False,False,False,False,followers_only,False,,"[57.662745555862784, -3.1050853338092566]","[57.61114429682493, -3.2916435319930315]",5.048,11.42,,False,False,False,52.6,7.9,12608113142.0,12608113142,stripped_4b5bb57b-8fe8-4792-aa77-3e361d1c5a38-activity.fit,False,0,5,False,30351079,1,a11821580946,kf}~I|}}QRdGd@|H?`@p@xHE`@Yb@E|@On@?RLpAb@~CPpBP~B?nAGJIG}EaK_DmCeAeAYa@]y@w@kCq@yAg@iCQCcArD_AjCWtASrKBjAOnDC~CQbDk@jPg@vIe@zEu@rNA~@e@pFQvD\vl@CtGFvBvAjY@vEVdK?`GOdOW~Jc@lLaA`SYnHQfBEvCA|CF~E`@~M@fBOdMA|CD|AZvD`BdNPx@~DnJ`DlGtArDzBxEf@`BTvAf@nE`@bCbBlJj@rDFt@hA|GJ|@nC~PZbCl@jDf@zDTjAzAlJf@xEd@pHPdB^pGpAnKvBfOd@rCTlFl@jJlB`a@FbC^`Ff@rLlBxXPzAZxA~CnLh@lDJnEMjCS|B@`BF~@d@~CZjBXjADv@?|A[bEg@nCUz@g@bAIh@J^h@l@lAjB`A|Bf@jBFh@Tr@LbAPn@t@zA~ArEv@tEb@~A\v@pBfDn@xA^nAv@nBrArB`A`A|BnChGpIvBhCnAlBR|@NlEz@tKHt@JZDfBLhAR|@f@jAb@nAH\VpCp@tE?NRxAJ^EZPv@j@bFFhAd@zDLnBXnBL|Ab@vCb@dEXtAl@xFl@tD^~@fA~A`AhAhDbDPXdD|Cf@NKHCJa@U[nAQVy@i@K?m@p@_@j@CN?|ACd@MLe@NWd@y@dKEfBS~DMvGKbAKROv@_@hCI`A?`BHtBC\Q~AGT?h@WtAYxC]zAi@~AiBpE_AdFgA`D[^kAZeBx@o@`Ag@lAMnAOz@MxBDXXHp@Uz@iA`AaCVSF@Rj@b@d@@HG@JGDJGAEULACHBL`@d@l@rALNXFb@A\ZVd@Nh@RpAT|@RVNl@pAlC|BbE|ApBj@bAnCvB|@jAbBrAX\nD`DPT|@pBZR`@`BXlBb@hAb@fBDn@?vAP^@VGPCz@JlARn@Z^dA?JVRbB`@p@h@NHGl@wAfAwBxBk@zB@jHq@NMRANXPvAPb@lA`@V[JDV`ABp@`@zAAn@BPIFBJj@tAv@hCjClQ`@zDVdAz@pGDtH?ZQfANNvA_AlBs@pEsB`C{@rCuAlAc@d@_@tBeAbKgEd@IVYVJvCgAfF{ApAk@nCcBtGaF`DiCnBgAbA]`Fs@`EMbBQfCIlBXp@K`DPhBWt@Up@]t@s@`A{Az@oBBe@Wo@Gg@Rs@,2,73.6,False,263.6,,,HQ
80,2,Morning Ride,14129.1,2700,2743,48.2,Ride,Ride,,11921185852,2024-07-06T08:03:28Z,2024-07-06T09:03:28Z,(GMT+00:00) Europe/London,3600.0,,,,0,0,0,1,0,False,False,False,False,followers_only,False,,"[57.644650703296065, -2.940325029194355]","[57.662814958021045, -3.1040492467582226]",5.233,10.266,,True,False,True,111.7,6.2,12711211130.0,12711211130,garmin_ping_355876820146,False,0,0,False,30351079,1,a11921185852,}oy~Ilt}P}@|DQb@c@r@oH~JiAtAs@p@_CvAcDfBmAh@s@PK?WKgAeAMEKAKDa@VsBrBqAdAIJIFUDK?SGa@WsAcAQKQEI@QJmApASPk@Xa@Ha@Dw@@i@Ga@ISQSYo@}AKOMCSF_@Tu@j@{Az@e@PaBv@yBz@eBt@{Av@{EfBcAb@q@^e@LcC~@SJSPWh@Qr@oD`UQn@W^KDM?YOYUSa@{@{BUUKCI?WHsAdA_@\IXB@AR@RxA`LjGbe@bC|Tn@hGTrDf@tODfCXjF`@bDr@tGf@dD~ApMn@fE~@pF@b@CNMVyApBuGrJgAxAa@t@mB|EiDhJoFdNKJKDm@?YJUV]j@g@dAMd@O|@}D|VELMNG@e@IQFIFMXSp@_EfX[~B?d@Fp@vDzMt@hDD\?VSr@C^Hl@Lh@Tv@JHLAB@DJd@tB\lAnBdKtAhGf@lCZtBv@pIH|BAC?HL\?XDj@K|B@dAHlEPjBLr@VpBNv@P`@p@v@NVZpAFt@Ph@?PIPUZk@h@QJcBp@[NURGREz@CzBGjB?xAN|WFz@N`@DFH@j@EZBPLDJF\@vAEvDA|FBh@DRHJ`@LTRLVv@tBVz@z@zEPb@f@p@Tf@|@bDz@xDZ~@T\~@z@lAlAx@h@h@TVPNPPb@Hj@XbFPhBBfAC^Il@KXm@lAM^G`@Ej@?fAHrAJt@RbAzBzHxDlMn@nBh@rBbInXhGlSDX?LGZsBhEeEjJYb@MLMHM@OAe@SmBk@c@GYFgBt@mDbBkHbDi@XcElBo@b@QTOXY~@]tAg@pCGz@Cz@@vBTxFHrAV~APt@b@rAjA`CZ`@`BfBhD`Ep@hA\`AXlALx@TjCNzFHvFEz@Kb@a@jAUb@IFSBy@@c@AwADGBEFEVK`EExE@~@X~IB|GLfB^`CNvAn@lO?XATIPSJsEx@w@TcCz@m@Pc@J_AJEDCHKp@Cf@?fC@lAAlF@pOKzHBzCAdEBjACxBF~F?xICtBGbCDdI,2,49.1,False,132.7,129.1,151.0,HQ
81,2,Bucky to Elgin part 1 (sports watch died),14400.0,2820,2820,0.0,Ride,Ride,10.0,11821995472,2024-07-06T08:02:12Z,2024-07-06T09:02:12Z,(GMT+00:00) Europe/London,3600.0,,,,0,1,0,1,0,False,False,True,False,followers_only,False,,[],[],5.106,0.0,,False,False,False,,,,,,False,0,0,False,30351079,1,a11821995472,,2,,,,,,HQ
82,2,Afternoon Ride,11109.8,2557,2914,147.6,Ride,Ride,,11921184944,2024-07-05T16:31:35Z,2024-07-05T17:31:35Z,(GMT+00:00) Europe/London,3600.0,,,,0,0,0,1,0,False,False,False,False,followers_only,False,,"[57.69291487522423, -2.830756539478898]","[57.64449454843998, -2.9404062498360872]",4.345,9.412,,True,False,True,111.7,6.1,12711210268.0,12711210268,garmin_ping_355876820128,False,0,0,False,30351079,1,a11921184944,e`c_JlthPPzARhAHt@DfAA|@_@nF[xC}AvKEjAFnA~AhQ`Dp_@pBpTt@hJlDp`@dJjw@nBvOr@hHxBxPhBrOfCfRlCzNb@fBn@pBx@jBhGhMrCnFdAzBdB~Cr@lAfChFr@fB~CfK`CfHrAnEn@lBd@jBrAvG`AlG~Fr\|EnYlA~FdAnDrAxDdDfIrEnK~@bCp@vBf@vBd@hCv@|FzK~|@XlBLfABPB?@l@ZhClGvg@vIpt@pDdX`@jCxAlKFVLFf@Md@[z@o@PGN?NFLNv@pB\n@b@XP@LGJMRk@`AuG|BcNJ]TYVQf@YNEL?FC|Aq@|Ae@dAa@fDyArCuAXG`IcDxAu@pA_AJ@DDv@dBT`@PLVJvBDd@Eh@QTMVSnAoAVKHBvCjBXBNC^SDGVQdA_AnAqARQh@]H?JDx@x@d@TP@NC^KXKv@c@NO~D}BbBkAd@e@pIqLv@aAR_@J_@j@oC,2,69.2,False,176.8,117.9,131.0,HQ
83,2,Turriff to Cullen,43088.7,9600,12402,474.4,Ride,Ride,10.0,11815079914,2024-07-05T11:48:19Z,2024-07-05T12:48:19Z,(GMT+00:00) Europe/London,3600.0,,,,0,2,0,2,0,False,False,False,False,followers_only,False,,"[57.5374863948673, -2.462903307750821]","[57.69052184186876, -2.822533557191491]",4.488,10.914,,False,False,False,88.6,4.1,12601383762.0,12601383762,stripped_garmin_ping_352734849684,False,0,4,False,30351079,1,a11815079914,}ae~Iv~`NArGk@hC}@tA_KnJ}A`Dg@dDoAvTg@pAoFnGgI|FkRlPsF`IeCpF{DrDkItKwGdFaJ|FoGfAcPjJ}LtB{BXyAUkAy@uCgEiBMs@t@eFvLoBzC}CpAqA~BqDnCoAzBcBbBmDpCoDhBqBjBeH`EaHhHmAp@eBWYf@TxBM~@}@nAwAv@}LrAoPjHcJoEmE_HoA{@u@CmLtGi@o@cAmEm@SoYtTk@v@yBfHeEpC_EtEkHpCuNVsDiBsEpBeItBmOhAwHqCcGwD{@LiAdBkASoAoAyBByAu@uCxAuBZkA_AuEkJaDyCgEkAwDjCeDsAQi@CqDWo@uQqMi@y@UyCMwVcCgMoBcIoCaCkUuLuC{D}@kBSoBYub@QmAgVcCObAKvFa@tCoDzFwBvEcEdF_K~GyDzFkBfF_HhU}E`KwBzIaBrJqC`LqHbMe@w@i@{DaAkCkCoCsIoCeLm@iBi@qt@{e@mJwOyAyAk@Ne@hDGhEb@~TT`HhAbIp@tBtCvFpB~Hh@jEI|FyA`J{@bCsAnAuFOyDbAyCGGlAZhMwC|@qBlBwAnCQCw@sA]t@gBhLiAxL}GpAwCtFeBr@sEdEiDlBeBlEF|@t@h@l@fKjBbKf@~E^rG]|LJ`FSvGb@jCzB|WSrGq@tCeA~THzO[fGHr@d@dAd@pDJ`FgC{@_BdAoFb[Vv@g@jDgClE}DhVqB|DyEnMoFdF_DKaDaAeFn@}@r@wElIaADc@^[`BTfG[pCa@jC]xGPzCv@vC~AzBjDfDnBjFzB~D^jBnBpB~AzNS|EeApDTnHw@xIAdCfAvKjA`IlCxMlBjDrBjBtMbFtAP|K}@t@zpAyNjmCaBpk@iHdXyCrHoBzLgEdPC`Fe@fDf@|DEtCnBtGv@rBWtGk@lG?~Ki@fP{@hMwK~q@WtCfAzRhEtZ@tAqBdPB`Ek@p@b@rCGbB{@fAUrAw@bAwA`Eo@lGHt@pDHZ^oCzCeAh@@dCk@hC~Kp_@vLn_@dB~H|@`JT`IK~Iu@tNHfAdK|MNjB~@hEFbGVjAfUnStCpDxGtKjH|QzKz\hIpe@dAnEDjAcAlKSlHeCfCThDgEt_AyCzTc@RcJq@g@T{@~AcBtEsB~Lg@~A}C|HaElIqBnHuA^Yh@mAb`@i@jJk@l@qIjBqEbFzCde@uC|VEzBP`ChBdId@rDh@vc@iAjKqCtHm@zJ_CzHc@lGaApCBtAbArGFrDMtBg@f@mo@pK_EFk@bAqAjMg@vAkF~AkA}@qBfAoHpEmBjF,2,59.6,False,571.8,,,HQ
84,2,Auchnagatt to Turriff,28492.1,6234,9377,313.1,Ride,Ride,10.0,11813277085,2024-07-05T08:13:23Z,2024-07-05T09:13:23Z,(GMT+00:00) Europe/London,3600.0,,,,0,2,0,2,0,False,False,False,False,followers_only,False,,"[57.47704264707863, -2.128779189661145]","[57.53742998465896, -2.462326716631651]",4.57,10.372,,False,False,False,188.8,53.5,12599519543.0,12599519543,stripped_garmin_ping_352687549922,False,0,2,False,30351079,1,a11813277085,yfy}Ipb_LoBlBwBjBiCpCcJdIoAr@}CjAyDbAmB\cELaRgAcEKmE^eBZuBn@iFxCqBfBsCxCgG|HkCbCwDfCkCfAgAZuBd@}BRqF?{@IwMwCgCWsC@mCZ_NbDwFfAcBPoACiDk@wCaBoBaBgDqE}@{AsDeI{FaLkEeJoIyQgC_F}@cCyA}Cm@w@Mk@SQi@eAuCoEUVy@Bw@UVGZ`AZbDFnACZWbAGb@B@u@vCw@fEwAjGOjAmAjGuCbNUpAwA~Gq@~B[|AmHnj@UrA[l@a@\wMpGk@h@_@`AwDrMsCfJa@~AgBlF}CvKo@jCQnBu@~XSfDuCx^m@pH[rCGbABr@Ib@{A`UuBvUo@`Mo@hHc@nCcAxEy@nF}@vGs@zGQ|@e@jA]l@_CfGg@r@]E}ByBq@_@WLSZSd@Mt@GxDs@tKAxAJ~EClDQzCe@pDOrBWjRuE~h@o@pKO~Dk@pSg@vT_B|XM~HCbTZxEjAlLDdBIhAc@~C_AxN}@lJs@nQOrOKhD@|MPzPc@pVCph@BdCHrBh@pH`@|CLfBJdC@hEDjA`AzKvBjRJ|A?dAIdCyAvSi@pMKjA_@xA_H~S[jAIj@QdFAnBy@fQ{Ave@@|@R~@tE`M^pAtH|}@\bD~BfYPhAcCtSsApJK~AQjAk@xDeCzJ[lCEjBHdDPbCh@bEp@zH`@`Df@jFl@nFXtDvAlNZjDrBhR?\EVKJq@TiG|Cg@f@Gd@TpC?r@k@dMMhAQd@WXg@TuJrBsAt@MXE\d@tGpA~JvC`XJlBBxCJ`AbA`Fv@hEJ`AX|KYzJFxAXfB`@bBvIn[p@pE?\d@~FXdBr@bBJ`@`JlTvAzCn@t@~D~BnD`CdGnGv@bAl@vAfFvOh@fCfAdHb@bFx@tG`@dH@jCOnDLxHGtGJbEb@vHJfA\vBfB|Jv@hHJf@j@dBCVGLiB|AaAn@gB^SZ?d@|AlYA^GXuAf@WRsBdG]h@[Ck@s@_@W_@AuGxBSVIj@@r@r@lIxBzQ\lEz@dOd@bDp@rDl@nFFtC?dFBv@P~@h@pARrABtEAhHEtBk@hGaDnVa@jE}Ah[w@tRLxK@vHSnTg@bIAr@y@fHk@hJUhGUlDm@jGAt@{@rHy@xBOp@Z|G?l@U`@}@VILBRAr@d@|Il@vJNhB?hAg@zGCr@DNEr@LsE@Fm@mAv@GBBI@VZ,2,61.3,False,382.4,,,HQ
85,2,Aberdeen the Auchnagatt,46361.9,10159,13716,313.0,Ride,Ride,10.0,11813265568,2024-07-04T13:33:49Z,2024-07-04T14:33:49Z,(GMT+00:00) Europe/London,3600.0,,,,0,2,0,2,0,False,False,False,False,followers_only,False,,"[57.14789813384414, -2.0960910245776176]","[57.47655934654176, -2.128833085298538]",4.564,8.74,,False,False,False,134.7,17.3,12599507691.0,12599507691,stripped_garmin_ping_352687247558,False,0,3,False,30351079,1,a11813265568,{dy{I|zxKwBnAaJ`CkBfA_@z@s@jEWKKgC[k@iBbAPuAGcB]_AmDsBk@dAgAr@uFk@kHnAkFtBaGfE}G|BiHn@sOt@{P~E]^wAtMQzD{ClMiBjDiFrQKlAe@b@{D|I{FbKSx@vAhRrCfSlDdKd@lC^nF|@NHhAWfNs@rBoAbKiA~DoB|Xw@`Bi@rBq@`@mDi@qAZsCKYp@q@xEI|DpBpBXlB@xCzArFnAoAjBFv@[t@vAPbCGlBgATqAdBlBxEn@hFYxAIxCWdAe@p@Kz@p@pDSrCqE`X_A|BwFlJu@rB_BfQoA~EqB~BgBr@wDfESj[n@xIGvAk@nCQfCi@n@_ClAiAvA_EbKuB~DeCdDkDbCmAzAcGMcMcAM{@^cCKo@{@KsEqC?aJKk@e@Og@X}AbC{Br@u@tCk@h@y@XuAKsAr@}Aa@w@n@_BiKGgB}@iA}Am@mBoCuE_F_FHa@aA]SqB`@{Bi@_Ab@_Ek@mEFiBmBmE[mCoAmKmCw@Cm@ZiClCoEpHqBvEuBhI}E`IaCrGWfA?fA|BxDyGjViBnF]hCkA~DcA~@uGOsAa@CaB_@IkAvAh@lAE~C}AoBmDcBiSqRaIePiE}KuCqEqCmDeF{EqCoBiBk@cFaA{HJkWhG}x@dNeNnBiGGsH{BwYgM_FuCeKwHqP}S}CeDwDwBwE{@sFXeFzBcEfEkC`FiBjF_BtHsFpc@uC|JcExHuFxEmEbBsGD_H{BsB}AyBeCaDeFmBcEqC_IoBcHoD{TkC_KsCeHuAiCwB{CuC{C{FwDuFsAmEOeP|@wGa@mFwAqFuCaUcPuOaPoGmEucAi^}DmCyEkFkGwKyFaLqFyGaCkB{DoBkNkGg@Cw@q@_IoD}HmGwEeGeqAcqBaCqEwBqFaHqViBeFyBwE}D_GcFwEeGqCuHw@cJn@mEWmEgB{EqEiCuE_BeE_Jy`@sDyLgOgZy@wBc@i@Gg@wRc_@kHoLeCwCoCuBo@cAk@l@}@_A}E_BcG]gIz@iFbB{HjGiLvLgGpHyBvD}CjHoHhWkBnFeDzGgDtE}NdMkI`Gow@za@ShAgBt@aNpP_ObKyDlBaFn@iGs@}EqCmIcK}EyDaHeCeGY_Ef@mE~BiKxCgQH_MbBuIlDcDzBwVrMuFbAiI@aEk@eHkCiDyBuIcIkIcGuP}KcFuBwFq@kG`@wEbBkJ|FyDt@gDC{GuBkDyCcEeF}CqBT@HFcFiB}FQaF|Am]hQqSpDmC`AaFzCgDrC[x@WhBg@x@iBQmAbAiq@p{@,2,54.0,False,548.7,,,HQ
86,2,Evening Ride,8937.2,1689,3477,40.3,Ride,Ride,10.0,11801019238,2024-07-03T17:56:34Z,2024-07-03T18:56:34Z,(GMT+00:00) Europe/London,3600.0,,,,7,0,0,1,0,False,False,False,True,only_me,False,,"[55.959179643541574, -3.212772337719798]","[55.95918199047446, -3.2128181867301464]",5.291,11.056,,False,False,False,50.8,19.0,12586855864.0,12586855864,stripped_ac2c85e1-fb79-46e0-b597-d0f242d3d422-activity.fit,False,3,0,False,30351079,1,a11801019238,mnptIf`rRFq@Jg@R_@d@o@Tc@x@gA^qA?SEO}@s@aCeCc@m@qAoAUa@Ww@I]OuBUsBKkBIu@IyA_@wEAg@O_B[mC@WGm@E{@OkAGcA}AeJAc@BODIlAo@FWEqAB_@Pw@@_@Iw@Yw@Iy@EG[IQBs@d@a@Nd@QaHjDe@ZUJw@fAqBhBWZeBz@ONkAd@m@\]L}@f@a@JYR_@HUNgAZQLYD}@VwAXcAd@SDk@TwCv@_A\]NWPI?]J]F[N_@Dc@TI@w@Xw@LaA`@}A`@k@Tw@Ry@X{@TsAb@]Pk@Hu@FMF?b@NV\xARj@JPlAfHJZPbATdBDx@h@vEJbDNzBH~ANvGC^PpBJlC?d@HtAJdANnD?lBHzDLhCFfC\fINpFHdABbBP~CPbFFn@F~AHj@@n@NpBJzBLnDAdANrCBr@LzBX`CHfEH^NlBB`ALlBBlCVdDFfCXhFL|CJdATxA?TD\r@vCx@rCZr@rAlCZ^VTnAbBLFFFx@l@^f@p@PTLh@J^NRDd@LXDPFZF\NZRJBr@n@zBhBv@d@h@Vv@n@TJ^?\SRERBRJPTjA`Ab@d@d@Xf@`@|BfCp@f@F?r@d@z@t@dCdAzA`@lAXj@JtBTbBGDALcA?eBLeAA_AJk@@w@GWc@y@QU[QCEESIu@a@mACSCsAGEG@OCOEOM?I?FzGrDAJ@N@DFDFQFATQPCRKzAk@NCH?FBPZZdADFNBLGBG@IEwF@aCKyEq@aI]cD[iEq@{GIyAMmAS{CGyAi@uE[gDOy@Y}Be@gF]wCMuA[gBg@kIe@{EKiBGq@I}A]qEg@aHa@}D@kAFm@VaG,2,67.6,False,114.1,,,HQ
87,2,Evening Run,4008.3,1271,1329,37.1,Run,Run,0.0,11784389525,2024-07-01T18:22:49Z,2024-07-01T19:22:49Z,(GMT+00:00) Europe/London,3600.0,,,,0,1,0,2,0,False,False,False,False,followers_only,False,,"[55.98013473674655, -3.216849798336625]","[55.95860229805112, -3.22627667337656]",3.154,5.598,,False,False,False,46.0,8.7,12569734670.0,12569734670,stripped_115af830-0461-4e6b-9d28-5f1c84b430cd-activity.fit,False,0,0,False,30351079,1,a11784389525,srttIvwsREh@SnAKhAe@vCY|BOh@Mv@OvAKzAQj@Kt@DLLFBb@DFH@L?DBj@FF@NNDLBZCr@@PDXNTPf@FFRD\In@Gb@INORa@Ps@FIFIZKZAB@ZEf@Kb@QN?\HJ?NIRCr@UTQf@CtF{AT?n@Gv@B^LXPh@~@Jb@^jCXt@l@t@zAzAd@r@Ln@Nd@d@dBRdARvAH|AHl@RrECf@H`ANlD@f@RlD?`@P|DHlCJbBDtALxBLlDHnANl@DTLfDBFHHLCf@YnBu@d@WvEsBf@Ot@[ZSfA]ZSRUTm@B]@i@Ee@?BT?D@DFHf@VX^JNERWf@_@RUhBeAfA}@TWn@Y~CuBp@i@TKnAy@rBkA^YPUj@g@`@Wn@Yj@a@VYd@YV]b@EJIHMEIR[VQf@o@v@kAp@mAf@e@fAkBFS?MW}@?GDIHIHBRlAHH`AoBLK^MJK,2,,,,,,HQ
88,2,Evening Run,4363.3,1335,1394,11.9,Run,Run,0.0,11784001036,2024-07-01T17:37:15Z,2024-07-01T18:37:15Z,(GMT+00:00) Europe/London,3600.0,,,,10,1,0,2,0,False,False,False,False,followers_only,False,,"[55.9591022785753, -3.212621547281742]","[55.98013867624104, -3.2167445216327906]",3.268,6.774,,False,False,False,25.1,10.3,12569336765.0,12569336765,stripped_6b560f04-2c3d-442b-ac79-359c7e2f35a9-activity.fit,False,10,0,False,30351079,1,a11784001036,cnptI~~qRD]Pa@l@m@l@uAHGf@w@VcAAOCKm@a@]_@UI[e@kAcAGMo@o@}@gAc@w@M[SoCa@wDEy@WwCK{BKw@GuAOkAWmDAMED@BAM@FEMBa@IkA_@}CSmAMQD@AIIq@_@oBEYBo@FYJMl@c@JWFm@@y@VgAAk@Ga@_@iAEe@EKIIQ?g@T[FO@}@IaEzDH@@ZELIHWBMBYTi@V]\u@f@c@f@]ZuAx@OLmA^y@b@]TUJQL{Ar@o@F[Ri@Rg@Da@V]NQNM?m@VQAIBe@Vg@LQJ]DQFW?SJc@Jc@X{@Jg@VQBCK@@G@Y^OH]DOFc@JULaB`@WBs@d@OBc@Bm@P]RQF[@WJk@NY@g@`@UFGF]BQF]Tc@HYJQBY@YAWDi@RSRc@ROH]Fg@Te@Bk@^WK?GMMS_@p@t@uFnB]Re@FWJGFi@Bc@R[DSNi@P?Ae@Ts@FWL{@r@k@t@e@x@C]Gl@_@|@YzAGNo@l@O`@Y|AK`@Kb@K|DMrCS`GGhE[~NBz@JdAVdA,2,,,,,,HQ
89,2,Evening Ride,3862.1,852,920,7.5,Ride,Ride,,11781224987,2024-06-30T18:55:56Z,2024-06-30T19:55:56Z,(GMT+00:00) Europe/London,3600.0,,,,2,1,0,1,0,False,False,False,False,followers_only,False,,"[55.93086146749556, -3.209860548377037]","[55.95929522998631, -3.2128076255321503]",4.533,9.582,,False,False,False,104.7,20.9,12566483233.0,12566483233,stripped_garmin_ping_351737966132,False,2,0,False,30351079,1,a11781224987,miktIr~qRkDRKA}ADQDDG?B@ICI[GsACe@BiB?k@AKCYYIKY_AmAuCAIQg@Qa@MU]cAqAcC]e@Q[e@s@a@oAO]U[EWY]_@o@Y[qCgByAe@y@_@wA_A_Ag@QGi@i@[UoBUsAC[C[?iAZ_@@}@VUDe@?_B\y@n@SXc@XO@s@x@Wd@NCJFA?IRE@B@@AO^QVG?cA^iAREEm@T{A\wCbAu@N}@Z@IB@KBs@\uAb@sBd@{@\KAUKe@JQT]VQTEJB@GBQRBrCIp@qAhDIHGNWt@u@jBA?Kj@?LC^]vAi@jCOf@EDCNe@pBYxA_@bAKPi@j@}AfA}BfBiAbAyBtAu@l@W`@]x@Qf@SlAENMRM@IMWiA]y@Ma@gD}GS[c@e@w@g@IC]EQOUs@WsA,2,36.9,False,31.4,,,HQ
90,2,Afternoon Ride,6662.7,1694,1745,71.6,Ride,Ride,,11776767229,2024-06-30T16:20:00Z,2024-06-30T17:20:00Z,(GMT+00:00) Europe/London,3600.0,,,,0,0,0,1,0,False,False,False,False,followers_only,False,,"[55.949021112173796, -3.1024827528744936]","[55.94056301750243, -3.1829331815242767]",3.933,6.676,,False,False,False,83.7,18.0,12561859568.0,12561859568,stripped_garmin_ping_351559051612,False,0,0,False,30351079,1,a11776767229,idntId{|QRGZCFELADG\M\?^En@MJI@G@BRCj@O`@EXGN?z@OnBi@FDBDBVDjCBfABHBMIw@@GDEd@r@b@Vb@Dv@RbANx@MxBy@jA]|@Kd@UJHr@hB^h@FBDAZb@N`@BHAV@Ma@cAOUGBENNrB?f@Cb@GfEZxFFjCAjCOrFBfDJjBd@rDJbB?h@OlBAl@D|DDx@^zC^x@FDR@AA@b@LVLb@^xC@p@GjABn@J|@Tx@Tb@`@h@~@v@XZp@hAXl@FFd@DXLh@`@NPT^Pb@Tr@Nj@J`BFzBEzAOdCPfCHvCD`@Rt@DZVlDt@~G\tGJbDIfEBfAFxAEbEKvDFzI?hEB~AGjFDzA?zGCb@StAKpBIlGBdARpDBtBBDHADFHV?LUzBMpBQ|@IfAo@tG[zDo@zGIt@KlAMdAWnCOfAKzAm@dEChBq@vIOnCKhAOdCAv@M`BObF?b@AdASxCBFAf@Q~AcAhIc@vBy@dGm@zCaIlk@?\ETIr@c@vB?TFb@E`@Kd@e@rAKPGPG^?^Gf@WhAa@bCW`AUnAE^@NFVb@bAt@zATp@p@~@F@JIh@aA@AB@NlA`@xBj@jE,2,59.8,False,101.4,,,HQ
91,2,Afternoon Ride,6822.6,2142,3159,9.2,Ride,Ride,,11775652500,2024-06-30T13:31:30Z,2024-06-30T14:31:30Z,(GMT+00:00) Europe/London,3600.0,,,,1,1,0,1,0,False,False,False,False,followers_only,False,,"[55.95911401323974, -3.2117267791181803]","[55.95838042907417, -3.1187593191862106]",3.185,8.258,,False,False,False,25.1,3.3,12560713303.0,12560713303,stripped_garmin_ping_351533243212,False,0,0,False,30351079,1,a11775652500,_lptIh{qRPSLGbA{AHSLq@@AX\@Ae@Y@c@IO}@u@c@UYUoCwCOYk@w@Yu@Ga@KiA]qCYgDYqFi@qFWuBGOD@@m@IeB[aCsAkHUu@OQm@Y[Y[_@_AcBKKAEMIABI??CMBMABEBLD@G?ACDGDUAWIOEYYe@GAQN]v@cArAw@|@cAx@OPwBfA{@h@o@Vm@PGBKPDDCB_A`@{@BSA_@KWSa@U_@a@U_@a@i@s@kBs@}Am@gAa@{@{@wA?QC@OKAKBDDACD@?AC?DCC?BAA?BD?CA?C@?BGA@?ADDA?@DEEBFGEB@@D?IAAD@CIGG_@{@_A{Ae@{@sAyCi@qAeB{Cu@kBeAmBi@eA_@o@_@c@q@iCo@uA[w@y@yCy@kEEc@I_@?QC_@YcAEs@Y{BG_AUuA?m@Es@Ow@_@{COi@Ec@EO]qCIc@Us@OgAWu@m@sCw@kBQk@}A}CWaBq@qCSo@Mw@Qc@?e@Ew@Ay@WiBIy@QaAKuA_@mB@e@Fa@f@aCXaAbA}A^a@P]bAu@FGBIeA_Dc@iAS]qAoA[a@OK@IBFE@QIWWs@Uu@[eASWA_AYc@DWPe@Bw@d@SFKC[a@UDOvCs@`FAl@Sj@e@zDWxAi@xBo@xBe@nAiB~D@DDFUf@CFMDMAEC{@mB]k@[YYMe@M_@LOHi@h@Ot@?`@ABBBCBDDC?@FEOLk@Zw@\m@d@_@NCR@JEPUBZRf@j@~@Vf@LNFBH@NE|@_BxAsCXu@\mAp@qBb@eBLgA?e@PsBl@_FN_BNoCD_@B@DBN^T\PL`@Gd@YB?JC@CDBHCJMLYPOF@HDP?RH^VHCFBFAJJTB~yAilGhBgDnAgClAyBXq@vBqEhDuGvAuC,2,42.9,False,91.9,,,HQ
92,2,Walk,14000.0,10800,10800,0.0,Walk,Walk,,11770045509,2024-06-29T17:10:16Z,2024-06-29T18:10:16Z,(GMT+00:00) Europe/London,3600.0,,,,0,0,0,1,0,False,False,True,True,only_me,False,,[],[],1.296,0.0,,False,False,False,,,,,,False,0,0,False,30351079,1,a11770045509,,2,,,,,,HQ
93,2,Walk of the day,26000.0,14400,14400,0.0,Walk,Walk,,11762720335,2024-06-28T08:32:11Z,2024-06-28T09:32:11Z,(GMT+00:00) Europe/London,3600.0,,,,0,0,0,1,0,False,False,True,True,only_me,False,,[],[],1.806,0.0,,False,False,False,,,,,,False,0,0,False,30351079,1,a11762720335,,2,,,,,,HQ
94,2,Afternoon Ride,21466.0,3994,4559,9.0,Ride,Ride,,11753647645,2024-06-27T16:00:02Z,2024-06-27T17:00:02Z,(GMT+00:00) Europe/London,3600.0,,,,10,2,0,1,0,False,False,False,False,followers_only,False,,"[55.90744310058653, -3.4228260163217783]","[55.958973029628396, -3.2236059475690126]",5.375,9.146,,False,False,False,123.6,21.0,12537965383.0,12537965383,stripped_garmin_ping_350859271355,False,6,0,False,30351079,1,a11753647645,emftIni{SAk@[aD[oBWwDK[WFOZCf@^lCZ~DXlHCbLId@u@`@oPxFYE[cAUEqH`DGP?`@ZtIMt@yNrH{Ap@g@FyDC_E]Uc@{AoIyA_K{AiMoA_JkDwRKQOCwCpBoAT[ZJF@MYsBu@iDy@sCoCwHaBgDkBmDK_Be@kBYcCOsC@cERgEVoCd@uAtAgCrAsCjAeDP}@^kEXgJHiGCwBP_EZsAK_@?oATuC@oGXsCCyAFoDQcEBiBGkBLe@Y_L_@yCiB_POoDB}BVmCFkHZaH?eEMkGM_C{@gFc@_@]q@k@eBE[LqBbAsEHgBa@cJI{HuAs]W{C_AcHU}CSyKKcM?wELmDTyBVeAj@aBt@yA~O_S~BoDzBsCb@[rAyClBaDpAwCXsArAkJ~@}HXqDjAyJTaACOv@iJDmBUiCgA_Gi@qGc@uK@gCPuDEeCq@wHwA{Ua@sDk@mHm@qB}AcJAuAFs@A_@Eg@KW_@}D{@aOo@wIo@qH_AkIY_Fi@oAQgAs@eJAs@Kc@GgC[wESuAKiBS}EC}CR_Br@gBRY|BcBh@UhAsAhAg@lDgCtHwEp@k@d@m@xAkD`@oBBc@C_BL_ABaF[{IGaKe@uL_@cF?uBSm@m@wEe@mEGiAJyBIgACgKKeBBuDNwC`@cENiAWyH@yCEkBCc@Sm@a@yBO_Ce@aCeB}Ce@_CIkAO[Im@EgDPkKGsBY{DU{Ac@mEGyAk@cEc@sFCmCJqBCoARiDA{B{AwIU}@i@gDo@kBmA{B_@_Ay@{Fs@eDwA}D}L{Y_@iAMm@S{ACw@ZsGt@kEJoATuJCuAOuAe@yB{AsCYeAa@cCc@}Eq@qDc@_B}C{ImCeLK}@a@gBuAcEi@aAsHuK{B_CsDaCy@_AuAm@cDoC_FwEw@oAWOe@{@g@i@{BsAwCs@kBqAg@s@Ma@_CmDgAyBeAsDkAcDOQo@eCQYo@eDkBmHy@sBiBsG[eBe@oAmCqLyBqHcBeEi@Hu@~@SECLc@V[p@aBlAqAnA[Nu@Qk@DQT_@jAOR}@~@[RDIEIQ^WjAGv@EdNQEJxA?|BItEEh@BNERc@B[Yi@oBO}@]y@KCs@`AoCjF{@vAk@p@m@hA_@j@YAyBoF{FaPkBiEe@mBPa@IESZ}@fE_@v@eExCsFjEmAlAm@lA_@lCi@^KzAMZgDb@McFQc@{JfGkE~CIj@B`BNrANf@NfB,2,48.9,False,195.1,,,HQ
95,2,Afternoon Walk,3428.3,3387,4299,26.5,Walk,Walk,,11753641604,2024-06-27T14:36:41Z,2024-06-27T15:36:41Z,(GMT+00:00) Europe/London,3600.0,,,,0,1,0,1,0,False,False,False,False,followers_only,False,,"[55.90729692019522, -3.4237336926162243]","[55.90709466487169, -3.4243977908045053]",1.012,3.962,56.4,False,False,False,126.8,110.0,12537959296.0,12537959296,stripped_garmin_ping_350859137623,False,0,0,False,30351079,1,a11753641604,ygftIbv|SIRUP?BDBXQd@FTRJb@?\B\Gb@ILCP@\CLBLF@RKHLH@DIDSJQ?YGQ@QD[Rm@H_@@e@Ce@?]Lc@?ODIDa@DOL?HDFPF?G?CGBEAGSWG[CYBSDKB@EC@GG?OLIEOe@Ie@KOCMe@qAS]?KKg@E{@I_@F{@Cq@DWJUAG@QFSJGNQJa@LYVU^k@LKZMNATFFAFBHCJ@HKF@XORAFILKBO?b@HXLPNDBBAANAf@ADCTAFETAFGJA\FPJJBPNJPAFBAFHTv@BC@@?MQs@D[FMRKXg@D]?g@Jv@B@RMDc@Cg@Fc@NWTIJML]LC@FCB?OZ}@Dw@GMKg@]SMCIGAFE?Yh@KX?DB?JM?H@C@?G@CGHFAC@BC?EHBE@BDA@DB?BGAEC@?AG@EHB?BOAEIJC@MVc@rCIDQAOG?CMIEIIi@BaAOSES?a@EU?K@WHOLs@JKp@oB?UOq@BEADDNBCFi@Bg@Oy@Qk@SUQ[IECFCTE_@EKIEC?QJ@VAZUr@ARCD?]F]JYBUC]Ku@KCCEUG]AOA]BACI?GBAFBRAMGCUH]DUGMMOU_@eAOOa@IOMGWIUUcAIOOKs@CSUKIWAAA]BMI@E?B?CFDAECNBd@AbA@bAAAAPAt@Fx@CpBCFKJWJKJaA|AO\Qp@O`AWjACXBhAJvADN@^?@@ABR@v@BNHHLCJ@ABOAQ@IR?|AFdAAXB\HJF@BMFODm@EW?GDKCCEYCEEM?EBD@ECQ@EAAC@EMJd@EGs@@DBRh@J?LGF?DAHYB]EE@MDUFED?BFDTH@DQ?SMFEX?MAEEBG?EJErAK^,2,,,,,,HQ
96,2,Afternoon Ride,19669.3,4672,6753,137.3,Ride,Ride,,11752510755,2024-06-27T12:40:42Z,2024-06-27T13:40:42Z,(GMT+00:00) Europe/London,3600.0,,,,2,1,0,1,0,False,False,False,False,followers_only,False,,"[55.95899809151888, -3.2128378842025995]","[55.907533541321754, -3.423061966896057]",4.21,8.664,,False,False,False,128.8,21.8,12536794766.0,12536794766,stripped_garmin_ping_350830887586,False,2,0,False,30351079,1,a11752510755,qeptItvrRZMlAx@h@h@zB~D@`@NLV~@vA|Bxa@sTtEfMLCnC{D`@aAH[CC@F^PWQFHBWN@PUv@~BTRTI`@{@ZMnABp@\?MJCtB@tA]VsCGZe@|@Kv@A^^dC^b@d@Ln@[f@mAd@_@v@XpCaEf@qAX{@r@y@DPJFdA}Ch@kAr@eAL@p@jB\~Av@dCp@rAl@fDdBlGR`@d@`Bz@jEp@dC`@rARXr@dCfC|Jj@hAh@x@rB~BnB|A|EnBfBbBt@z@d@TN`@lApAhF~E~B`BzAn@~@jAvCjBpAhAhApAfFpHbBxCp@tBlE|QpEjNp@dDx@`In@bC~AbDb@dCHhA?tBW~IQrAm@zCGr@AjAWfDBv@RrAn@nBx@bBzGlPdCtFn@jBz@|Cp@nE`@bBxA`D~@pCJGf@fDVtBh@pCRdBHdBOvHRt@OpBBdDHlBHrAn@hD@~@nA`KThCHrC@pAKbDWbEFrBDPLPTl@^fCRr@`@b@Vn@TVPh@Ie@HIFXOVHBHv@LlCLjAPdA\v@HpBAnFFfGMrBa@dDIvBAtEH|B?zILpAEnAHxAlA~KNf@JhA@fBTrEb@vL?nH\zICxGM~@DfAQbBi@nBoAhC}@bA{HzFmHhEGHWr@_D~Bc@h@c@fAO~@G`Ad@fLZhCZfF?fA~@jKb@pCTp@LjCVzAr@lHf@`Gr@lKbBvWTpABz@t@zDXxB`@jBTn@TfC~Bx^fAdMSxFGtCb@|Hn@pHrAfHPpB@dA]lFi@dDAt@c@zC_Dh[s@vFg@tBo@vAcEvGSx@]N_@l@}BnBmAfBmCxCa@t@uC|CsArBmDxEcAjBc@|Aa@`CWxGAjDb@`ZXxDbAhHRjCXhI`AdTFpH`@zHIxB}@~DOvBt@pCxAR|@qAVSbBu@RBHRh@tEjA`I~@zE^fCjDnY?~Ao@nHKvCDnBP|An@nCdBvDnBbDvDjEh@`@|AlBtDdGxEhFjE~DnAjBCBRj@pAbCtArDvL`^TlAR`CHZ`C\p[~ATPCCFMpAIxGmB~Ig@dCARJBVCd@cA|IMfDh@pWXfLN~Cn@jFbApFEf@o@|@YtAAxBJlDU\u@PsDWBJ@MC?GHFBMFgA@mAb@k@p@a@x@q@fDa@jAM@w@f@aBN_@Yo@aBAYWgASwA[eHWsAYy@_@i@_@U}@CyBS]NkAtBcAbF`@rD,2,54.4,False,254.2,,,HQ
97,2,Morning Run,4001.9,1307,1511,25.2,Run,Run,,11749942298,2024-06-27T06:47:19Z,2024-06-27T07:47:19Z,(GMT+00:00) Europe/London,3600.0,,,,9,1,0,1,0,False,False,False,False,followers_only,False,,"[55.959297409281135, -3.2119926530867815]","[55.96131317317486, -3.2144608721137047]",3.062,4.848,86.8,False,False,False,34.2,15.5,12534145603.0,12534145603,stripped_garmin_ping_350762651408,False,9,0,False,30351079,1,a11749942298,qmptIr|qR?IDGXOV_@DWMeA]y@Qk@EGOAo@?w@XGEWFs@`@[r@Kz@Cb@IZO\Qf@Ov@AXDJPHTDDDL?D@@H@PM\[\GEG@oAnAWNQTaAn@_@FiAI_@a@KUI}@c@cACCQoEDwAOwBS{ADoA?_@Bq@Ca@Ai@I[?YBQQoAEy@BmAAo@@M@gAAWBaAEgADk@Ec@DIRU@GKkAJsAMiA?QUoB@g@Bc@JYNeA@JKb@GxAEd@Cn@B^UdB?`@Cv@R`A@ZCFIDIPESM[KIKQQMMBGIKYUiAa@w@_@]MQ]kAKUEAC@u@h@CTDj@ThAh@|AVf@@P^`BD`@H`@BZJVLjBHl@H`@VhCB`@Aj@@fAJ|ADT@rAJdAJtB@|BBh@D^GjBB`AA^PFHVE~BUPOROb@_@P_CxAw@bAS`@SRQDkALcAp@YJs@d@SV[Lq@f@ULOb@E\?RFj@d@hCVnB\rBXx@PlAB^b@fCJn@Zp@Ld@r@vD^lCNh@HLZj@HD`@L`@BPCXMn@c@f@ULEf@WJKLUHId@CPGTKp@k@ZObAm@VU\KROHIPc@Js@?aAGyB,2,,,,,,HQ
98,2,Run,7100.0,17260,17260,0.0,Run,Run,0.0,11750043650,2024-06-26T17:42:56Z,2024-06-26T18:42:56Z,(GMT+00:00) Europe/London,3600.0,,,,0,1,0,1,0,False,False,True,False,followers_only,False,,[],[],0.411,0.0,,False,False,False,,,,,,False,0,0,False,30351079,1,a11750043650,,2,,,,,,HQ
99,2,Afternoon Ride,18153.2,3893,4925,13.9,Ride,Ride,,11604111633,2024-06-08T13:11:40Z,2024-06-08T14:11:40Z,(GMT+00:00) Europe/London,3600.0,,,,0,1,0,1,0,False,False,False,False,followers_only,False,,"[55.86145377717912, -3.333377195522189]","[55.959078557789326, -3.21283545345068]",4.663,10.748,,False,False,False,265.2,20.6,12384072666.0,12384072666,stripped_garmin_ping_346349912731,False,0,0,False,30351079,1,a11604111633,ov}sI~}iSeGx@i@UkAqAs@e@{@S{@F_@TmAzAuDfGsDlAsAHcDQq@Sg@q@yAkDyAeAa@?kBt@_GxCwBtAiFfCaKhG}BhAqA`AiMvHkBdAgCdAeBGsIqCe@q@u@{BS_@m@e@m@SmE`Aa@X[d@WjACrAHbDAz@GFqCs@mBaAQo@MDyAu@YgA_AqAUo@q@qC}@eCw@uEEm@@mBR{EU{Cg@}B_AeCo@yBw@sI?c@MCs@qEs@qCw@aCQ_ACkBFoBYoFSgCiB}Mg@oBmB}EWyAMcDTeMC{AQyA[oAaAaBaAyB}CuFs@_BwAsDo@sCa@}C_@uAIs@K}CDoBAiDGw@}@aF{@kFaBiG}BkKSmCCaHKeBY_Bu@{BwHaPg@yAcAsEaDmEu@{BYiEc@sDq@}Cu@eBm@gBa@{Aa@gE}@iF]gAOcAa@wAmAeBqBmEe@uBQgBF{DRq@`@q@FcAg@uBc@qDs@aDWg@oBmAe@Gm@LMSa@{Ae@g@o@kAIHHHGJI?CUJ_CA{ALeBPoGBwDTsBD}@?kCm@}Ob@kHNqANg@KeB@kFSwB_@sAkBaCs@gAk@g@}BwEe@yA]s@q@gAm@i@yHzAU~@g@p@oFrDwB|@mBLyC{AoAy@{@eAg@kBIaBSuA_AwDWm@eDqF}AsB]SwAKoAl@s@l@cCxDaAx@o@ZgABmAb@eAQOOELDJTLDMC[{BgEg@yA}@kFyAuFiF{MUWo@gC_AaBm@cBqAwBm@qCSiCd@cHz@}E\cJAeBIcAq@qDgBeDm@oDk@wF{@_EiD{JaBwF_AuEGy@OUKq@y@oCo@wAiB}C_FoHq@k@U_@iGyE_@e@_Aa@qA}@mD_DcBoBkAiA]g@MA_D}CkAi@_Ck@cAk@wAuAa@m@GQ@o@u@e@cBmBwAqD}BiIC[k@sAq@yBe@cDq@yCmAqDaBuHiA}DsDsNs@}Co@sBkAiB_@CSP]x@YZ?TQTOl@YXk@Ac@TSJs@dAw@`@}@Um@PU\i@dBk@b@?Bh@y@Nm@B@Ux@iA~@[l@SpAKpDBrIMBHEID@vCOfGAlAFFGDJTc@Gc@s@mA{DUe@UQeBuFIFyE`IW?_AyCE?{@cDa@kAcAsBuDeK_@s@SEmBjIeAlGoNfK_AjAc@`BMnAWF_CiEoDuHoA_A]@UW{A_HoCkNIAON@TEAAR,2,34.6,False,134.9,,,HQ
100,2,Morning Ride,16118.3,4422,5337,210.7,Ride,Ride,,11604101760,2024-06-08T09:00:39Z,2024-06-08T10:00:39Z,(GMT+00:00) Europe/London,3600.0,,,,0,2,0,1,0,False,False,False,False,followers_only,False,,"[55.9513106290251, -3.2110914308577776]","[55.860948683694005, -3.3335314225405455]",3.645,8.35,,False,False,False,265.2,64.6,12384062606.0,12384062606,stripped_garmin_ping_346349709148,False,0,0,False,30351079,1,a11604101760,evntIpqrRZp@VZb@hAbBnFF^DBZGr@}@nC}E@CECPKPEVNT`@\hA^RP_@AkDEaAAsEGcB@u@FYj@_@nBXZYH[B]dBq@L]^_Bf@u@h@K|@Tf@QjAw@jBy@EWLRDEP{@FDn@Q^]l@s@\Od@CLZl@xCfBlHJ|AV|APz@C?FG?EAFD?IABA\jAfAjEZv@Dp@Nv@|@xCn@lCjArD`ChJZ^?\LZfCnJl@dBt@hB~@lApDbD~@n@lBv@jBhAjCpC`@LXn@jAtArErEtCfB|@LBh@HFhFrDpBzBhHrKt@|A`@hAv@`DP^Ff@|BnJp@bC|ClJt@jDl@~FXjBXlA|A`DRr@RtALnB?|@QrHIhBu@nDSfB@n@UxDRhBj@pBbBlDbD`ILr@Xj@nEpKnAfEjAtG`B|DLvAr@d@j@D|@Uj@HdAKx@i@Z_@JWb@k@b@eAhAiBl@e@^KfBDj@NRTlFzGlAtDb@fFXnAj@hA^d@dA`AzAdArAh@`AEjDyAtAcAf@Q`@_@~@i@T]j@kA`ByB^QzCjAnCf@@`@\|ArAbExB`DtAxAj@~@b@fB`@tBBd@IfCBhAU`@Kf@MhBHb@Bjd@QjHc@fGFxBZj@\\DPZNf@t@X|Af@E~@Nx@f@p@|@v@tD^fDb@hALj@Gf@{@~@EVH`DZ`CT|@|@xB`AdDf@~B`AhD`ArEZrC\vAhCfHpBhMNjBn@vBhC~Er@nDfAtClF`Kl@xAn@nBXlBJxAFrACt@D`CRvDX|AhBfIpAdFZ`BV~B?U@f@VzBZ~APvBD|BHp@?l@BEGBE^@bCHvANz@jAdEhBfFpBvE`DjFb@bAl@`AHRh@|BPrEKlFCrEF~BLlAPn@jBjFh@lCj@xD|@tI@nAEjENjCb@zBfArCj@zBjApI`A`GbBlEf@fCHt@DzBYtE?z@BpBVbChAnC`A`EpAnCVv@v@p@p@TTGDLhCrAnB`@DGB]CcC@}ANkAXy@x@s@bDs@d@Af@Nz@v@Vf@d@`BVb@^ZxCx@tDnA|AA|Am@zGcEjH}DlDaCzD}BzCuAxJqFxCuAdC_BpCcA^?lAr@n@hAx@hBb@h@x@PLH@FtCLxAUlC_ArFwIPS^SnA@r@Ln@b@rArAh@ThFy@xCN,2,62.2,False,275.1,,,HQ
101,2,Morning Walk,20132.4,14542,15830,837.4,Walk,Walk,,11555658909,2024-06-02T08:15:53Z,2024-06-02T09:15:53Z,(GMT+00:00) Europe/London,3600.0,,,,0,2,0,1,0,False,False,False,False,followers_only,False,,"[54.452128037810326, -3.0134471599012613]","[54.457536209374666, -3.019375177100301]",1.384,4.992,65.9,False,False,False,334.3,56.6,12334276086.0,12334276086,stripped_garmin_ping_344881407873,False,0,0,False,30351079,1,a11555658909,{djkIdbkQZ_BI_Be@_B\oB?uBm@kAYsBkAsAcBwDy@?}DeB[\Ec@j@S~BnAbCd@nAjD|@bAj@zDn@eC\SfAuCN{AZ[hARdAi@nABb@rAtCZfBtBj@M?mAb@o@fA]|A}BnDGrFbA^Ut@gB|CShBsLpAoK]cG_BmHAqDbBsDz@Hb@m@o@AEbAJYKK_A[`@Fx@kBYk@Li@kAmC`B_A|@mCz@gBrAOdAiBj@aJq@}A`BcCD{ApBeDvEG|DRz@t@XvBI`Fr@Hj@xDvBjBcCt@rBo@vGx@`AWzEzCzDPlBnA~@WpBoC`B|@Rj@[vCYXq@dED~D[`CJpBl@`AWlAA~EiAfCWhC{@hBi@Pa@pA_BYL?k@pD}AnBw@nE{BjBYv@iA^}E~EeAlCB~B_@zAkA~@?nA[kAdBe@l@lCx@bBR~AGtD^hCXz@v@p@D`Ev@t@SrAX@LhAh@LJf@IvBMSLY@j@AMY~n@j@[Lp@p@k@fBV|Eu@YyJHi@hA}Ad@iFjAcDlAmAjBcEhB}@pAKr@h@RdCl@p@zDi@YvCSBJGFpBbAdAtAX`@|@^FNc@vAhAJGPbEaAlBVtAFzBWz@eBnBdCHfCq@fAsFpCmBf@mAzEj@zBvA~@WzAwCTaDl@{E`@gAxAAp@eE`E}FdEU^~@S~@JvFS~DLhGt@rFcAdCKnBi@pANpAEzBkAdEQnFjA`A~BlHl@hEOdBJvA~@fCR~Bt@jA`@ElAxC`@`CH`Bm@xBUzBHjBk@zBmAdDcBjBQ`AQ?NIBXWRr@qBFo@h@_@lC}F@cDgCnAcAfEeBrCg@jG_@p@FzEg@|Dw@WqBrHYVy@nFn@zANxAWv@E|BThBoA\qAjBIdBeApFZbH[|Ej@dAq@aARcFg@}F@eAv@qDJaDkAm@{@d@s@oAa@Me@VSv@b@zAB`BkAzAYlAeE`IcD~EqAv@wA?iBqD}BcCS{AaCcHyCmGGw@RcFkB{EsAsAgBiGiAaJoBaDkFQoDPiAcBiCsBeCoEyDgBYqA{AwBiBsAOsDo@kBWwAUmH]}@aAm@o@_FKqBNwByCe@o@s@g@iEyCwDwBgBcBSeAw@mDUcBn@oB[In@YDwAiA@rCu@LGjAeArAq@lBmCnDmAl@_@dAeMtHwAW}@^gB~B}Bf@}DpD}EVwBcAcCJgFwJmD{Cu@G]u@_DqO@aHvAaEIuC,2,,,,,,HQ
102,2,Morning Walk,22726.3,20493,22634,1550.3,Walk,Walk,,11555619648,2024-06-01T08:03:41Z,2024-06-01T09:03:41Z,(GMT+00:00) Europe/London,3600.0,,,,0,2,0,1,0,False,False,False,False,followers_only,False,,"[54.457231778651476, -3.0222326517105103]","[54.457589853554964, -3.019292699173093]",1.109,5.01,63.9,False,False,False,870.5,66.8,12334235413.0,12334235413,stripped_garmin_ping_344880492760,False,0,0,False,30351079,1,a11555619648,upkkIdymQ{DpMmCfAgBAg@|@nA~D_@zBj@~CQrF\|CC|Eg@pAZbCtAIXTJ~@|@h@n@fFM\t@vBNtBdBfDh@RLvBl@pBtDeGrFBJZaGOwAdBuAzCf@l@vB^^nA@pDV|@nAXdAvBz@o@v@TNjCjAxBTpBbDlD\`DrApA~Ah@`AdBvCOzA`Ap@hEY`J^|Ay@hB@nD}@xD{@dAm@fCcAlBiCvA?`B\pBc@|AlBhIWjAcCzAc@`F_AvA}@`Em@\a@rAeBbAc@vBcBb@o@nAoAPmB|AgCE}@xAEr@{BvC@nGoBlCYpE^rFGrFSfAj@jBUhGZa@c@h@pAbALnBy@dE_@rE[hAq@d@{@[{DgGi@Kc@f@]eAa@CKi@eAaAyB}Ic@M{@gAqCO_CoAQb@c@OwBuDe@gCmBsAc@aCaCs@CiC]aBcBmEYuBkBuC@_B_Av@q@[Wy@b@wCF}Cw@sGB}DaCaCmA}EWBMs@i@OeAwCGwCRqA_@aBPgAWwAq@aA{B}@eBn@Sf@_BLkBcA[oB_CcBi@sFhAo@v@gFfBiA~@yBGw@d@g@i@s@o@yDEg@`@eAo@AoAeAU{APeASy@mAa@_@mAwAe@a@{@Uy@mCm@ScCEaBj@sBr@m@rAkElAoBAeArA}@@}AWHADHlA?{AiUwEu@jCcCPy@Y{@_Dh@oFhDaM[iDz@aBjAUnBaHbAuBdB[jBmE|DkCx@aB~@yDbE{@|ANr@w@d@cCiAiLoCsDsGwE_Ia@o@_A{@{DqDqEoB_A[}ByNyAmCiAWw@iCo@Ob@iA{@oBSsF}DsDk@yIyGyEuB_AIIkMo@yBTkFYuAc@?TKM{CgA}By@qDgB_EkAkBmG_E_CYoDv@uDsAcBfA}@Mq@kAeByGWwBUcE?qD_BsGFiAn@WYwAZ]\y@E{AnAyHBiCeBsD|@eLSoBx@eIW?hBeAxDaFbCpGvFtE`ThFtFnE|A~@|GjAtKJrDpBhBxB~CbApCfDp@bCxJvSJfAlCzDlBlEtCtAh@vBzDhChAtAJl@~BtArApAn@dAhAYSj@pB`BLl@j@CLd@VA`@}@tA?|AuEzDi@hEz@vFoAvAlAr@K`@z@_BlI[d@EjFgA|HxAnDF`G~Aa@Bj@Z@dCnDj@QPmAj@GjAfKNxC~@~CbBb@hDrF`AVpFsE`BbCbC\xBoBpJnA,2,,,,,,HQ
103,2,Evening Run,4232.1,1818,1915,27.2,Run,Run,,11527023395,2024-05-29T17:57:02Z,2024-05-29T18:57:02Z,(GMT+00:00) Europe/London,3600.0,,,,7,2,0,1,0,False,False,False,False,followers_only,False,,"[55.96108426339924, -3.2120259292423725]","[55.95918484032154, -3.2122639752924442]",2.328,4.354,79.6,False,False,False,34.4,18.2,12304769701.0,12304769701,stripped_garmin_ping_344014686996,False,6,0,False,30351079,1,a11527023395,yhqtIxlrRi@\c@Ro@^CFOP[f@AJMRGh@GPC?KFK?KCMBUEkANQLUFKPUPk@^MJgAn@W^Gf@@XHx@@ZPh@F~@HXHf@?XP`@HXJFFTh@zDNtANj@N~@`@dAGVWb@?R^hBNd@Jx@@j@APRfAFNHHBVFJZrANLTMbAo@VUJGHOHGfBaATGb@IZ?JGB@RVHh@Nj@VjBZlAFb@El@L~AGT\nDDLTZCVMPCI?sAE{@Qm@AQK[_@}AEk@Gg@_@kBOg@CWCy@CU?k@Ec@EIIGWa@AIE@BNELMFi@n@yAj@s@h@KBG?SSo@?IEUSc@}@Iq@KWAg@IUK}BWo@K_@UeAGe@Oa@I_AKi@_@cBk@mEQy@KsAM}@Ke@Gc@Sm@?W@KAAMBOKCs@@QFMp@e@JM~@i@j@i@hA}@RIVQ^KBEJk@\YRCJDXb@b@CZOd@e@HAFKRGNMRKhAy@X_@Pe@LOVQNERBVPFHf@VZ^LBf@Vn@D^Y,2,,,,,,HQ
104,2,Evening Ride,21469.1,3782,4762,137.6,Ride,Ride,,11527018304,2024-05-28T18:21:56Z,2024-05-28T19:21:56Z,(GMT+00:00) Europe/London,3600.0,,,,4,2,0,1,0,False,False,False,False,followers_only,False,,"[55.95910269767046, -3.211626447737217]","[55.95921317115426, -3.212888343259692]",5.677,10.108,,False,False,False,73.2,7.9,12304764230.0,12304764230,stripped_garmin_ping_344014592174,False,4,0,False,30351079,1,a11527018304,_lptIpzqR`AgA^}AAY{GqHi@y@Uy@w@mHcCcZgAyHa@cCUu@kBgA}AaDI]y@qAIEKFWr@_@h@aDtDu@l@_DhAoDtBkBB{@_@g@g@u@yAcCwGyByE_AaByCmGcKyQq@{Bu@eB}AoFsAuHe@gEMsBmB}KOiB}@_DQ{A}AwG}@cC}@_Bi@mEs@gCQa@GuC[aEo@kEAk@PoBf@}BfAyBjAu@nAkARFXdAh@|@r@X|BxCzBWjAm@~@I`AT~@fABZSf@eBxCuBlEw@bAgDjGaDlFcC`CkAh@qDpAaEjA}Az@g@x@oA`JkAnGeChTi@`MShBs@lDX|@?NG@Uk@[H[bAM~@MbBKxDQrNx@bK`@pAFd@BrEh@bJXbIFpIa@fFGxAPjBy@~DgAb\KlIN|Bn@fDt@nH\dEFpCa@zFoArJg@fC_@fEw@zFc@`FIpCcBzM_A|Fh@Aj@x@D|Dr@hKv@tDA~@\Ab@v@lAjN~GzHhDhDzAxBdCrCxAl@nBIrAJbBOzEwApIcDhKqAnEGtAg@x@AqAaB_C_FqAgFo@eEc@sG]aIi@mGB}DKmDMcAEkBc@qGCyEEiAgAoM@cDUiFIsGYqCEuD[sGCuGM}C@_CQoHSqDQ{H}@oIOgDa@wDS_Ae@wAm@gFcC_J_CkM@QvA~G`@~@VUb@}@n@gCt@gFDkBT{BjBqMdCyGxBiEtAwBhHmJR_Bj@gB\uBf@I`@r@RBh@Ql@hBHv@`@bBHnCEvBFbEX~APzBh@vDp@MZVv@dB|BdHn@rAfAfA`Ah@fFAzBfA`ARdAAJL\mACwFZyEpCsJ~I}TV_@v@]^y@N@Ld@?rBfApKFZLLt@Pd@t@\HvEkBNKFYEyAyB}T[uB@UT]xCyBCy@xAgCz@O`@YpDPfBt@x@?\\j@zAV~AVt@`@HLXT|Bf@|Ht@zEx@zHxAvPv@|F`BbQx@zKjBvQSRIf@MTkBpAO`@AXd@fF@h@Qt@]b@s@b@{B|@GMq@eJm@MmAn@WV@FYEOe@w@{ISo@E?EVwCrB_@h@eCtBgBvAiAj@OIe@_D[gA`As@Bk@[{@QQ{@TQn@i@pFc@vC{@lBaA|Cq@pAOCgAnBYxAWxFw@tSq@vRCnBNnDXvBVnE~@nKdArOFV^\FVAZIRWKOi@YmDUsEu@sHcBgVG_@OBd@qL,2,83.4,False,315.6,,,HQ
105,2,Lunch Run,6760.4,2532,2768,47.1,Run,Run,,11516057845,2024-05-27T10:00:26Z,2024-05-27T11:00:26Z,(GMT+00:00) Europe/London,3600.0,,,,1,0,0,1,0,False,False,False,False,followers_only,False,,"[55.95910998992622, -3.211870612576604]","[55.95940453000367, -3.2143953256309032]",2.67,4.798,83.7,False,False,False,58.7,19.3,12293472144.0,12293472144,stripped_garmin_ping_343701588680,False,0,0,False,30351079,1,a11516057845,imptIf{qRHGJCBK\o@JJJ@LKh@_AZkAHAb@\B?nApAz@n@VZZh@VVl@dARPFBNARLb@z@BBNDX^x@v@HD@DVLP@h@Rn@Rf@TbAVh@F^NJ?HFJ?VLLBHPXR@LHNZXVb@J^D^Nf@@NEj@Ov@FJ@`@BPBXEf@@FKn@@RGz@ERJhAAFL|@DJPNH?HHT^^LNLNFBDD?^XFZTX@FJXEFG^E`ABt@CTD?ABK@YGDEBLGl@BNAlBGdBOLOVKHm@Ls@\KJEAF`@ILOLEHEPC^CF@JKx@BfA\d@DBJ?HFHPVX`@Tp@DPAVNl@LJ@XL^CRKHMRENMDBFFT?`@QPCTA`@Ip@HFDDCHIAHB@@FFJFX\x@Pn@HHPv@h@dABRJb@Vz@FJ@\F\JjAC`@@f@Cf@ShAEnBBp@Ij@I^E^Az@EXFZAL@DCJ?RKf@@@?FQPWt@KBCCOLW`@u@|@GXBnAPl@j@rAXd@J\N|@\p@PNV\Zz@Z^DPf@t@DJHd@Zb@f@b@\DPTF@VLAVDF@TJZf@GPGRPB_@QAO@MDIJ[JGFO?}Al@aAf@QBi@XsAfAk@PmFxF_@\Sh@ORUVS\YPMj@IJCJQ\ORUNQP[`@OZGNGp@M`@WpAWd@IZIbAGVKXWfASb@YjAm@~Aq@lASx@k@f@IL_@bAIHOBEBm@x@ITMRcA~@ENMHAPIPIDKP[`@c@FUJ}Ar@uAjBEh@AOEICBE?OV[Rg@BWAUDKD}A\y@@KBS?EKEo@@{@Dy@CMAh@C^EFMBQGYCa@OQCcE}@UISO_@gAYiAe@wCGi@WgAS_BCm@?o@Fg@Ag@DkAHgAV_BX}@H_@Jq@Fy@Lq@J}DCmASwBi@_LS{HS_DOwDWoDEIScBPcAiAiH]gBK_A{@aGE_@@QMy@ImAK{@Ka@o@}DO_Bo@aFCe@BQI]C]BKHK`@UXK`@U\MNMZOb@Wf@UVQLe@LSBO@_AKsBA{@k@iPEiC@Q,2,,,,,,HQ
106,2,Afternoon Ride,24485.9,5089,6427,166.1,Ride,Ride,,11442116964,2024-05-18T14:24:44Z,2024-05-18T15:24:44Z,(GMT+00:00) Europe/London,3600.0,,,,0,1,0,1,0,False,False,False,False,followers_only,False,,"[55.77548780478537, -3.135059690102935]","[55.9594461042434, -3.2127419114112854]",4.812,12.318,,False,False,False,293.8,20.6,12217226838.0,12217226838,stripped_garmin_ping_341436611024,False,0,0,False,30351079,1,a11442116964,odmsIl}bRiEaF_Au@gCyAoAWuDHcIcC{C@kB`@}ClAi@JqMo@}EMSHeAjFkFbScDdK_CtEoAfByAbB]n@yBxIiD`LaBdEwClFUn@WjBCpEItBUbCcBpLSd@}@nAa@pAyAtI_@|D]vAYl@q@~@_@TwAXYt@{AzOg@pEi@nCiBbHq@pGe@nS_BtKoBzKgAfDq@vAkGxHcAdC}AfFiEnH}HhSwAbD_CxE_A~Aw@bAeE|Bg@`A_BrEY^w@f@a@t@_ArC{EhR]lB_@lD]`B{Mta@eDxKa@vB]`DSvDEnDE\IFqIg@_\v@gSoC_DYgMh@yBj@k@BcEeA}LqAwCaBwBa@O@?JcAs@qB}@eBoAiHZqG{AaD_@_A_@qBsAkDgBkAeAoAuB[s@aCiKkA_C}BiF]Ws@[}DEaDwAeDu@}GwBu@KcAc@eCo@sBy@}@GaDo@k@@_@N_@Zq@hAYDe@WeAwAoAsAqB{AqAq@{DyAw@i@U?_DcAoEcCaAy@OYiDiCcCwAqNeK_AWoCfAi@^cTfSaHxGaDnDwDxCaNtLuGMc]{AaCHuBXuEjAsB~@k@f@qA`Bq@tA}A~F_@dAqArBm@l@_Bt@kA?cAg@aBsBc@]u@I{@VcA|@}ElGc@t@@HCAGXm@z@oAvByAlA}EjDSD_@Xs@NaFTqHdCuEjAULa@z@_FfCXq@GSUGkB`AY^[xAWVICM_@a@Dq@IgCt@yLlAwC\y@Lw@V}CpA{A~@sKzLeA~@c@RkOlDwA^y@b@u@Q_@BaMrCw@ZwBRw@^sCv@oIpBuKhA[L_@j@qAjD_@Zg@?y@s@uDaIgAsAmAs@_IqBYUM{@?}G[Qw@KuADQUD_EGmC?qCK}DEWg@MwJGy@KeBFgFKkHrAGSG_Ai@_LI[i@_@oBLaBGiATaDZYuCKwDO]a@IaCPcFxCgC`@kBl@kAJmDdA_@X}A|ByAr@_@\u@JuAt@sBfBmChAuA~@a@b@c[qAkArAa@r@]XSBYd@cDh@C\WRwD`AKT[TqCj@cAf@uE\{Bf@S`@g@Vy@wBQsAMa@aA@{AdA_KbFGCFFo@JuBpA[Mo@aA]Oo@Ki@Pc@f@Wz@MvAAdCM`@UVS?]U{@aB]qAa@eDc@\{Ad@qAHSNCZq@nCk@pAYb@KUo@bA_@V@V]|@Mt@,2,49.7,False,253.1,,,HQ
107,2,Morning Ride,30691.5,7186,9842,506.1,Ride,Ride,,11442112761,2024-05-18T09:51:21Z,2024-05-18T10:51:21Z,(GMT+00:00) Europe/London,3600.0,,,,0,0,0,1,0,False,False,False,False,followers_only,False,,"[55.956232314929366, -3.1984777562320232]","[55.77249873429537, -3.1321862060576677]",4.271,11.422,,False,False,False,291.5,39.6,12217222437.0,12217222437,stripped_garmin_ping_341436460685,False,0,0,False,30351079,1,a11442112761,ovotIhroR`GcC\y@cAaLAwAUAHAAOkDmICq@Zs@hDkAGIT]fDgAc@sGU_BKDEQF}@bAo@z@ErNiF?_@pFsAXOHg@tB_AnCk@bC}ArFkFl@qAlJeDnCuB`BuByB{NA_@\{@Ea@kBsGMoArAoApBwHCUp@gDz@iHv@mD]{@Tc@C_CS}APk@d@DRk@l^}_E?sf@JwUe@iL{AyNDSzDi@bDyBxDkBp@kBXMBoA|@q@xEEn@qABkEd@y@jA^tEOpAdAnCATl@HvK|AlFhA?tIlC~AS|AmBx@_@dAH`AhAvCxIzLj[lDlIb@FnHdRN`AdAhCY`BmCvHnAhBd@w@xAlCXLtGcRnEzG|Aj@rKeCDo@OuCr@SrBv@zKnN^Gj@eBb@EnBlC|CiIrAwEfCqDdI_JfBoCjAaDhCqMr@eJhAwH`BgFTiBv@{BdBiJIk@L^H[jDaQvEiVxBgNbAuBnEeAh@o@@{@}@yEYcDCsDN_DzAaKdD}IbAaE\wLp@cHD{EvAoCd@uBp@cF?{@UkANs@~@mAX{AbBkM?wCrAcBbHqRpAuCdC_E^iAv@kFd@sApAaAzBVnAuAbAkF|AsC`AiCBq@Qa@fb@iDfBtPhHlAExBoCEQ^K~AvBrBrBvC@T]h@CXzF~LhG|SdChHzF|RxAdEdBfEtDtGR~@x@tA|@lAvDhCPUhCqKdEuNxG}QxFcMd@_CjFAnEyAv@{@rAaDvA{AlBl@pDzCrAdCtDxIhBxBlBrAp@~@vA~ElAbHz@xBlDbCvCbAhDpBhEvDbCb@t@Ql@q@`BsHjAkB|HgE`TiOfC_AzMqHxA]fB?dBg@hIUr@}@z@aChAqB~BiCpMqA~Jc@bHuAbE{A`E|BzAdDr@RfBe@KLBStT{YbA{@t@SzGLrDjAzCm@hCv@nBbCn@~Bl@lAlF~FtBvEp@f@zAZbDSdA`AlAbE`@pDB`BQzBFv@hB|H~A|CRtDTbCdDdL~ArKj@~@nAes@|@{@bEeBnLgP|GoQd@y@fNeKbGgD[T?b@lB`IxChOtBnGhAhB`Eb@xCdCz@Z`NbAd@^bErGbGzBdCXfG?x@YjEyCtL~@nDt@hCBbEtCpEzHvAdDr@t@bL|CtPd@hHnEhCzB~ExGpItIxE~CnDbDrEj@fD~GaDcHo@YsCBi@pAeBxGAdCv@lRS|EkBjEkGtBYf@G|@vD~UhDhMl@RlDa@t@`@rAvExAhHvC~GJlBa@bG^tJ`@tF~@bD,2,82.2,False,590.9,,,HQ
108,2,Lunch Ride,8023.6,1313,1422,35.4,Ride,Ride,,11415292283,2024-05-15T10:12:53Z,2024-05-15T11:12:53Z,(GMT+00:00) Europe/London,3600.0,,,,0,0,0,1,0,False,False,False,False,followers_only,False,,"[55.959107391536236, -3.211113726720214]","[55.96241556107998, -3.2165970001369715]",6.111,10.03,,False,False,False,50.0,19.2,12189626887.0,12189626887,stripped_garmin_ping_340644497688,False,0,0,False,30351079,1,a11415292283,ujptIhyqRd@}@Re@He@?UEGiB{A_A}@mBwBc@k@KQSg@Mk@s@yGIgAGeBk@sHk@uEImA?k@Eg@UgCUgASyAs@eD]y@SQe@WGKWQEAG@BA?I?ICGq@mASWa@]@JCG?SSu@i@s@KBCDe@z@u@bA}@bAo@h@o@v@yAt@y@h@_Bp@uAv@e@La@T}@Xs@`@y@ViBt@YFg@Fc@T]FWPqB\sDjAEFuAh@qBp@sB|@qBn@{@\{@b@qAXqAb@aAT[Bi@AUFALRpAtAfGXtAn@|EHXl@rEZfEHdBL|FFfBJhAVvGJ`ATfB?d@H`BJnCH~DAp@ObC?h@JpBDlC\rEH~BFl@?~@DtAH`AN~@F~@@h@LvBJ~DZrDZbGF|Cb@pITvCFxCT~CNfHVdDd@rJNvD^~CNt@\tAn@xCTv@^`Ax@tA^j@xA`BjAx@ZV\d@JH|Ad@lCp@\LfAl@jCrBhDvBTTXLVDHCAEOUq@oAKc@AMHy@R]V[i@WIOAkACMIU[Q[G}@GYDu@Y[]_@YO]CS?SNcB@i@Ea@IMKGoAOm@AUEUKWQcAg@w@k@iAmBB]Wo@CY?ML[VQHg@TSpE}C`BaAfA}@xByAz@u@n@[z@i@nCqB`Am@bAs@~AsAt@y@`BsBvD_G?KC_@aBeLkAyHUcC_@}C{AqJG_Ac@qDAg@IaAO}@,2,88.0,False,115.6,,,HQ
109,2,Morning Run,4009.5,1569,1630,24.4,Run,Run,,11407198782,2024-05-14T06:20:04Z,2024-05-14T07:20:04Z,(GMT+00:00) Europe/London,3600.0,,,,0,1,0,1,0,False,False,False,False,followers_only,False,,"[55.95906707458198, -3.212640155106783]","[55.959421964362264, -3.214520551264286]",2.555,6.22,85.2,False,False,False,34.4,16.5,12181326512.0,12181326512,stripped_garmin_ping_340411113594,False,0,0,False,30351079,1,a11407198782,ymptIl_rR?q@DOX_@JWTO@k@I{@Ga@Sq@E]OKOCq@BQD}@d@m@j@Yn@[pBG|@Ih@GLKLELDLJHd@FFF@DCNQXeA|@qBtAONq@^WBAFCEB?GDw@GKGQWM]K{@GoBI]BeACKGGGMAK@MDAA@DI?GGq@BGEy@@]Ms@?c@Ek@@aAEg@?w@Ec@EEAKMg@A_@G}@Mm@HoBGiBR{A?]MkCOe@g@w@Ka@EEa@AMQQeAkAoBq@wBUFAPe@n@EXH`@Rb@L`@VjBFX`@dAX|@d@jC\rCFrAJrEDf@Br@Dp@DjAHp@BnAPrCFnDLnBLn@?RKh@ELW\_@XWd@iBfAg@`@wAxBMJm@Va@LSLE??BKDo@Rq@h@{Az@SZOJAAQRGRC`@Bz@f@tBHh@Hn@?NSQ?ADRJTXdADj@KDF@BB`@zAXbCRn@NxAHVRTNh@A|@APVlAV`BTpBN^Px@FLLLT@DCT?VKVOJMf@]l@S|@o@p@}AjAiAj@sAj@mBTy@Vw@Fy@DGf@G@IS]_@wA[cCAgABo@RwAH]n@_BHg@H{@,2,,,,,,HQ
110,2,Morning Run,3946.7,1879,1913,40.0,Run,Run,,11398236925,2024-05-13T05:55:11Z,2024-05-13T06:55:11Z,(GMT+00:00) Europe/London,3600.0,,,,1,2,0,1,0,False,False,False,False,followers_only,False,,"[55.959048215299845, -3.211887627840042]","[55.9592145960778, -3.212768230587244]",2.1,4.212,79.0,False,False,False,43.6,20.6,12172108825.0,12172108825,stripped_garmin_ping_340131764167,False,0,0,False,30351079,1,a11398236925,ulptIr{qRp@e@^_Ab@u@Po@LOLB\TDF^XVXVRLTr@r@p@bAHDl@~@PRVHBNLBDN?HJZRZHF^LNPPLNN^V\NLLNHNDNAL@ZJBBXFP@h@\t@HNRNJDRPFTD^RPTF@FFNH\b@Nd@LbAFnAEf@@HABHd@EBBx@Ap@BVMr@Kz@?z@BXNl@LHH@PHJRFBJXHF?DDABFLLF@DEDFH@n@p@FNNz@?JCVCr@Dl@EPMP]BGBGHWJUD@ZEBMBGDCZAv@JJP?ADQ@CFCGCBGd@LYCWB{@AQFOLOBa@PEH@HEZa@FCDLAh@Bj@?~ASzAM`@W^MHYAS@ULMLK^W`@UrBAXDf@FVRVTRDN\VDAFBFJHDNRND^BXAHLFBHENFB?FHNCL@@VBJb@GFKHG\ELEDCBOCGEA?HWLEHGRGJMBIC[AUFMC_@DIGa@IOMQAGCKIGQCYCEOOSIWUIYOMQo@EoAHw@V}@JIHSXQ\I\DRQDK?YV_CAc@HmCCGKFDD^BHDB?BIAg@Bi@E}@GE@]IY?OK]UUU_@UMA@OG[a@UOOEUWEQSyBFaBI]Ec@D_@C{@NsAAaAFe@@SEMuAwAQEg@Yq@O}@g@i@U_@Wo@M_Am@[Gq@[WQ]YQUIEM@EEIGSa@OO[KKAa@s@UUYg@MKk@{@s@q@Ua@Y_@S_@c@g@CBYt@_ApAGNALWVGRc@f@@FOVMx@,2,,,,,,HQ
111,2,Morning Run,5247.0,1847,1869,17.5,Run,Run,,11393660783,2024-05-12T09:08:10Z,2024-05-12T10:08:10Z,(GMT+00:00) Europe/London,3600.0,,,,0,2,0,5,0,False,False,False,False,followers_only,False,,"[55.96081595867872, -3.197261793538928]","[55.96081444993615, -3.1972790602594614]",2.841,5.318,85.0,False,False,False,25.3,16.7,12167370236.0,12167370236,stripped_garmin_ping_339970283154,False,0,0,False,30351079,1,a11393660783,{fqtInjoRCCE@MHKN]To@z@u@l@U\w@j@_A^c@V]NQNeAb@SNc@Pc@Xe@RUFe@\WHe@Tu@N}Ap@UFc@DYLKCi@FUPQDUJOJQVUHUVe@Fe@R[A]JK@]HS?ODGDE?kAf@q@RUNK@}@d@e@Fo@RULYJeAr@WJeA?[H]RW@YN]B_@NO@cAZi@B[?g@JQGKMIc@e@qASgACYMg@W}Ag@uBKYOm@Sa@UcAc@eAI[?cA@c@@eBGyBE[Ho@JuAXwABEJE?EHMBSd@yAZoBh@}B~@eCTc@R[^a@`@]l@_@J_@FKTITSVEXKROh@a@r@u@r@k@h@IZQJA^Oj@BRN`@h@nBvDRt@\h@BLANGR_AjBeA|A[v@cBhC[h@GTMNw@hBi@bBEXg@tAO`BIPe@`Bk@dDUvCQ`AMxAObAa@vBOl@q@nBYf@?BBJHFVDRC\MF?XGNIFB^@bAu@VG\C`@[F?\KNIDID?RIN?JGNCHCJBb@KDBHCXHNCXKZYNCt@]J@ZI^QNCZC`@S`@Kf@STCf@Yj@a@RGXOz@Y^IZMVG\Qf@C\Qv@In@Mn@[XId@Ud@Qp@_@r@SrAk@b@OVQHCRUPKLAPGdFgDv@y@^SXa@NI,2,,,,,,HQ
112,2,Afternoon Run,10010.1,3044,3857,27.4,Run,Run,,9164491673,2023-05-29T16:14:18Z,2023-05-29T17:14:18Z,(GMT+00:00) Europe/London,3600.0,,,,10,2,0,1,0,False,False,False,False,followers_only,False,,"[51.579420156776905, -0.0993060227483511]","[51.49575878866017, -0.10066749528050423]",3.288,10.734,85.7,False,False,False,39.6,3.4,9832921470.0,9832921470,garmin_ping_276776559008,False,7,0,False,30351079,1,a9164491673,}sxyHzhRrA_@d@E~@WlAO^HbAQ~A?fBaAp@WxBYt@c@f@QtAQ^Yb@Ih@Y~@s@`@K`@Yv@WFOb@Kr@_B@[HYZg@RK`@a@VMx@u@r@Wv@k@|@]^e@tAq@bBDdAKpCK`EiBf@MpAeAdBy@j@g@XEp@_@f@CfAm@~B]rBu@n@?d@LT@f@El@Dx@IfAFh@Cf@MpA}@b@Kb@[l@Ov@c@jDaAh@c@VJVBbDQlAS|@@\a@dAs@Za@v@m@h@Sp@M`@a@fA[NM~@]P]RA^Yz@mBN{@NW~@qDDCPo@He@FMVwAl@a@Pe@NKv@OjAF\KLMnBUlDw@bGq@tA]VW\?j@IRKNU\Dh@V~AUrBKt@S\AjBV~CbAXP|@\~@Rr@FlDz@nAb@j@BzAh@zCr@tBr@LLjAJn@XzBh@ZRdCTLQp@FJCj@D`@L^Td@JRG`@Cj@\jAbAl@l@hAx@vAlARZNHVEf@]RBvAoArAg@LOv@]d@_@zAe@Z[d@o@d@WNURMXGd@Db@Gp@TRNRPp@tA`@Hd@d@N@PAJP?JNPVGb@DfCzAhAl@VBpAj@j@h@h@|@TK^BBe@Vo@b@F^Eh@FL_@D_ALiAHWDo@ASYmAP]Cg@O{@HARFJVHf@@h@DN@PDRCVQTAFB@EH\Gz@h@v@T|@F`Ad@bANXC\JVEl@Yz@SVHrAKfAF`@KFWXKz@X@EPCJKv@GLKf@MBIDAh@Ht@@^P^\XDN`@b@`@VEPId@d@~@l@z@T\\THtAx@Z^~@d@VRBHJIN?VcBt@RTd@p@h@xBfA^JhD`@Te@TElAJ\JVNVFt@MBuADGBMZi@TKRS`@_AJMn@Gb@a@d@WNBNS^Ep@H@K`@MJM@OL[Z]@GTIHMXy@DU^Ij@LTIl@P`Bz@j@Df@^XHb@FNKfBZxFdBf@VtB\TJd@Xt@n@Zt@NRn@PPTr@vA^hAZFHPhA`AT^Zp@NPp@`@tBlBl@\v@p@p@PtBxAhAlAL\b@\\h@PJp@nAfApCt@hA^|@x@~A|@rBJ`@Lx@FHbAhAN\Z\`Az@Zd@h@`@dAzALDbAhAl@\NZTFHL,2,,,,,,HQ
113,2,Morning Ride,8929.3,1583,2727,50.2,Ride,Ride,,9159098468,2023-05-28T09:42:39Z,2023-05-28T10:42:39Z,(GMT+00:00) Europe/London,3600.0,,,,2,1,0,1,0,False,False,False,False,followers_only,False,,"[51.57866511493921, -0.09872465394437313]","[51.57649361528456, -0.09863262064754963]",5.641,10.463,,False,False,False,39.6,6.5,9827150935.0,9827150935,garmin_ping_276621447243,False,1,0,False,30351079,1,a9159098468,ooxyHzeR`AJv@I\BvASPGJKTAFEBBB?@C?]G[_@kEBa@FWHIRMLC~@y@LE^YDK@OOoFM}BC_AIOBc@Uy@CqA@_DGaB[iEUyBOwCC_AG}JCa@Oo@I_A@]BIl@KRRJFHK?KWuEg@ePCiEEaAFcC@cATgEX_CF}@`@eEd@eDd@kFf@{DF{ALq@LuAN_AT{@~@cCj@gCT}ADe@TuBPyDLwAJ{@Nu@Z_ALCFGX{@l@kADOBOz@wBtA_Df@cAl@cAn@uA\o@Xw@R_@n@gA~@mAdAcAvBcBlC{ApAeAl@i@r@_@~@Ux@KtBO~BYh@SZUp@q@jB{BzBcCl@STMr@u@EWTUd@[nAc@DSGmAm@iHKWQsBMm@Q{Aa@{DSiC@MFIl@YLc@h@uAlBmDXo@f@w@f@iAB]AOCQUq@a@sBy@uDYwB]sAKy@Qk@a@cBa@qA_BoDk@eBeAqCcBiFeAuDg@_A[aAu@cEU_AY_As@kBoBeG[s@gBaFJ?IA@AECI_@Ek@I[g@}Aq@_BE@?DDDD[Kk@aA{D_@cAQa@j`@l`CLrAFlA\lDFbATtBNjB\zBNlBAHKNeAp@qAbA_B`Bq@z@_A~@}CpDg@`@]J[F_CRAEEAqCZo@La@Na@Vk@f@}ExCcCjB{@r@m@t@m@fA{@dBmA~Bi@|@m@lA_A~BaAvCw@bBQZSl@o@rAW|@Gb@OpB]jGSxAa@~Ba@~AGLYnAAZnL`vC{Bx@}BdAuBr@e@XyD|A,2,74.8,False,118.3,,,HQ
114,2,Morning Run,10010.6,3146,3906,34.4,Run,Run,,9159096042,2023-05-27T09:24:53Z,2023-05-27T10:24:53Z,(GMT+00:00) Europe/London,3600.0,,,,5,4,0,1,0,False,False,False,False,followers_only,False,,"[51.47190020419657, -0.12184831313788891]","[51.4816590026021, -0.11249536648392677]",3.182,8.614,87.0,False,False,False,23.0,5.2,9827148361.0,9827148361,garmin_ping_276621381041,False,5,0,False,30351079,1,a9159096042,wtcyH|gWPVDBFABBHNFBJXBPXb@TNTn@J`@LRHHPLj@t@PLV@?VBJLDFHDXJNJJVJ?JDBNRLXRTFRRP@FLFJNPHZ\JDLEDBVVDJD@LVZZ^PDJ\XNDRNVL?DLNZLHFBDXPtAJTNT\FEP|@LHTZR\Rh@RPDHF^L`@FJHFN?`@_@BB@FF?FNBf@Ch@?n@BPPVH`@?JRZDVHJDBRf@BNHNDXF@CNAf@D^GbAAl@lAl@RFQ~@?RGl@CJGDLJDL@HDDXFLHFH?RDTLPl@d@DJBRFBJbAXh@D\?f@KjAuAhAET@HNPh@Rp@tD?DDJBZNd@DVN^D|@?\@HL`@Nx@Rl@F`@DnBCh@FdAG`@@NARKn@?bBCJOXe@p@?XI^Ad@HfANh@Dz@N~A?\K`CBp@?f@Fl@DbA?`@CPMNWPUH_Af@mCv@_C\c@Bm@E_@?QHkBRYJOVQHm@J}@Vi@BKDs@^[`@UPY^m@NET?ZPtABZAXILD^CVD`A?bAHf@FxAHt@@`AHdARnBDm@DSVc@RIfAM~BE|@MDAFIp@YZ?dAONc@RInBKtAQL@`@?\Op@GzAEf@Bd@aA@UCsBJ_A@QEGCc@BcACe@FoBAUESDiAA}@D}@CU?gAFuCC}@K_@EWAq@Ea@Lu@Bc@CiBHsAB}AA[QaABCLg@Xe@zA_BHa@?e@_@aAs@y@S[[iAAmAIc@Ac@B{@AYDODsBBMCWQWc@c@]o@CAIIE?MSUEMYKm@Wg@U{@Ys@Kg@M[ScAK_AAa@Si@Ga@Qk@YuBIUKm@GOCUBc@CWMa@QUCIy@uAI_@c@y@CQM]Ia@Wq@YqAw@eBGW?_@MSFM?OYMe@y@OKSY_AaAg@]KESO[M]]sBeAcAu@cA_@uAcAa@_@GAQSQYMAQO[c@Oa@_@o@KYIQOC]Uu@q@kA}Ay@uAMGEMq@s@Uk@MKMWIIK_@w@}@Y{@QYSSW]]]a@k@KGo@cA]S_@EUuAGDCCOSOM[[MWm@_@u@s@o@e@{@}@e@WSWSQa@i@i@g@IMm@_@USMQUQa@q@WUOSYW{@aAQMo@{@iA_A[m@OUcAgA]e@_@]OUQQICaA}@e@i@m@i@UYy@k@c@g@u@o@o@{@,2,,,,,,HQ
115,2,Morning Ride,6527.5,1105,1384,24.6,Ride,Ride,,9159046159,2023-05-24T06:25:09Z,2023-05-24T07:25:09Z,(GMT+00:00) Europe/London,3600.0,,,,11,0,0,1,0,False,False,False,False,followers_only,False,,"[51.50276564061642, -0.15195351094007492]","[51.53350752778351, -0.12663940899074078]",5.907,10.928,,False,False,False,25.7,3.4,9827094617.0,9827094617,garmin_ping_276620004360,False,8,0,False,30351079,1,a9159046159,{ajyHx`\JkDP{R`@mNDuDE_DBg@RcAFKXONCL@LFZPJDLAJGv@y@Xc@J[PMTYXWDOBYC}AIy@s@kMOeFMqBQeEQcCE{AEs@A_AOwACuCCSIO?G?]b@sCA}CDiBBICCDQ?k@By@BsAAe@GMa@OkBWeAAw@IwA?_@@QJO@w@BqAFgFnAy@ZkDdA[PAAm@Pe@R[ZuBb@]cAEEMGOWEEc@Hy@VI?ICGIIYF}ECsACQIc@Wk@GoAe@_BGe@k@oAe@qAIMQ_@i@mBk@sAg@cBO_@Q[g@kAq@aC[s@K_@CoAEOGMIIKAG@IHa@\[^SZIF_AvCWTaAzAg@h@s@~@wAhC{@lCMHMAQO}@yAa@w@g@o@YW_@Q[Se@k@]k@uAqCs@eAEGE?QSCI?}@GGI@yBvAKFG?@AAHm@Z]Vu@TU?WFq@n@qAh@cA~@u@fA}@|@i@v@_DhDqCzDIFMGCBI\gAdBmBdCwBhCq@fAi@r@w@l@w@fA}A~AqBxAeCzCgA`AoC|DMDUNa@`@EDO?MTMO]mAYyAg@sAq@mBa@oCWiAoAqDeAyDwBmHQs@GIECG@iAdAwAdAsAlAk@b@WLWFsAH[RQR,2,85.8,False,94.9,,,HQ
116,2,Morning Ride,46824.6,10183,11981,516.3,Ride,Ride,,9159040506,2023-05-01T08:52:27Z,2023-05-01T09:52:27Z,(GMT+01:00) Europe/Dublin,3600.0,,,,0,0,0,1,0,False,False,False,False,followers_only,False,,"[51.62399612367153, -8.882015040144324]","[51.48286088369787, -9.373286347836256]",4.598,11.692,,False,False,False,91.2,5.9,9827088146.0,9827088146,garmin_ping_276619828328,False,0,0,False,30351079,1,a9159040506,iuazHllfu@v@xOQpHg@hIfDh@jDQdFuA`@g@rExC~BhAxGpA~DtBjB|AdCvDv@pBzA|GxA`Dn@jFnC~HH`P`AbV?fHrB`OPfHX@nBeCrBkA~CmFtEgDdCmJfCqEr@i@XJlBrDbBnGjCpFxA|GrCzGzBxJ`AdWvCbVdH|ObC|DxCzCrFlBhAC`Be@fI~L~C|BrAjCpEnR|BlFfAfE|C|FzExGjCxFpCbArI_@lExCfEpKhDrR|@vHdAzD|AdDvMfShDbLdC`DxBdIfExHtBdI|B`CjBbDr@Gd@[SL|@[rIzEdAlAnAlD@jB`@tAhE~EtBpEsCvHMdBNfCl@hCzD~J`@jCVrDOpFdCxCjCnIlErKdCfJ^jCRxEUxO^dFfA~DlEpGv@rCqClg@eDzUiAxReAxAqAn@iKoD_BHo@t@mAlNcCtD|Cvd@GjG[vCgAnEaB|CsAvAoF|CmBtBkBdEoAnFi@dK?~c@z@lOLdHUzDcCvN`B~DiBcD[?kCdGeB~B{GfNyAhAcGzBmHxFyIbCeCfC}B`G{CfSsAlG{Npa@k@lCuBdTwB|N[rHF~Oa@fJeM~}@YjL~An^i@lIkCfTkAhFgDrFsEByA`AYlAVbCfB|HvCdFtC~LvFrLrD`M`Fn]lGf\~@pIjAhQ`B|JtEhOlAzGpFhTtCpP`HbQvAvEzDtTjBxHn@~EZrHx@rILzG\nA`DtGxArOvC|QPbEo@hKHnCl@tEx@dClDdFdCtFbEpRrNbf@rDxG|HpH`AzB`AlEf@xEb@rO`A~J|BtXz@xDnGtQhAdGLfEKlPbBpYp@dFtElUlBbVEzEeA|GRxAMjDRxRh@jDzGlZrBj\InNdDhPlClJlBvMKrDiBxG]jFdBtKNdInBhLj@dH~@lF|@vVbAlMbG|]rC~Zr@vEt@tBvAf@vDvC|LtLhRrKb@AdB}AdD}EhAk@pDf@xH|Eh@dAjKdK`E`FhEhKOJpC|G`A|DfFCbGdGp@jFrApEp@bHv@zDlBfDvB|ApCpEbEbFfCxB`MhFnFpDdK`DpBjBpG~BfCtGrFtQ|FvKjBnBjBtGtHpF|FtBlCNfCz@|AnAn@dAO?~AlBpF~@fAtAjBpErCzCbH`NtGhKzAAfBiCl@Sn@TfBxBvD[bExD~BrEfBnAC\hCjDBdBt@pArBBNv@o@~DTN`B{@jAxBf@dB|CrQ~@rHzBWlCf@rDlBzApCbAbKlBdHbCjDpBxGlEfZtAnNhFdJzGrQhClD~B`IzBjLf@bNv@vH|DnN`DzNrD~WfDpO|CtEtHbDhBxBcBrKeAjKN|Cv@nEUdMfBhR,2,67.0,False,682.2,,,HQ
117,2,Afternoon Ride,26942.8,6239,7072,349.9,Ride,Ride,,9159025219,2023-04-30T16:24:33Z,2023-04-30T17:24:33Z,(GMT+01:00) Europe/Dublin,3600.0,,,,0,0,0,1,0,False,False,False,False,followers_only,False,,"[51.7007137555629, -8.5191048681736]","[51.63444475270808, -8.801843477413058]",4.318,10.07,,False,False,False,104.2,4.6,9827071532.0,9827071532,garmin_ping_276619452397,False,0,0,False,30351079,1,a9159025219,alpzH`w~r@lAlBtDbHxAvGN`Dv@vEzAnFhAhGzAhDrArBr@N~@k@vI_Pn@w@d@C\V~CfEj@zAt@hEh@`A|@hAf@VxB^~EJ`AZp@h@V`@`@hAtBpJzBnRTlDB~BSrE@bAVv@vAzAZ`AxAxIf@bEJjBB~Dm@fLU~JKb\H|@Px@nArBNj@`A|IPfDFdIo@jU\lMn@hGdBhKlClJ|@dCt@fAp@TnAHf@ZVh@RtAJvCIlAK\k@x@[`Am@rDOjC]xQB|HJ`EX`DZ~AVv@dB~DvCfEh@rA\~BJrEGzE_@pDYpAe@vA}BvEOfAF~@fA\dAEzA_ApBmBxB_BnAc@tAKhALnQhEpA@rC]VIDKECDJVCKMBGLHfBJzDtAd@d@Xr@R~@z@pGh@nAxGlEX^~BzE`ArAzDxCzAp@FZPpEvAzEZHf@KzJiDVBFP^zM^vFzBtK`@bDIbIe@`CkCfJg@|@_CpCsBlDeDlH{@vCQpAJ~NrAj_@BjNL~M|@|YoAhPOvJ?dFLjD`@vFt@hTNrAjAjGxAvLRlKKbG`@pFn@pDXbAbA`C~BjDz@jCLj@?T~@zFVfDNrGExZJ`IqAvIKrBCtBF~ATxBxApJf@zGBdBIjBiBrDWfA@d@Jf@`A~AJb@EPO@}@y@U@aBt@qB`@eCzAqC@gDm@sA?oGhA{BdAwDg@uBFyBj@s@`@uA|AuAfCg@vAMfAIrGFfCVjEAhAw@fCkD`Im@nCg@rEEpABnDMxDWrAo@fAWv@ZtIFrDI`EgA`XE|CHZhBpCvA|Cb@zBB`AZ|@V|AGz@ZnBa@~HFlDn@vIh@~DbAbElB|F|@bFtA~DdAdGnEdMHp@ANECnHzh@bAfFfAxD\L|@GfJcC`ABnAb@zA`AtB~BxHrMz@fAvEfDf@Ph@?f@U^i@`CkEtEeE\MTDX\t@tCZn@dCzBr@`AfFlP|AdEz@lA`BxAbBp@pDLlBl@x@DhGoAp@Wn@}@N@BpDhBxV`ApK^~Hz@pEhBpSJ`@KhGF~FZ~Dn@fDHzAAhEQfDDbAZtClBzLZbDzD|Nb@tBLxA?hFIxAOfAeAtDw@vB_@`@mAh@IV|AlBhAlBr@~BF~BQxE]`DDT`D|B`AF|CbBjCdA~BhBlBlBdBdAzC`EfAdBVl@`ApE`CzRzArN|ApKd@bC|AvF^`DV|Ft@xW|@|Gn@vKBbCWnLRnTJdArAlE~@bFRnDGrD,2,63.9,False,398.4,,,HQ
118,2,Afternoon Ride,26053.3,5019,5579,266.8,Ride,Ride,,9159110345,2023-04-30T14:24:33Z,2023-04-30T15:24:33Z,(GMT+01:00) Europe/Dublin,3600.0,,,,0,0,0,1,0,False,False,False,False,followers_only,False,,"[51.89315537922084, -8.465769309550524]","[51.70562488026917, -8.521197326481342]",5.191,10.672,,False,False,False,154.4,6.7,9827163965.0,9827163965,garmin_ping_276621751904,False,0,0,False,30351079,1,a9159110345,efv{Hhxtr@Zx@Xh@pAbBlEzBtD|Ax@u@nFgHzCqGCJz@}ANGVRnAfBd@`@fDa@fAT^Z|B|Cz@j@dAJ~Bi@`B@hFrCzBf@nCZAHxHfAHN?ZtEbAjDrApNvEz@y@fBQ\h@DlAv@FFLx@|C~@|ETr@z@|G`@rFxAzHh@lB~A|CbBnBfClAxAX~DG~@U?FP@hGQbFw@vReGnCaBbEwDxAeAzBgA~Ba@x@CHCBKNNvG~@fEBpGe@p@DbPy@fHk@b@OzBBXQHe@LUt@f@Xr@JN~Cv@fBn@hJnEd_@lOjBpAxC~CdAl@zCr@tCBt@Ud@YxBwCdEgIdCqD`AuCv@uCp@}AhB{CbAsAbB_BvC{AxAiAbMgM~@[~@BzAx@lBfBvD|ExCdGr@n@xBhA`Av@~ArBlBjDlAtD|@rE\zBh@lHZdBl@pAfC`CvBpC^p@xAvDbDxFh@nBh@pChCjQ`AjD|@xBzBnDjErDnKhGzAd@jAJrCGbAYnB_AjPmKpUgNnGsE~DcDtEuCtAo@vAStCfAjK`Fj@f@dLvMnAbAbA^hBDjHw@xLiChD{AvAUnACv@NpCjAlJrEvFz@~Ad@~@~@tCvF`@b@x@h@p@Dn@MlBoBlAs@|AS|@LlCtBxI~IpAj@hElAzEZxVgAnA_@jDqBhA_@|J_BtAEnARn@V^ZbApB~BhHbAvA`Aj@hBNdL{BpEd@|@C|Ai@rA}A|@e@`AQfB?xCq@dFmBzAy@jBwA`E}AbHPnAn@~AnB\NbAHjEe@hAa@|CeBbAOd@]jA_B`FcK~@mA~@{@lEoBlBg@tBAhJl@pAOp@Wj@c@z@cA|A_CfLwT`CyCvCgCdB_ApAWnBItCRbAIh@WxDyCVe@n@]DDNKGErAeAn@[~@QsCpAeA|@e@Pm@hAAZjDuC`Bw@dAElA^vDbC|Ep@t@Zl@l@b@h@h@jA^dAZ|AtC~Vx@xE|@rCdAvBfA~AfAt@v@Rv@?v@Mr@]lAoAfGkKtAiBx@i@p@WhAIfAJPWpAl@fAlAjSb[dA~@fAd@bAHz@G|@Yz@m@z@eA|@aBdCgFhAaAp@Qr@@r@T~@|@n@rARz@LzA^bIRfBZxA^vAfGtN`AdDT|APjC@~BQnCiAvKCpAV~BZtAZx@xDxF|@nB`@rAv@rD|@|FpA`Kb@bHfAlGz@pDr@~BvC~FdAlC^jBLhA,2,72.8,False,365.4,,,HQ
119,2,Morning Ride,5083.9,1119,1463,29.0,Ride,Ride,,9159104567,2023-04-26T07:21:14Z,2023-04-26T08:21:14Z,(GMT+00:00) Europe/London,3600.0,,,,24,0,0,1,0,False,False,False,False,followers_only,False,,"[51.49705261923373, -0.1026140246540308]","[51.533230086788535, -0.1265301089733839]",4.543,10.162,,False,False,False,21.9,4.1,9827157702.0,9827157702,garmin_ping_276621598183,False,12,0,False,30351079,1,a9159104567,ceiyH|fS?JKBSLCPSFAN@NUDEJ[`@QNK`AKRKHE@GAi@a@ICUA[B_AQQa@s@@[C{B?UL?BD?G@ADBOLDEAODWCU@OEGGUAOBeABi@DWA[GsAAyBBCDK?ABGCm@F[CsB@e@E[DY?MBW?ISw@AgAc@m@PsBSYEOE{@J]@a@K}@I_@QODaBv@YFi@?k@Dc@CyC?sAAqAGE?GFg@Jm@VI@]CQMm@o@QGSEuACoBWgAHe@G[@gATYLQNe@PuBX[Bg@As@JeAAw@Jk@RK@]PYDw@Xa@Ga@MYCG@SKOAWKUBOAIGE?GFG??A@ADFBAEIGQC@CC?GAHK@K\MTgAj@k@Ro@F_@Hk@DSDwBp@cD`BeAp@MTODa@XYn@IJ{@h@sBfBq@bAeAlBq@`AMJ]BC@KPOl@KNG\EHSZe@d@Wb@Uh@}@|AgDnGSj@c@`A@AFHAM?BA?KX]rAm@`BSx@Wr@aCvDu@x@ULcATmA@K@IHGZ@j@TnBF`A\xCN|AZnAHr@EVMXSVIFGP]ZYLk@d@sCpBe@Ve@`@SR?DINOLOXENUbBGzCHp@\bAHd@^`ABAJJBHFZDd@Cd@EHUXgAn@iAv@[\]LaB~@UDQCI@SPOF,2,70.4,False,78.8,,,HQ
120,2,Afternoon Walk,1992.4,2277,3143,281.0,Walk,Walk,,9159103395,2023-04-14T11:38:45Z,2023-04-14T13:38:45Z,(GMT+01:00) Europe/Madrid,7200.0,,,,0,0,0,1,0,False,False,False,False,followers_only,False,,"[41.41676698811352, 2.129963217303157]","[41.42154961824417, 2.118993066251278]",0.875,3.5,54.0,False,False,False,518.8,237.7,9827156115.0,9827156115,garmin_ping_276621549565,False,0,0,False,30351079,1,a9159103395,whx{F_r~KI`@CD@XOTM@CVAEQl@ER?TIXE^BVAHa@DWROTOt@GFOl@ILE`@GNBPOJCPGFERKTAAEFE^GNKLCPGRg@bAWp@ETKT?DKZGZMZCV@Ha@Ve@h@Wl@MPYr@IHEJGBQRGLEZIRYXM\GHANBLCZ,2,,,,,,HQ
121,2,Morning Ride,9606.3,2045,3862,45.3,Ride,Ride,,8813208042,2023-04-01T08:18:09Z,2023-04-01T09:18:09Z,(GMT+00:00) Europe/London,3600.0,,,,16,0,0,1,0,False,False,False,False,followers_only,False,,"[51.57703885808587, -0.09859154932200909]","[51.517292987555265, -0.130288889631629]",4.697,9.003,,False,False,False,41.1,14.7,9457529779.0,9457529779,garmin_ping_267108181401,False,14,0,False,30351079,1,a8813208042,cexyHjdRb@Wf@]xAq@TE^Uf@OTOfAWbDwAVMpAi@f@YfAe@|@o@J?BBf@|@d@^h@p@hAjB`AtAtAvBtEpGr@fAlBjCh@z@LFFR`@n@P`@pA~BxBtD\f@jAvBXn@~@lC~AdFj@tARx@T\Z~@p@jAZLf@JbAF`@FZRh@d@\R~DxDfCvB`@d@\n@dAlC\j@LF\DdAAh@BnAj@XRRVBRXbBR|Az@pEp@pCl@xCPp@AD`A`Cz@zACFBBBAEFFHJCNQpB{CNa@z@{AbAsAdBiC`@c@p@aAh@i@tCgEB@AE@@?ACEB?C?@CCFPTDAd@sAx@kAXg@\_@FOn@_Aj@cA|@gAP[T[D?DBFRNNdAf@b@ZRPb@XD@?CB?BC?B?Av@DTEnAo@~ByAz@a@f@Yv@i@hCwBb@Sx@k@n@[`BsA`@SfAc@z@i@xAm@hAq@`A_@\UjBc@`@G@AAD@?PMZOf@MzB_@ZE`@Cz@QXCX?N@FHNv@F|@RjBXx@ThDDJFDH?b@Kf@EAHYAo@FIBIFl@QZCHBN\LJ|@IFCPORm@LK\M\AAAB@H?DHLzCFhCAZC\Fh@LNXB^X`@HdFn@jBd@nATLFTDr@Tr@NnEn@XB^Cv@DjDKjASn@Cv@K`ACD?JQ`Cq@bAk@VQdAa@pCYXGLAL@JFVZr@~Bz@zAL^Ed@Wd@YZG`@CAFj@|@pFJ|@XlAXfBT|@HTf@WTY`CeEXSNYJITi@FMHIP_ADKDER@JJd@|@t@bBR\bB~A^TPRLV^dALd@^z@Ll@lAbKRfAL^h@lDJfBHp@t@dEZlBDl@ARB`@^zBFLF\F`AVjB^jANVRf@PV?PSv@Qh@MPKf@ATQ^ONAJDb@f@`BvAdF@JCX]n@EPD?ACE?@CTi@\k@VWb@m@pAyAPMNALV^tA^`ALp@HR`@v@XVDH@VRb@RV^X?TP\?XM\@H?EWS?CDC^JHNFR,2,67.7,False,138.4,,,HQ
122,2,Evening Ride,11500.6,2800,2891,73.7,Ride,Ride,,8809355463,2023-03-31T17:36:41Z,2023-03-31T18:36:41Z,(GMT+00:00) Europe/London,3600.0,,,,25,1,0,1,0,False,False,False,False,followers_only,False,,"[51.492110481485724, -0.09815099649131298]","[51.57938729971647, -0.09957818314433098]",4.107,13.672,,False,False,False,50.5,3.3,9453484254.0,9453484254,garmin_ping_266987732849,False,15,0,False,30351079,1,a8809355463,qghyHxkRER?TDvA?bBEd@Yf@SJcBDaCISd@GVWJOPO^KHOESc@g@WYSI?QJ_@^iEjFm@`Ae@`AY\Ud@e@r@Ud@uAnBe@j@]hA_@GJB{@k@sAK_@GaADsAAg@KcAIeA?a@Eg@AmABy@IeBB_CEUGYDkC?uCQMBeACgAOI?MJSHmA?OH_@G_@@EDI?|@b@w@@KLf@J@DEDw@?u@_@_A[W]QIIBKLSLg@DqCMwISG@DA@F]Dw@TW@c@Oq@s@KC}AEs@DkAIsAFo@Cu@MSDMVIDu@H{@XkBT[?y@RiAHa@CSOo@Ro@`@oA`@KCGQg@I]Oq@@WGIISGUBGLCPKZ_@F@JGFg@Cy@Xu@JQHQL_Cd@kA^qDxAq@`@SRe@ZAHBNEDQZMLu@b@eAbAa@b@sB~COZYb@Sb@y@n@UX]^QXE@ERMJ_@~@m@j@WZMDe@Mq@]]WGIg@sAc@s@cAaBa@e@q@aA[i@k@y@aB_By@{@aAy@wAwAaAsAYWiBsBQIMCMFe@\QPGLa@Xc@P{A^_ANe@\i@D{@GIBUMS?{Bk@m@[gA_AiBsAgF{Em@c@aCkAmAS_@OwBuAGMq@][I_BgASGq@Ci@Bu@PmANaAVGFwAPKDgAHuC\KJKBuEVu@J?DC?Q?MDkA@}ARaABMJM@W@iAQyAI_@Iw@?M@KHUTKDSOO_@EEeA]k@W{CcBaCmAwFiCoBkA_Ao@m@[]Y_@QuCuBi@c@}@k@YYo@Ua@_@c@W[]Mc@EEUCiBa@g@USO]KwEDo@FoAIo@BiBIa@?UFc@R_An@[L_BTkADy@Lc@@eHQs@JOLWd@GBa@\k@hAoAnBo@v@o@`AYXOVOTa@x@UVsApBJPe@n@_@z@{@xAWt@q@jAEV@JjAhCXv@DXEXKTi@l@@JLT@DEFSLi@BgAIq@MI@GDIASJy@@o@[c@a@k@Im@WaAYS@c@G{DIs@@gALiACi@I_@JUCm@QEI?cCCSCC}AKuCa@{@Gg@@yAL_@AeBLq@Eu@Uc@[a@c@i@aAWs@[oAYeBGo@EiAGg@So@Ye@GAeAf@mAz@AAY}C_@{ESu@Ku@Eg@EOB?@E@?EWkCDGDET{AFg@L,2,66.4,False,186.0,,,HQ
123,2,Afternoon Run,2537.9,781,1166,41.7,Run,Run,,8781176361,2023-03-26T14:26:29Z,2023-03-26T16:26:29Z,(GMT+01:00) Europe/Paris,7200.0,,,,0,1,0,1,0,False,False,False,False,followers_only,False,,"[48.902098294347525, 2.050058366730809]","[48.904663156718016, 2.0481047965586185]",3.25,4.238,80.6,False,False,False,123.7,84.3,9423819754.0,9423819754,garmin_ping_266168492182,False,0,0,False,30351079,1,a8781176361,k|miHevoK`@kBH_Av@gENaBTuADm@Nw@NcBLu@DIFBTZHTdAhBp@rAb@nAFt@?PM~AYbCSpAOn@OrAQz@K|A?d@FTN`@n@`@FF?D|AzOVXl@f@Zb@Tp@Jn@Ix@GHs@r@ADiAnA[Xc@f@QNOTiA}GEBCMEEKFw@RQLi@Ri@JMFgAqC[mAQc@O_AO[KKOYQQg@c@WKSWIOUUKOi@c@O[Iu@m@]aAc@c@I,2,,,,,,HQ
124,2,Morning Run,20570.1,6884,6987,92.3,Run,Run,,8736083522,2023-03-18T09:32:45Z,2023-03-18T09:32:45Z,(GMT+00:00) Europe/London,0.0,,,,19,3,0,10,0,False,False,False,False,followers_only,False,,"[51.504845693707466, -0.15570726245641708]","[51.504944767802954, -0.1559442188590765]",2.988,4.416,86.2,False,False,False,27.2,15.8,9376341136.0,9376341136,garmin_ping_264946787098,False,6,0,False,30351079,1,a8736083522,iqjyHny]q@lEa@`D[|C{@lFe@nDf@yDVmCv@kEJ_Bx@eHl@_HJyBTkBXmANeA@e@Ek@cAwA}@\iEhDY`@qDhCcAbAkDfC}@`A_D|BqAt@}@XiCnA[^k@dBu@zAHVd@b@bBdAHLTdEJlElDjFdCnD`AlBj@^pBa@vARrF_@BYGaABkDX_C@o@H_@HwAPoAf@wBd@{Dh@{F|@wFRyBFcBJa@PcCP{@\wCBwA]m@g@g@MBaG`FyDvCeAp@_HjGiDxBaCbAqBlAg@n@Yn@o@lB?RJLbB~@f@h@Hz@H|EJ`ChCjD~FbJn@XxBa@xBJrDWJIEwCJuCVwCjB{MfA{Kf@cDh@uEP{CVsAAq@Ju@@cAUg@a@a@c@LiBjAaAx@_BbAyA|AqBvA}DnD{FlEwAp@aCt@iAz@o@jAeAbCLXjBjAb@`@DNVjKpEjG~DhGh@\nBYzBDtDWRSCwBn@yJpA{Iv@aHTqA\aEb@sDb@gGZaBN}ABo@EYq@cAWUo@\eBpAg@l@w@j@OTcFxD_B`BuBvAqAbAaBvA{@`@s@j@iC`Aw@l@i@d@uAvCOf@H\|Az@r@r@F|@PrIbCbDxBxDhCzDr@XnBc@rBFxDYFO?aBPsDT}Bb@mDp@}EZ_B^{DZoB^eE^_CZ}DFoB\oBLwD[g@i@g@a@L_IfGiCdCqA~@g@n@}Az@eDtCaAj@{D`BiBlAuAlCYz@@LX\xBvAJPPzDFrEpKnOl@X|Ba@jBJzDSHS?gBHmCb@_FdA_GDq@d@oCLqBrA{Kl@wHd@kETwCCM[_@s@i@e@NyKrJiDpCkAt@qBhBoEjCeElB_@Xy@xAm@fBR\rBhAVVHbANrF?vADRtD`Fv@pAdDrEl@XtBQ~@BbEM\IFMAqAJ_C\uDp@qFzAaKb@eDBo@t@aHd@}Cp@mKFi@GQkAcA[H}AlAyDjDiCtBc@TcA`AsGhF}B~AgEhBmA|@gAlBg@xAHXxAl@h@`@LPJjAPvIxAlBl@nAbCnDdBrBZl@n@`@rB[vD?~BUBIEqBPiD`@uDtBmNNgC~@gI`@kCZqDDaARsA^wECWe@g@g@_@SBiC~B{B|A}HtGgD|ByCjCgEbB}AbAYXiBrD@TNTvBfAV`@J|AD`GHv@bB`CpBbDxDlF`@XPBj@Cv@UnE]nBEFUAyAb@oIn@_ErCyT,2,,,,,,HQ
125,2,Course à pied matinale,13886.9,5307,5648,192.6,Run,Run,0.0,8703467618,2023-03-12T10:48:21Z,2023-03-12T10:48:21Z,(GMT+00:00) Europe/London,0.0,,,,6,4,0,1,0,False,False,False,False,followers_only,False,,"[51.44056227989495, -2.611277075484395]","[51.444200947880745, -2.637224094942212]",2.617,5.634,,False,False,False,146.2,8.6,9341829816.0,9341829816,21138c16-c8ef-4dd0-9220-706385861a7f-activity.fit,False,2,0,False,30351079,1,a8703467618,gh~xHvm}N_ArBm@lCQtAc@jAMxAQ~@Ct@Bp@b@pAFdAW~Ai@~@m@zB}@z@{@zAgAj@IpAe@`Aa@pCe@n@eABe@XS|@Fl@ELo@PMf@aBzCY|@a@n@W`CQn@u@h@mAd@}AZ_A`@]AWPaADmFdBq@b@U^gA^}F`DyAT]VsADiARGPs@@_FhBk@fAsA~@u@z@cAlBI^yAxAy@|AkDlBqAXuAFsB}AYKeE?mANgD`AuExCeB^kAl@aAPIOo@@o@h@eBb@m@\eEp@m@`@qAvAq@f@qApBShAoAhD[tB_@fAQlBStEW|A@v@[xBWdACp@s@pBQjAUn@GnAa@fBC~@wBbI_@|BeBdEa@b@aAjBo@r@U`Ag@x@UbAgAh@sBlCOf@y@dAQd@FFp@s@ZGz@ZAHH@`@^ALFJ`ASdA|@lAp@h@JPZv@f@JuArA{CvDmDxBoA|AOjBi@dA?hCeAb@AxBcA|A}Ab@SbDqEhAo@Jq@RId@q@b@WZ_@Hu@OkAwAgBcA{Dw@iBOo@[_@m@wAaBgBuAs@m@y@Ke@t@cBFy@h@sCRe@v@mAZiBP_@`@aBRgBAq@Mg@HgCxA]TQXk@`Cy@l@EVLz@_@~@?r@k@Do@Rq@A_@b@m@dASv@i@p@Aj@?dA`@JSV?\JPTl@?^VF\XZ@\R^TN@f@Vb@ZRxA~Bl@h@NA~@cAdAt@^J^YLY@yBZ{Ap@}A\mBJv@ECTp@JbATnDFnDC`ADx@^hBEl@L^_@p@[lAEtBHb@j@~@dA`ARh@jBdCn@lBp@r@Xz@h@h@BRm@fFP`CLRHU`@WPkAP[JBRl@Ab@_@vAKrAGxABdDh@`E^fB|@~@xAfB~A~@RxBv@vBXbAP|AnApBx@pCvAdCF|@KjBFl@xFtKt@tB`AjAp@`BfFzEPIJj@f@~@r@h@z@jApChCl@Gl@_@v@{@v@qAHAb@fBnBtFXm@`DwB|BaCvGcFh@sAn@SzAIvD|CJYEeBMm@DKrA`An@PFISaAu@k@aAgAa@s@KCD?CMQOGAmAqCSeAOEc@aAYy@sFaM@gA\cA?eAGmAk@gB_@kCLcGg@_DYiKBeAl@}B`AkFNsBHwCUuAu@mBwAkBcAK,2,,,,,,HQ
126,2,Course à pied dans l'après-midi,4012.7,1296,1502,9.6,Run,Run,0.0,8670811713,2023-03-06T17:33:35Z,2023-03-06T17:33:35Z,(GMT+00:00) Europe/London,0.0,,,,8,2,0,1,0,False,False,False,False,followers_only,False,,"[51.482330141589046, -0.09449237957596779]","[51.48699089884758, -0.0951747503131628]",3.096,5.31,,False,False,False,7.9,1.3,9307651371.0,9307651371,9df3a649-8ef3-444b-a867-450b4b1001e2-activity.fit,False,2,0,False,30351079,1,a8670811713,g`fyHf}PKaECeD@eAGoB@UKqA?q@SsFCcCG_B?kDCeBCyAKuB?s@Ek@G{BAmCEm@@o@Cm@@_@SuEE_FGkAOoFOcDCkAKyAAkAOsCIq@IKEAi@?q@DyACm@Fm@?EBCH@x@GjAIv@EFE@WA]?c@GE@_@Ik@@UBw@^}@PELBn@K`@A\BTFJJJPFR@PJFF@L]v@[f@Oj@SbACXAfA@TJp@d@pAAN@FGJCX@NDDDCJ@FBDNDXFFHTHDJV@d@Lj@BB?JIPCPPZD~@FDPB\GD@j@`@VDEDCHJd@OlADl@L`Ah@|@b@fAFFDBDAb@_@n@Qz@f@\NJJXb@HR@xBJ|@FPDBLDP@JFNf@@R?nBDvAADC@?GAVFFf@WDDn@vAV|@DV?lARtDCj@FfBC^F|@?~AJlBCpAFj@?~ADjB?rACRGJBrDJxBAJEJUN[Fo@l@@JCBE@cADUFS@MAu@UGIUMUCg@MmAs@MKaAa@EKGEw@Bk@LWCQBID,2,,,,,,HQ
127,2,Afternoon Run,1428.3,449,456,0.0,Run,Run,,8670673761,2023-03-06T17:25:34Z,2023-03-06T17:25:34Z,(GMT+00:00) Europe/London,0.0,,,,0,1,0,1,0,False,False,False,False,followers_only,False,,"[51.48791181854904, -0.09882506914436817]","[51.482428796589375, -0.09451869875192642]",3.181,4.652,87.0,False,False,False,4.0,2.5,9307507352.0,9307507352,garmin_ping_263139680442,False,0,0,False,30351079,1,a8670673761,_zfyHlcRf@]h@Uj@g@Zq@Jo@A{@OcBCy@EUIuAKi@A]QcBO{@EIAIFGZOfAQj@Cl@F,2,,,,,,HQ
128,2,Morning Run,13001.3,4334,4879,138.7,Run,Run,,8657108106,2023-03-04T09:39:13Z,2023-03-04T10:39:13Z,(GMT+01:00) Europe/Paris,3600.0,,,,0,0,0,1,0,False,False,False,False,followers_only,False,,"[45.95704838633537, -0.6732732709497213]","[45.95687219873071, -0.672945287078619]",3.0,4.042,86.0,False,False,False,62.9,5.3,9292672105.0,9292672105,garmin_ping_262765635052,False,0,0,False,30351079,1,a8657108106,saowGxacCa@dHs@xG@tALtB?VCfAOpAOp@i@lAmArBaApBsB`DMNIDO?IEc@e@oBgCk@_A[a@cAiBwCuE_@}@YiAy@}DWsAIo@Co@FaFAu@C_@Ka@MU_As@Ya@O]WiAK_A?c@RqCNqDFg@^{GAaAKQoAo@q@k@iE}EuAiAKSAO?a@H}@T{BFiA\oDJa@HQPSJ_@b@mCt@eGNuBCgCLwCLoARaD`@_E@[P{ACa@{@aAS]kBsAGU@_@xAiI\}AHi@~@{ENYRQhAc@RMPSHWl@{Er@oG?UMOk@Qy@_@kAs@i@c@_@_@GSAORy@|@_CvAiEj@sB`BmF~@{Dn@mDlAgFhAoGnAwF@KGOk@o@iBkCu@y@W]EQDWX{@XmAh@}Af@gBJIL_@~BeINYa@MoAy@sAmAoA}A_@Y}@SkAMe@KwAi@EE_@QUQK[Cs@C_DIaB]_CGQGEgADcF^UGISCWIkBAw@H{CNIGaBAw@P{DE]Ki@YaA[_@k@UGKCM?_@He@JmA@e@IgB@ORwAEaBDUXu@Ja@l@}@z@eAHSDU?WQo@Ui@m@q@IYG[TgEBqCDmANgBb@eBPeAL{A`@wDb@gCReBTgATwAr@oClAwGRJVZj@|@dA~@zAjBlBrBjB|Br@t@r@`ApB|B`@n@z@~@lApAdAz@`AbANNXJLRfAjAn@v@h@x@bBtBxAxBf@l@jAdBd@x@rBlEZz@f@bA^~@fAzB`AfCd@tAPTZPFHLVBLCh@[hAQlCLvAJ~C?FMZDpA\rERfE\bCFfA@bBGzHSnFEjDM`Cs@lFi@tEi@jDe@xAQdAMxB?`BG~BGb@WvAMpAOz@Db@Cv@Jt@MvAHb@ApAI`Am@|CIr@U|DAvDBzGGhAUlBB`De@tGGpAM~@?`@Gd@M^O~@E`A?vACdASzASpBO|@WpAKbACf@EpHERB`EElEHfDD`FLtEEzCIbAGnB@`BHbCE\AfADl@?b@Ch@OjAMd@aArC[tAGr@C~B,2,,,,,,HQ
129,2,Afternoon Run,7254.5,2365,2644,70.4,Run,Run,,8642734532,2023-02-28T16:14:18Z,2023-02-28T17:14:18Z,(GMT+01:00) Europe/Paris,3600.0,,,,0,1,0,1,0,False,False,False,False,followers_only,False,,"[45.95669902861118, -0.672795670107007]","[45.95692902803421, -0.6730740331113338]",3.067,10.798,85.7,False,False,False,48.1,5.3,9277646488.0,9277646488,garmin_ping_262353205609,False,0,0,False,30351079,1,a8642734532,_aowGz|bCm@fKy@|HCt@?`AHpABz@ClAIx@YjAa@dAiAtB_@z@y@bBm@`Ak@v@SNKDI?QKOOmAkBkB{BiAoBoAoBmAsBUg@Sq@eAcF[iBGm@GqC?gDEs@Qk@OQs@k@g@y@Qm@WaB?e@L_C\cE?eBJuBNkB@e@C[GMm@Wo@c@sAqAgAmAkAkAkA}@U[EO?oA`AyKHa@`@e@HWpA}JV_FBeCTyCJyBt@sIFWLKH?XLZLZV^\T^PPV^Vb@`@dAn@lBbA|Bz@hApBxBZb@hAfBbA|B\bAvA`Gd@dBjAtFnAzE^hA|@|B^zA`@pA~@tB|@dBFTFZBx@MlFKbCKl@C~@WtDUtF[bEUtB[zDAfAJvBIvBE^UdA]x@_BxCgAxBm@`Aw@fAIFUHKCOK]a@Yi@{BqCUi@cA}AcAmBmAeBu@qBoAmGQuAAi@?oFEqAM_@IOaA}@e@o@Qk@Ia@IeA@w@^gHBsAHs@PaELgAFGJ?f@L\BVDbB^zAXrAPz@BpE\hBR~@RrAH~ARlAF,2,,,,,,HQ
130,2,Afternoon Run,2837.4,1359,1383,20.5,Run,Run,,8638434246,2023-02-27T15:31:14Z,2023-02-27T16:31:14Z,(GMT+01:00) Europe/Paris,3600.0,,,,0,0,0,1,0,False,False,False,False,followers_only,False,,"[45.95669659785926, -0.6729966681450605]","[45.957090547308326, -0.6730320397764444]",2.088,4.322,74.8,False,False,False,23.3,5.3,9273171945.0,9273171945,garmin_ping_262229300659,False,0,0,False,30351079,1,a8638434246,qaowGd}bCGdBe@vHMdBYjCIxA?dARlCEr@BXGJKz@W|@qCtFeAfBuArBONMA_@]gAaBi@m@_@g@IQSU_@o@iBqCaBuCQ_@Qi@Mu@_@yA[{AWaBGaA?WIcE?iBC]GSOWq@a@o@s@Q]I[IwAAm@BcALkBFkBd@uHHiAD_ADIDATFL?FFTFL?t@V|@L|@TdDd@tAFrDZlCXpAFp@L`AH,2,,,,,,HQ
131,2,Afternoon Run,6978.8,2435,2648,72.1,Run,Run,,8638432070,2023-02-26T16:18:04Z,2023-02-26T17:18:04Z,(GMT+01:00) Europe/Paris,3600.0,,,,0,1,0,1,0,False,False,False,False,followers_only,False,,"[45.957109071314335, -0.6721270456910133]","[45.95702349208295, -0.6730440258979797]",2.866,3.81,86.5,False,False,False,48.0,5.3,9273169671.0,9273169671,garmin_ping_262229247543,False,0,0,False,30351079,1,a8638432070,ccowG~`bC[s@]iAKo@Qo@eB_Ei@cCk@yBGa@[uA_@sAGBSmAWsAw@aDQy@]oAYw@iB}Cm@{@kByBkAiBy@oB[gAg@uAa@u@_@g@WQaByAIEK@KJIRMh@Kh@OzACvAB^InCWlCMdEKfBo@tFa@nCMjAMV[d@I`@YzD[jCOnBAd@HPr@d@`Av@z@z@rB|B`@\j@b@t@^PLDT?X[`EKhBGr@c@zHC|@H|@ZdAVb@XZ|@r@NTFRFv@?rFHrBvAxHXbA`@v@~@pAbAzAzAlCxD`FNNFBL?RSnBeDvCeGTo@Py@Fi@DuACmAK{A@i@JkAVgBZiDf@sKLuAn@_LgA|RKvC_@rEa@jDKvA?z@HdAB~@EtAKdAIb@Od@e@|@a@l@{AxCKLi@`A_AvA_@`@QFMISUc@u@{AwBm@o@c@}@wA}BO[qAkBYg@Se@Su@m@kDMg@U_BEo@A{CBmCCc@G[M[}@{@]a@OY[}@Ga@Ci@Ak@NuDDe@ZkF@w@\cEFOHAH?XF~@Z`AV|AXVHp@Jl@DfBDfCXlABlAJnDb@xAL,2,,,,,,HQ
132,2,Morning Run,12659.3,4040,5392,61.0,Run,Run,,8547558742,2023-02-12T09:35:41Z,2023-02-12T09:35:41Z,(GMT+00:00) Europe/London,0.0,,,,0,2,0,1,0,False,False,False,False,followers_only,False,,"[51.49143632501364, -0.10015016421675682]","[51.49145560339093, -0.09786341339349747]",3.133,7.038,86.2,False,False,False,43.7,3.2,9175320400.0,9175320400,garmin_ping_259712362011,False,0,0,False,30351079,1,a8547558742,yygyHrcStD|CPV~@x@|BnCl@\p@f@f@j@\j@hB|A~@bAx@jAjEnEt@j@hAE~@Z`@b@pAfBr@b@lBrBt@j@`BFf@V|Dx@bANJG^@r@L|EzB^FvA|@pBn@vAXtAPr@@bBZn@C`@LbEN`CRnCDlDVzBA`BMNJ?Cd@BvAYzCIf@I|EE|@KpDPbBZlCv@z@d@|DbBdANt@^N?\^n@J\^n@Xr@l@^JX\x@Db@N|@AfDxAbB^|AC`@R|@DpBMjEaAb@S`Ds@`@QnE_A|DgAf@[~A]r@_@G?IQ?u@G]B_@SsBAuAhAg@PS`DwG\gBb@iAdBsG`AwCZs@j@yC@SQkC@yCB[n@oCp@yD?kCKq@@}AdDiB|Ce@Re@Am@bAkB\c@b@WzA[b@W^Yj@iA`@i@Vo@l@u@|@uAh@k@hAeB`@u@bAiABMVYrBoArAiAf@SrCKrBg@tAWzBsAXY~AgAPGX_@^]dDwADUGgB?w@HoAAMCCg@DIGEWAkAO]KAi@TKEGI]cA}@cA[SgAwAQGWL]AYOu@qCSe@[g@OHKj@k@fBQjAG~@SbAAILq@?i@NuANi@Vk@VgAVw@M[cBkAqDiBmAS_Ac@yAgAkBcBa@UUC]]UKiCWe@U]Da@YYGSBc@KeBGgANyC_Am@iAi@k@eAuAM[[[_Ak@i@Si@POC]Sa@Mo@Ao@DaAVy@@oCl@a@NoAz@k@Ng@b@gB|@gC~AsAp@{@ZeCrAkCpBeDnBo@j@wAv@g@`@{@j@oHdEq@PGJSrAY|@MjBEXQNMTUHaEq@]Mm@GODMTIF_@B}@G}@Ru@d@uAn@OCSYS@QHo@h@C@WMqAz@i@TYP[d@_At@u@ZU@SX{@h@[Zk@`@qAb@YMWB[Ms@?u@Ik@LqAD}A\{AJu@GIGsBOq@Qo@VSPAFQGm@Bw@GgAXUIGJERCC{Cd@Yn@[JeAPi@G_AROLiCDeCh@uAISM_@E}@Nw@Bm@XeAGi@FWRkA@u@JkBDc@DON[KkBBy@Wo@a@i@IS[_Aq@c@m@wAU}Ad@a@^}Aj@EN[^oAv@ENiAv@_@b@}Ah@UBqAb@_AJoA`@{BdAO\,2,,,,,,HQ
133,2,Afternoon Run,4026.1,1195,1668,4.0,Run,Run,,8543832071,2023-02-11T16:04:20Z,2023-02-11T16:04:20Z,(GMT+00:00) Europe/London,0.0,,,,0,0,0,1,0,False,False,False,False,followers_only,False,,"[51.49069947190583, -0.09912815876305103]","[51.48808775469661, -0.0993463397026062]",3.369,11.538,86.7,False,False,False,6.8,2.3,9171123103.0,9171123103,garmin_ping_259600267408,False,0,0,False,30351079,1,a8543832071,ckgyHfaRb@Y^CDCPZJJHTLHN`@HJPh@?NBDFCt@q@t@eAZ_@\TVv@Jd@VNPBVKx@i@f@c@NIDEGG?JBPRIJ?HGTYPEd@]Tm@@e@EsAKu@KYAS@IUeABu@ESQoASq@B}@NWVOLMd@uANK@Hh@@d@_BDJ|@m@@NLREDYBIFI?OFYBgA`BSNo@B]HED?CC@w@h@fDgB@DJBZ@h@Cf@BpBl@LFNRXHd@TLBZ@l@Nd@?`@@TELLBSX_@HCj@?JEBE@YMyDI}@@UPsA@}@OwF@]?}@IeD?yAGiB@eBIwC?iAEWM@s@^IHCLDjDGdBA~AZjEIVa@p@?FRVDPP|G@FHLJ@NANHTDFLTbATJb@A`@GP?\CXI\EFGD[?QAEIEi@Hi@DULg@LIFMTKl@QZGXAbAJnCEb@OPc@Ry@x@cAJiAGMCSIm@m@GCWAUWUGw@a@QWSOe@KQ@QHW@y@NSHKFEL?PFnCFn@BLNTJv@Ap@Dp@?~@JfAC^Id@Qd@o@z@GNALg@\_A`A[V,2,,,,,,HQ
134,2,Afternoon Ride,8222.0,2121,2328,11.6,Ride,Ride,,8543829512,2023-02-11T13:25:38Z,2023-02-11T13:25:38Z,(GMT+00:00) Europe/London,0.0,,,,15,0,0,1,0,False,False,False,False,followers_only,False,,"[51.51916516944766, -0.15785043127834797]","[51.49171150289476, -0.09918875992298126]",3.876,10.688,,False,False,False,28.4,3.2,9171120173.0,9171120173,garmin_ping_259600214184,False,9,0,False,30351079,1,a8543829512,sbmyHb{]nCkALG@C@?DKB@BCJ@LIx@QvDwAp@_@ZGb@SBIBUABHIFDL?DBJRBj@LlALdBX`BFfAPdB?PJ`@D@n@Ur@O`@EZ?VKDM@gABUIW@IFKj@a@`CgAvC_AfB_ARINHDA?KDOXQ\M`@UHIt@k@^a@h@}@`AuA^q@pAeBfBkBrAmAJQfAeAjAwAl@k@Zi@`AyArAeB~BqC\WNIPAlABPBfBd@d@DH?PGRMh@OLIE?AB@HD?FIFYH{BJa@HMJIJGLA`ALHABGFk@AgBBiDR}HBcDFsAJsI@iEDe@Lq@BiB?oBGwABs@GABACIRk@RUNKTCVB`@RJBJ?VITOd@o@TS^i@v@{@HKHc@UkEWsD[aG[}IO}ASgEKwAQgEG_C?IEEDQ@wAH_BBwACa@DoAAQB_ADy@Li@Fq@N{CFeCB}DHkC@V?DCA?BBGAKMWGgAJgGJoCCoAJmGAqEAo@FkCEc@@QDQDONURCR@@G@?FSN]Bi@JMHATHfARpCPd@Jd@RTPp@fAp@tA`AjDb@jAf@~@n@l@rAn@nDrBpAXf@Fb@L\@f@KNIj@g@HCJ?HDFJXjAJZHJVJnA\n@L`@D?BJ@XNVBJFP?FIJWTcADIDCJWRu@PgBJy@\wANoBd@yBLa@~@wBVy@~@eDrAmE\_BRm@Lm@l@sBP{@LaADo@@eD\yCJQFEb@CFEFSAe@[aAWaA_CgLoA}DWs@c@{A]}@Om@[yBO}ASyAq@oDAAA@BCC@[mA[k@s@_AcAqBBSNa@,2,56.3,False,119.5,,,HQ
135,2,Morning Workout,5891.1,3611,3611,0.0,Workout,Workout,,8542394440,2023-02-11T10:32:58Z,2023-02-11T10:32:58Z,(GMT+00:00) GMT0,0.0,,,,0,0,0,1,0,True,False,False,False,followers_only,False,,[],[],1.631,4.754,68.2,False,False,False,,,9169528972.0,9169528972,garmin_ping_259571752071,False,0,0,False,30351079,1,a8542394440,,2,,,,,,HQ
136,2,Afternoon Run,6377.1,1966,2378,22.8,Run,Run,,8521188740,2023-02-07T15:15:24Z,2023-02-07T15:15:24Z,(GMT+00:00) Europe/London,0.0,,,,17,4,0,1,0,False,False,False,False,followers_only,False,,"[51.491271955892444, -0.09988588280975819]","[51.49195600301027, -0.09761740453541279]",3.244,7.76,87.5,False,False,False,15.1,3.0,9146090698.0,9146090698,garmin_ping_258988598432,False,13,0,False,30351079,1,a8521188740,cchyH`nRU@CBAHGDSISBGB@TDPSHWSk@DGLUV_@Xe@TEB?PkATm@BQAID[AMEWQG?BDK?SLEF_A^ADGFSH[DQNOJWd@STMHAFS`@STa@t@Uf@Id@MV]d@_@t@o@~@]`@YHOJOPu@r@WTWNKPOb@[BWHc@DUNKACD_@B]PO@@HE?GHGD{@ESIWC]KM?MBQ?IEg@AeAYYCQBKHc@FEHEACFE@WBq@_@WGa@@GFkBQm@Aa@@YEYMk@CG?ID?FC@K?MCQ@UGi@Li@BIFeABMC]OW?MEa@OIQIAa@h@m@Fi@Ci@B[HYACDOEu@R[[KCEEGW?MGJC?WM[XGBYb@a@LSBKAQDILGVEBMTAPAbDUvAH|@C`ADZCb@BXFHFRLFDJIz@BTJV?`ADl@P~@JjBBnAJbACnAGv@@zCFv@B~@AX`@pDb@dAPfALh@Xv@NTV`@r@v@A\YP_AhASJGJ}@l@aB~Au@d@sAfA}CrBc@^KCKDIABIHCBB?KBEGq@AYASU_AEeAIo@Y_ACYWoA_@sDG_@C_@?_BGaA?cBG_@?g@MwA?s@GWIuADuBAMEQ?gEEwBCcDCm@FgBAkAFuBEg@?SC_@|AiIfAB`AEtAJlEPPAf@IfA?\QPARFJRFIzAo@@AZ@d@MbABPKNPLHNFXD`@A^GLBP@`@Fj@FPAZGZJR?\HNER@LDNCPBd@?PBXA^FXAf@FVC^BfA?PBL?FCFBT@HFJ@VA\Bv@S\EF@Z@XL`@?`@L^DNCb@@bBELCn@GDBD?ZK\GLMFUNYF?b@JDCTA\Ub@k@LEHK|@gBj@m@VKJAHK\OJOLa@POj@y@^]LSFWH?LY`@e@H_AFGHCNSXQP_@FKHg@V[L]PILQROL[DOJqADwBEo@@YDMTQRHP?TKJCNKJANBd@LRWDc@Ne@Fm@FMHETg@DETMn@U,2,,,,,,HQ
137,2,Afternoon Run,3254.5,943,1156,2.2,Run,Run,,8515375200,2023-02-06T15:06:48Z,2023-02-06T15:06:48Z,(GMT+00:00) Europe/London,0.0,,,,2,2,0,1,0,False,False,False,False,followers_only,False,,"[51.482341792434454, -0.09446530602872372]","[51.491489466279745, -0.09757465682923794]",3.451,5.702,88.3,False,False,False,5.2,2.5,9139680397.0,9139680397,garmin_ping_258828891852,False,2,0,False,30351079,1,a8515375200,o`fyH~|PCsCEeA?kAMmCAy@Iw@I_@]_AUa@SIQCAEDg@?q@Bm@IuA?o@W]QJsBp@MBOFCJ@NNz@_@z@MHYLWN_At@i@VOPG^GDc@NUDa@Lw@b@iAR_@Ny@d@ITKNKBM@SLG@MHQ^OLw@d@o@VCFs@Ts@PcA`@SDk@b@QGC@GCG@u@|@KJa@La@j@Sd@a@`@e@Nw@j@o@VWZKBM\GA]FEJGJG@MJUHCHWTGLQFOPMJc@Te@JEDMf@GLIFCFDj@AZJz@Jl@,2,,,,,,HQ
138,2,Course à pied matinale,8014.4,2476,2678,4.5,Run,Run,0.0,8502231502,2023-02-04T09:41:28Z,2023-02-04T09:41:28Z,(GMT+00:00) Europe/London,0.0,,,,11,0,0,1,0,False,False,False,False,followers_only,False,,"[51.491397097706795, -0.09983726777136326]","[51.4883506949991, -0.09976258501410484]",3.237,7.274,,False,False,False,6.2,1.4,9124844097.0,9124844097,81dc5d1f-b972-4ad9-b635-9804dc22954e-activity.fit,False,10,0,False,30351079,1,a8502231502,cngyHxgR`@]Ri@JMH?HT@|@@RR^Xt@RNF@`@UjAsAb@s@FU?_@BGPOXENDFFh@pAJXLVTJX?~@}@Tc@Ng@ZY\Sb@c@p@e@^IROFSBi@DSDgAU_AKeAWo@QkA@o@CgAD_AA{@Oq@HKr@?`@Kj@Br@Xl@JZRjANbAd@J?RQJA`A\TGV@RYFAT@?HBBLDXMv@MJU@WIiAKcAI]FiBRcADkAAc@Ig@Cm@MkAHcAAkAQaAJ_CCsA]_DHB@GEuBM{@?UD]C_AD_AGoABgAE]A{@IoA@c@Ag@Mo@J_BKo@@m@OwB@i@?UGi@?uAK_@Cq@Ju@IuA?yACo@Bc@Ia@C]B_@?aACuAOyA@WDg@?WEYQs@Au@G[Am@Ig@@mBEYGyA@yAEs@GUBk@Es@TCJQFqAFI`@Gd@BDDR\^AnAk@d@g@RKt@K`@SZ@h@ILD^KXSTg@F?TNt@IV?x@c@Na@JI\Af@M\Qz@It@i@nAYj@i@x@@z@[b@GNIX]z@Yd@?d@[^Ex@BVETKZ]VILW`@Ef@YBCEOKIa@Ly@b@m@j@e@Cu@RgAj@e@?g@Po@BU^c@TeBb@e@KEBS`@]ZaAFQJSVc@BKFS\SN_@?WJYII@y@f@]`@_AC[DYj@_@\]Fq@AOLWAQJUTa@?MD_Ar@kADc@Em@KYKe@_@Q?CNLr@@~@Hx@@fAN?@LIDJHj@B`@XHLFd@?h@Ih@Hx@C`AF~@IT?FL|@JtABt@ET?NPbAB`@Ab@KVAJN~@Eh@Df@An@BRV|@EvCFRPXHb@ERMTQNw@fBEN@n@B^Nl@Hz@?l@OtABdAXlA@TI|AQNKb@?TN|@Kj@nCLIJGXCn@@pAEp@NdBAXBHVRR`AJR@\Kb@DRd@r@l@l@Nb@Fp@Px@@VAnAIf@AnAJjATb@HZELKLMTE~@GJS@[SYGSF]K[NSRI\MVI`@?b@JrASbC@n@Gt@CDSFc@CIDKXSRy@TuASkAa@_@[w@GqAcAs@UQBe@d@e@Gg@@{@VCJVt@^`DRp@Fp@Cj@Lj@FfALx@Ar@ETOd@MRk@`@YZ_@No@r@SJIJ_@N[f@,2,,,,,,HQ
139,2,When you plan on running 15km...but then you see some Boris Bikes 😅,10426.6,3376,4259,34.8,Run,Run,0.0,8464680944,2023-01-28T10:43:05Z,2023-01-28T10:43:05Z,(GMT+00:00) Europe/London,0.0,,,,0,0,0,1,0,False,False,False,False,followers_only,False,,"[51.49139349348843, -0.09975235909223557]","[51.4854202978313, -0.14306249096989632]",3.088,8.126,,False,False,False,25.9,1.8,9081993587.0,9081993587,812060c0-9ee5-408a-a845-ff94eb95a5a0-activity.fit,False,0,0,False,30351079,1,a8464680944,kahyHpzRIVHV^j@`@b@RNt@dA~AvAb@RZ\f@ZhA`Aj@p@\Xf@p@r@d@zCbD^\XLl@~@d@`@VJTTpChDFNfBvAbAhAZf@nChCh@l@f@r@rAlAp@z@j@d@nBrBr@d@`@RTTNB|DnEJBl@d@~@|@f@t@jBnBn@t@R\v@p@r@v@l@\hAjBfCzBt@t@\f@jAdAb@l@`@ZtAzAdAxAx@v@`ChD`Av@z@v@PJlBvB\XZb@VPX\jB`Bj@b@NRPLZf@b@NPj@f@l@\TVb@ZVbBlCTTd@n@bAhAVRpCbEz@hBd@r@Z\vBzC~@fAV^nBlApC|Ab@\fAh@t@f@nB~@BPCn@BPRd@f@z@HZRRVf@Xv@P^Jj@Vl@@JLNAJVv@NVZlAZv@Nn@\z@FXRh@P|@LZVtAXhAN^L~@JZz@tEP~AL`@Nx@@JCJBDXJX^h@d@\dAZ^Xn@n@v@Pv@^r@Zb@^x@d@t@|@hAP\d@r@LVTNR`AzAhEPbAPh@BRFrAJ`AJbB@l@P`DRbBDdAj@zHNvA?ZCTSl@Lt@Ab@i@lB[dBS`BOl@YzAQXITI~@a@|Ci@zB{@vE]dC@|@AHYz@Cp@Sl@GdAWfBIvAQz@I`AKl@EDI?cAYq@?SEE@GJOLUSqBRc@GgBTYLq@n@WPa@L}@^a@J]?cA\o@\SBCFDbEDv@NtAAHIPyDd@c@XgANu@Ec@@oCdAsA`@MAIONWFMYDiAhA]Xg@Ve@^[NkAv@g@PYVmAd@_Ar@SB[K[DwB~@k@ReBbAYHa@g@EUSaBW{AUwCSgAEg@EIGASVURm@N]Rc@F_AVu@Cm@\k@HgA]}@eAe@a@UE[FaB|@YAo@Fi@Ew@B}@Nc@AwAh@S?KQGy@S{@Gk@Me@m@kF[kBGaASuAIaBGg@iAgBQZSj@OZo@d@u@fCa@r@IXWj@e@\q@`@e@LGEQ_@F{@A]Kk@Ae@UwBMkBAiAYoBKaCEYCm@UwAQoCMa@G{@_@aBK[Mq@O_@q@mD]oAQ_B@yCPQMAIOEeEGy@?]IG?IMUU?oEl@e@CeFh@AOF]?II}@?mBCm@DuAG]AgBEI]AEILYF]@y@TeE,2,,,,,,HQ
140,2,Afternoon Run,14518.3,4975,6076,51.4,Run,Run,,8428198243,2023-01-21T13:20:41Z,2023-01-21T13:20:41Z,(GMT+00:00) Europe/London,0.0,,,,3,4,0,1,0,False,False,False,False,followers_only,False,,"[51.492595290765166, -0.09983684867620468]","[51.49243016727269, -0.10211018845438957]",2.918,10.304,85.7,False,False,False,27.9,2.1,9041603414.0,9041603414,garmin_ping_256407999418,False,2,0,False,30351079,1,a8428198243,kjhyHbvRs@Zq@Wo@DQM{@nAaAFa@r@[rAJ`CGzA{@dDkA~CQtAaA|By@nCIv@w@~ASv@pAnJPxBVt@f@zCRlCTbA?h@L`B`@hBJnA|@|D^pCn@dAEhBDFK~@b@dBRbBLdERvBGv@p@jCI`Cb@b@Fl@YzFUpBQ`FOv@e@bA[V{Cn@q@E{@`@qBZ}@|@uDU_A\_@l@oC?q@b@q@BQNISQzA?jAWlA{@Ry@AIZOzCa@RQp@@tAKvBSLgA]}@EGBG`@DlAK`@DvAQv@Cp@FvBJt@?`CP|BKfBF`BXdCbAhFv@xBtAdDj@bADZMx@q@dBUR}@O}@mA[Bi@\G^o@v@[Rk@z@Q~Bg@j@s@zDAbBKfEU|C@v@MbAIlC\hGAfEFjCG`@`@pCxBj@I~B`@hABjAO~Cg@z@G|@yAhA]x@OfDUd@c@jBClCRpBGdAiAtGKbAaAnEUf@y@z@J\vDhBRXHj@Ox@CxEQdEyA|NSdGHtBShA]|GDz@s@hGs@jD_BhE[rBk@bCc@bAi@b@yCbAa@h@a@nAi@p@}@\oBVsA|@]HkA?wCy@_CNUo@mAaGOoA^}Cc@kD?e@Tu@KaDB}CUuGDiD]sDmAeQMmDPoLL{BTyAlAcEzAkDdAeAnEoAdAcBcArAoAZkB`AK?s@_AWy@Ii@B_Ag@wBMyAAw@IgBM]@_ASoCYmBW{@SII_@QmDc@gDY{AAqA[{B@S[eCWy@E}@Qk@MiCSu@?SFMKmBi@mF?}BEu@a@yBOOWw@CmAWm@O_CMa@v@mBZc@lBeBd@s@lCyBpAuBSo@GCKk@OQe@qB_B{C[aDEw@p@cApB_BCy@S}@AkASk@E_@^a@@MlA_AnCmHRFjAe@EaB_@y@Q{@G_C[M@}@EaAy@kCbAIZQhBN~AoAj@_BFk@t@i@pCo@vAJj@Yn@\VK\s@Z_BN_CPu@EUZkE`@aAAyDvF_W^}Bx@T`@M~APb@e@Ro@OuABa@n@s@hDUR`@d@mD`Au@~@{Ar@OdALpEaMZDbBlCzAcBt@iBl@aAEmAh@{AXsBl@mAG{DJoCNIR{@xAcDj@qBRWz@iC|AcDP_Aj@{AtA_H^iAJIRiANUX\~@`@rAKrBL~Af@DkAZW,2,,,,,,HQ
141,2,Lunch Run,5025.2,1652,1805,24.3,Run,Run,,8421999497,2023-01-20T11:52:09Z,2023-01-20T11:52:09Z,(GMT+00:00) Europe/London,0.0,,,,5,2,0,1,0,False,False,False,False,followers_only,False,,"[51.53357424773276, -0.12615803629159927]","[51.534284027293324, -0.1254612486809492]",3.042,8.651,84.9,False,False,False,29.0,16.4,9034739364.0,9034739364,garmin_ping_256242160695,False,0,0,False,30351079,1,a8421999497,wppyH`zWi@X]ZU^g@d@i@`@_AxAOPEPOZOb@IF]LOVBTCZBPIv@CJ[l@Il@?JOdA}BxHWh@e@t@iAtAa@z@[j@cAdCWr@CNw@bBYz@U`@ALOZY`@c@~@U`@GLAP?~@J|@?^Fb@@t@EdAOp@g@bBEVC@Mv@@RPd@DDPDBDEP?RJJAJ@ZGn@AZc@pBi@jBETQVK\In@k@zAIf@Cp@B\b@rBRdBNf@^z@@`@FVg@wAQa@Ik@EOQAUUOk@Gi@KWKu@Dm@La@Fo@Nq@Rs@FKHIJWHMHa@NU^qARYNa@Js@Bi@IsACQIAGQJe@US?IMOCOf@uBRg@Jc@NgAHwBIk@IeCVu@Ni@l@}ARYFS^{@r@oAl@wAXaAp@cADKBQN[V_@l@eAhAwAZk@Z}@Ty@\w@b@sAb@w@b@kA@a@GINo@@u@BEDAD@XENSDe@Ls@FoAh@{@\]`@iCTk@LQNAHGb@M@EAQw@_@GIQ?YUB_@EECIDKIKQ[c@a@KW?]B[CGUUEOGGWG@OEW@[GMBk@CWMBCEIm@Ly@@CPEH@VIf@GTDLFn@Fr@Zl@JTBTPj@hAb@\HBH?x@ONB\CVMVAvAYFEd@FJCVHTTFB^?v@g@NCRHNB^VLFFBZ?d@TZBf@M@BE?BAAAB?DPVPV@\GLDDH@JCJIFE?YPQBQDm@ZU^_@`@OHIVKJM@QJe@HOJ,2,,,,,,HQ
142,2,Morning Run,5602.8,2162,2605,22.6,Run,Run,,8406226350,2023-01-17T07:30:48Z,2023-01-17T07:30:48Z,(GMT+00:00) Europe/London,0.0,,,,3,2,0,1,0,False,False,False,False,followers_only,False,,"[51.491320403292775, -0.09948346763849258]","[51.53201596811414, -0.1251071970909834]",2.592,6.869,84.3,False,False,False,25.8,3.1,9017351483.0,9017351483,garmin_ping_255799297102,False,0,0,False,30351079,1,a8406226350,y`hyHfyROh@AHA?@GCAIh@SPGLGDCJSLGHi@f@]l@]b@IVy@NKF?vAGJECEGYAGCG?CD_@GQ?]DYEEGa@IMIUCAC_A]YYYGQPUn@_@p@ERQb@AVUjAQj@A?KKC?O@IDE@s@U}@q@k@k@k@YCAMBQQOKKMKHQVc@XkAhBGR?j@CFMFWn@GREBEKQLCbAGb@IVIPUXSZKTERITk@bAKFUXAFSX]VIJSHINi@f@WLQXOFQ@MF[^MPk@ZKNKZk@|@Ul@ORWPo@`AQFQLe@~@UNo@r@[j@If@y@dAGFE?YJKJIPCPKX?NGLg@V[\QHEFOHSd@o@j@U`@c@ZI?KQG?IFCDC\I|AMNGZa@h@]\_@r@gA`Aa@RYRe@Ro@l@SLa@`@k@`@{AxA_BdAaG`F_@T_@^WPKNuAbAKLEPIJa@\a@XMVKHIBAAeAECVEDI@EECKCC?MKIUG[A[O_@MYOQWCOKGAEQMIQGECGYY[SHy@EWMGK?CAk@Re@Fm@ZED[Tm@l@KBIDSBSJGDGLW\WNGHK?c@XCBCTEHG@UXq@\YHIFEP]LW@SNG@KJEJKHI@IHe@N{@h@O@QAKd@_@XOVGBI@SCMDY@WDQFILIDE@IA]LCAMFK@GFAFCFG?KHqAEGSCYGIKGCGCAa@PMJAD}@`@GJUROFy@bA[XUXMJIV]LUL[Z[^]_@MFYXYNIFQJGJWTCZGNILWTc@f@AJ?TNlAJh@YNc@^MDWh@IXMRKFG?IYQ_@Mm@ES?_@UoAKkA]aBMu@OCQB[JaAr@YLM@w@l@e@T[TQ?m@Pm@DAFGHWNK?KIE?[Rm@Zo@b@SDa@Be@h@y@h@g@f@_@Ve@f@INg@ZGPGJ{AlAc@h@GACCo@_BUe@MOg@UI}@Me@[]O]UE@KSSUa@CAODUPe@LQLKB,2,,,,,,HQ
143,2,Course à pied en soirée,10095.7,3486,3949,18.7,Run,Run,,8381848757,2023-01-12T19:14:31Z,2023-01-12T19:14:31Z,(GMT+00:00) Europe/London,0.0,,,,0,0,0,2,0,False,False,False,False,followers_only,False,,"[51.491405479609966, -0.09985134936869144]","[51.491847122088075, -0.09808679111301899]",2.896,7.241,,False,False,False,12.5,2.8,8990186115.0,8990186115,4f069d27-ce74-4e17-992f-8c4886d1f846-activity.fit,True,0,0,False,30351079,1,a8381848757,y`hyHdcRLeA?_ACSSc@E[KIWTa@z@MD[IYJc@@QDa@XSDeArAc@lAw@DuA_@IBk@fDKjBCJKFIXBjAEf@KRa@^i@POJGT_@tB[@Yd@SLQVSf@k@h@Of@}@rACVGNm@j@[f@URSDUV[h@s@xAq@r@MdAKTGFq@OQOi@SmASUQWEQM[ESMw@GQ@aA`@S?CVsAKe@c@c@GkAHQGm@Jo@h@OBe@QgAQSSIS]VWJkAO[Dk@V{@Du@e@UAc@TYDs@McBDOCy@e@YIa@@g@XkAYI@?LKJ_@NH?c@QS@YTk@Ro@FQd@Ct@DnAGzBNp@EdAF^E|@Dz@DHn@GRPD\AVTnBMt@ARHRJ@b@m@F?X`@VrANb@Jp@M@JRHt@j@jCj@nBd@jCHNPRLj@?PCNQXSNYb@cA`@}@j@UVGRBz@RH`@lELx@?l@RfAXz@Pv@dArAh@pAvBfCVLPARVFXFHPBRNf@n@RNzAVhBp@l@J`@A~@T^BfBl@tCVxDj@BNAEAt@EZD`@Eh@@`BEzA?zBEhE@p@Gt@IFs@CmB]{@CeDg@iA[kAKgAa@aASSZKVw@?[SuAIu@]oA_@c@SQOMYuAu@Ya@YK}AsAqBmAw@w@i@y@iAqA]i@i@uAYc@Ig@Qi@Ia@KOOo@e@oAMICIGaASoAWqCa@kAKkAKWAsAQgAQkCKo@C{@IUCaAIc@CmBKuADgBC}AHoAC{AB_BCgBBeBCkBIcC?kACsA@e@GaEGc@_@gAEU@IPWNMl@IlA[vBFt@JbG@t@Mb@e@RGf@PpAH\VIDGG?GJOhAJh@Ih@N\Aj@VXD^Kr@At@JfDFdAKJMD?t@Vj@Ix@HjCIFHDVD?`@Q`@GlAKj@BjAOVDFVLJ@q@RKh@Fb@Cx@Lt@GxBRd@ET]HEj@H`AkAVm@h@i@T_@pC}CPu@n@u@~@_ABQd@w@Z{@XSf@u@AJDIp@QHQJe@T_@JGj@B?UMc@E[?e@CWFkANiAB{@Jg@NUREnCFJGBK?iAGY_@W_@Eq@e@G?Kl@B`@Kf@M\NaAEUBtBGTSPCFEj@GNIn@CnAM`CSx@Yj@ML}@`@AE\?VUJU@[DQh@a@HUCsABuAHkAT}@f@WrBO~BhALIl@@,2,,,,,,HQ
144,2,Evening Ride,5136.5,961,1350,12.6,Ride,Ride,,8365082621,2023-01-09T18:50:30Z,2023-01-09T18:50:30Z,(GMT+00:00) Europe/London,0.0,,,,13,0,0,1,0,False,False,False,False,followers_only,False,,"[51.53361959382892, -0.1257971953600645]","[51.49163883179426, -0.0996137224137783]",5.345,12.792,,False,False,False,22.2,3.1,8971699071.0,8971699071,garmin_ping_254645732182,False,4,0,False,30351079,1,a8365082621,u{oyHnoWj@IV?j@G^S`BmA\a@lAw@l@cAVYFM@OWyAI]u@aCUMKOMc@Ic@?SO}BI{H\gF\sCRcA|@sDf@}A\k@VWXQb@Sh@Mn@Et@AxBQ|@STMTWx@iAj@aAr@qA\y@Tc@PSTmAFKD_@BMdB}Dx@eBXc@TQ`@_@@F@ORq@T]f@g@R[BUHQZo@dAaB\u@V_@NKX_@b@Wh@u@bBmCfAoAEKrBqA^[l@a@tBu@z@Uh@Qva@yGPA`@GZCpAQh@EhAUjADr@Ef@@^Fh@@n@`@NLZ@n@PV?zAUr@?vAHp@Bn@A`BLzBDRAd@KdA@|@D\PN?b@C\GfADPAPIDIj@ETEX@\C\BX?h@J`AB~A?pARB?BEJ@\@v@GvADn@FbACjAHr@AH@VFn@CrBCvFJDCd@KJITCHINATDZf@ZI^AZ_@`@q@xAgCXY^g@`@a@\i@^a@z@kAlAqBj@s@Zo@DOl@WEK?EDSFMNCT?PDZN\C^OXa@ZQ^C`DEXG\O`@ENGPCHKNy@Va@FCQPQ]E?FIRI,2,63.3,False,60.8,,,HQ
145,2,Lunch Ride,22345.7,4738,7393,109.3,Ride,Ride,,8362910395,2023-01-08T11:34:36Z,2023-01-08T11:34:36Z,(GMT+00:00) Europe/London,0.0,,,,24,1,0,1,0,False,False,False,False,followers_only,False,,"[51.4914140291512, -0.09993734769523144]","[51.39572815038264, -0.3370274417102337]",4.716,9.12,,False,False,False,52.8,3.2,8969296090.0,8969296090,garmin_ping_254590546573,False,1,0,False,30351079,1,a8362910395,{{gyHraS\h@hElDpD|Dj@v@|ElEpJ`K|G~GxBnBjEnEVPDC|@|@j@h@Vd@ZP~AtAn@r@z@p@`GfHtBvB|ArBfB~A`B`B~CfDfExElA`BbDdDPDbFtFfBrAdBhBZV`@r@rBlCjH|IjDpFjArBjA`B|@bA`B~AzAhAhIjEfAz@tCbFzDzMv@xB~@lEh@jB`@pBh@zCVvBEDJZVh@dCrD^p@L^Fx@?z@GdC?nESrHEjECjED`CMhOJfBLhQKtUGdCD~EC`IHfDd@rKXfMDdFTjH@v@K`CFtAdAjI^hBJdAXn@lAzE\~@^pBrCtK\dBJnBTpOJvAVlLRxCFfCHtA?V`@tEh@dHPfCn@~EZhDNv@t@fHN|CDrFbKfCyCF}A`@yALYXq@r@a@vCKR_AdFIjABx@p@`GLdCVbCBlBXdKb@hJzAlGhAtFtBbLpC|LvFpQVj@xAnEjE|Ln@vAPLR?r@~BlBnEdCtGv@fBlAvBt@jBNAZXlAVJJDx@OfBDLfDrBJXTrAd@nBVx@bAlAJAJJLZ~AzAPVJrAhA~EKLK\Y^Qf@}@EYJGPbD~LnAbGj@xDlCxUxAjI~@jDlB|Fp@hB^b@d@|BIFJLrEdNz@lBl@bCnA`E`DfJVf@\VJ~AjAhEbBhH`CzI`@xBx@vC`@fAb@z@b@n@r@x@`@h@K\Er@O~_DvE|HvBzDdDfHbBtELPC?ZJtAKl@Rh@d@x@nArA`Bz@h@j@NzAGvBo@~Fk@j@S`CoA`Co@vBwAtBkAv@SvC_@hHm@bAJhDp@t@Ap@\l@JvBPhAIzIiDlB_A|FeC`Bi@VMV]N@PLbA`D|CvFhA~Av@nALHXEJHFh@|@~@j@z@\p@DPhBzCVn@lApA`BzBvAzC\`ARfAZhFFxBXjD?jBW`FD\BnBLnBFvGNlGD`@JZTNzCFb@l@zAxAhBrAAI@Hl@h@JXVrEL|@L`@f@VlANLLBZEXa@zA?NFDE@HD]D[lAYh@YzA[vCAZPr@FFG|@F^FNv@XdF|@vBPxGaA~AKd@MFZFFdGb@nHfAbC~@j@\fHdFbGbEzDnDnEvEf@r@zDrH|B`FhCtGhBjFf@lBrAdJj@dDzA|E`BzDfCvGFZNXP|@t@xBBr@Eb@ErC[fFc@~D}@dHSt@MXw@j@kC`AWx@G@k@GmAo@aDgAUC]NY^Sf@a@pAYdBiA|DeDrJ,2,54.1,False,256.5,,,HQ
146,2,Course à pied dans l'après-midi,2381.4,778,820,6.4,Run,Run,0.0,8353436042,2023-01-07T15:46:07Z,2023-01-07T15:46:07Z,(GMT+00:00) Europe/London,0.0,,,,0,2,0,2,0,False,False,False,False,followers_only,False,,"[51.537555484101176, -0.15117273665964603]","[51.53579528443515, -0.1272706501185894]",3.061,7.524,,False,False,False,36.2,20.4,8958575332.0,8958575332,3544133b-4fb6-4773-87af-236699e9dd41-activity.fit,False,0,0,False,30351079,1,a8353436042,uypyHpa\TgATu@t@mBRw@b@_ADM?YJO@QKa@MUaAu@Sc@IG[Ig@k@GC_@{@c@q@c@aAUQMQGFw@mAg@o@KOK_@MQWw@a@eBSm@AsBBu@Ki@KWFg@d@}@h@[X[JUx@e@z@w@h@o@BK?KEY@WCM]o@[sAO]Y{@Kg@Yo@EYSc@g@uBi@kA]eAYcASgAGOMOGQKOEUBO^gAl@iATm@Pm@h@_@b@e@r@SVSZOr@Md@Wh@_@`@MNKLKLY@EEGMSo@oAOmAGMIGEY?[Tu@b@e@Pa@,2,,,,,,HQ
147,2,Course à pied dans l'après-midi,2034.5,707,861,13.9,Run,Run,0.0,8353303854,2023-01-07T15:27:11Z,2023-01-07T15:27:11Z,(GMT+00:00) Europe/London,0.0,,,,6,2,0,1,0,False,False,False,False,followers_only,False,,"[51.536137852817774, -0.151992654427886]","[51.53632057830691, -0.15372117049992085]",2.878,3.976,,False,False,False,42.3,34.4,8958427558.0,8958427558,82958489-154f-4a01-87df-d1c00a6aaafd-activity.fit,False,4,0,False,30351079,1,a8353303854,shpyHjp\H?l@UXEn@Uj@]b@Kp@e@b@S\Gr@Gr@[x@OPKfA]bAc@XEhAc@`Ae@d@Mj@I~@W^SNA\QZI`@S@OOw@Oc@_@s@]e@c@u@MM]k@US_G`ALGHCtAG\CFBBZGjC@?BPFjBATGJgALYLwAd@KBm@XaAVs@Vu@b@WBKFORI\Kv@SNkBp@YFWLyA`@URKDaAZiAVs@Z,2,,,,,,HQ
148,2,Course à pied dans l'après-midi,2628.9,857,1046,13.9,Run,Run,0.0,8353190903,2023-01-07T15:07:14Z,2023-01-07T15:07:14Z,(GMT+00:00) Europe/London,0.0,,,,4,1,0,2,0,False,False,False,False,followers_only,False,,"[51.53424798510969, -0.12713519856333733]","[51.53750385157764, -0.15234737657010555]",3.068,9.732,,False,False,False,33.1,18.3,8958301395.0,8958301395,24fea440-093a-4138-a26b-b7a47b62db51-activity.fit,False,1,0,False,30351079,1,a8353190903,qtpyHf|Wi@b@o@~@Sb@k@h@EPIf@INGBCCE?KJERHr@@f@GfBG\c@~@[h@Oh@QVw@fCU|@y@zB[d@u@n@OPaAxAQt@Ef@GZ]t@c@pAQ\Mf@i@dACp@GNCDQDYJIFc@l@IHYr@G^?b@HdAFb@?XRbAAr@Oz@Wx@G^Wd@AZQl@EZ@JDFN@ZCNH?BYZCLDl@RxA?j@CPm@bB[`A[p@ALBJ?FSRWl@a@h@G\Iv@?`@Dd@h@hBF`@?~@F^HZT`@BPN^Nl@JLDVHJ?RlB|F}@f@d@l@TtAZh@BR?d@Ff@XjALr@HPHh@`@h@Pr@NTLb@Zf@Xb@RJLNVb@VVNHNN,2,,,,,,HQ
149,2,Course à pied le soir,7039.3,2266,2810,16.6,Run,Run,0.0,8332742758,2023-01-03T18:02:22Z,2023-01-03T18:02:22Z,(GMT+00:00) Europe/London,0.0,,,,1,1,0,1,0,False,False,False,False,followers_only,False,,"[51.53353996574879, -0.12660445645451546]","[51.49776793085039, -0.09864938445389271]",3.106,11.068,,False,False,False,21.6,3.6,8935465616.0,8935465616,ebec30b3-b9a3-44a3-80d9-04fcc8cfbe3e-activity.fit,False,0,0,False,30351079,1,a8332742758,o}oyH`oWF?POJc@HGVIf@WDMHEJ@NFb@ARMh@i@n@[f@k@EKMQ?IDY@a@ZeB@u@CICF?V@[E_@DYNIDK@IAGEA?TFKBAJa@NqB^yANy@Ve@t@s@NI\GJGj@o@l@Uv@}@RKLUTKBKA_@HYLWPMJOVQfA[BOFGTCr@_@XE`@M^Yj@SJ?ZLNEdA{@\QPAFEHMJ]BALFLCd@s@RSjBeCRQhBwBRILODAZg@NOj@gARK`@i@Tc@TYTc@`@Wj@MLGTW|@i@XIPKZK\e@Ja@AMMOy@yBQi@Wm@Ea@Kq@Es@KeA?INi@JwAA}ADy@@_BBSHS?IOeAEuAGu@G_@Og@Ac@DGD?@MMs@A{BCq@Uw@MSG_@E}@?{@Gu@Q_AUyB\_B@WCa@Fu@B}@@MBGDHF?AUCWIc@IkAE[u@oBCg@QeA[o@Q{@Su@[w@AUB[FYJUV[z@i@VWo@UQ^KJQHG@CCG_@Wy@]s@[e@Uc@c@e@AKBi@AOIe@M]SeAE_AY]GSQQSg@EkA@cBEq@I[MOIYEY?w@Qs@Eo@AKD]Gq@EWAcASaACe@Ii@XaBSK@oA]iBWeFAMKW@QNUjDg@ZM@IXCZDN?PELG\?JCl@SJ?NHH@z@[ZGT?xAg@RALU\Ff@Nx@FRH^Bj@ND?LEPTD@l@?b@[\\F?LJLBRANF@?TDNAx@WN@Td@DFLHP\HHlAl@ZTZ^PZDBZHTNh@@f@PZPh@AVLJNHBFCLIz@f@TAL@PGFJD@~@DfB`@X?R@^RLBFFL`@Zd@^QX]TMn@_AHEH?h@[XWHOFALb@B@C@@BDDRDADASFi@BKFOlC}B`@y@XS@WJONKj@ITKJK^GNIFQh@U^[T[JEL?dBv@LBRA^L|@`@PRZNz@NV?b@DnA\ZN|B^p@PVDLHd@Hn@VRLnAb@p@`@hCzCDVPJHLXv@B^DHPJTETFHJHXdApALV~CrCT@Xb@|@t@VF\TNBf@VTFlAv@HHZn@~@r@n@jA\~@x@pAr@~AVx@Rd@xArCb@v@P^Nj@n@~AXd@RV,2,,,,,,HQ
150,2,Afternoon Run,4505.9,1691,1694,51.2,Run,Run,0.0,8266861215,2022-12-19T14:51:57Z,2022-12-19T15:51:57Z,(GMT+01:00) Europe/Paris,3600.0,,,,0,0,0,1,0,False,False,False,False,followers_only,False,,"[45.9567965939641, -0.6728734541684389]","[45.957248378545046, -0.6734166853129864]",2.665,3.832,,False,False,False,48.0,4.9,8860687587.0,8860687587,c0c44f10-53db-44de-934d-9b4fc87cb6b7-activity.fit,False,0,0,False,30351079,1,a8266861215,i`owGzdbCKM[k@}@oBg@cBKm@YeAm@mAW{@g@iASy@Ea@Uw@YgAs@wDa@kAg@oBMw@So@YoAs@eCgAwBiBiCM[k@o@_@i@q@q@[e@e@gA_@cAg@gBmAoBMOe@W[W{@y@MAGP[xCShDKnBWdDGzA@`AEtBK|AwAbKSt@IPQFITGZM`CShBQnCKj@At@HRn@ZdA|@h@^|@bAj@x@jAnAr@d@TDNHFHDJAZO`AK|AGbDUxDMzEB^NfAPj@PZXZXRd@^Pb@BVBrBEjB@rBHl@RnAXnAn@hDd@nAZl@~@pArC~E`@j@RZPL^f@rAdBHHNFPELQbCcEj@kAJYbAcB^cAXqALcABaAKmDDs@J{@NqBP}CPmBD_A,2,,,,,,HQ
151,2,Lunch Run,3017.0,1007,1095,0.0,Run,Run,0.0,8197262031,2022-12-02T11:57:12Z,2022-12-02T11:57:12Z,(GMT+00:00) Europe/London,0.0,,,,0,1,0,1,0,False,False,False,False,followers_only,False,,"[51.4914124365896, -0.10000549256801605]","[51.49119115434587, -0.09762478061020374]",2.996,6.086,,False,False,False,4.5,3.0,8781644451.0,8781644451,9a86e616-80e3-4190-b279-9593b455bc76-activity.fit,False,0,0,False,30351079,1,a8197262031,aufyH|`RJGaAeRLk@~Md@NPPB?@DAVD^EL@BGDLPzBAPGZvAdJNVHZ{NqU[Ey@?aCTGAKBaIdEENWV@Be@Zu@PS@UHUP}A\c@n@EDWHaAr@,2,,,,,,HQ
152,2,Evening Run,3014.6,913,1080,0.0,Run,Run,0.0,8194614225,2022-12-01T18:35:37Z,2022-12-01T18:35:37Z,(GMT+00:00) Europe/London,0.0,,,,2,1,0,1,0,False,False,False,False,followers_only,False,,"[51.4913019631058, -0.0998353399336338]","[51.49227996356785, -0.09592853486537933]",3.302,8.935,,False,False,False,4.2,2.4,8778705620.0,8778705620,5e9793a7-478c-47a2-b23a-26efbd0cb8dd-activity.fit,False,0,0,False,30351079,1,a8194614225,}mgyHrgRRQR[BKFIDAjEjCDYFIvE?XDzG{UIKK]`JcDJLVx@DDlC_@HImBu^Q]Me@iEkEnB~A@Em@LGF{LnE_@n@GDeM|FYZaE|CGPwGpCALIJ,2,,,,,,HQ
153,2,Evening Run,5047.4,1651,1953,17.2,Run,Run,0.0,8177619613,2022-11-27T19:35:08Z,2022-11-27T19:35:08Z,(GMT+00:00) Europe/London,0.0,,,,1,2,0,1,0,False,False,False,False,followers_only,False,,"[51.53054125607014, -0.12179064564406872]","[51.49943416938186, -0.10424346663057804]",3.057,6.258,,False,False,False,21.6,3.9,8759691422.0,8759691422,b0264240-95c0-44ca-8f5b-6aab1f4403a4-activity.fit,False,0,0,False,30351079,1,a8177619613,eloyHloVZONULKVKJGv@u@RIZQJMRMPQPYVU\Sn@k@b@UJDJAdAm@f@IPMHOHGv@WNONEJOj@_@v@_@z@w@z@}@TSb@u@JE^a@N[`@i@XQLUPQLSPIt@qAh@q@p@iAb@[JQ^[PWl@]VUNENSTSn@Ij@c@\MBE@SSgASa@Ma@@w@IeAW{ACWK_@?k@DmBIgA@]G_@A_@Bg@Ho@?g@Cg@Ic@CqA?o@YuDD{AEs@@]MqAKk@A}AGq@@]EgAW{AEo@Og@C[FcAJ]F_@FW?yBD@d@AXSFCdAMlBc@PAXK^CH@RHJ@XEVDD?LDRRb@Dd@KLFHNB?FQTIHDJIPEn@{@d@sARQv@_A?I`@_@NYRQnBgEI?@B@?JEXm@JOVS`@GXOTA^Hl@?PD^ANBz@D\Nn@LVIP_@DAXFXA\EJGXCHEX@FBBFFXCJ@H^vAFf@TdAFHh@JD?PK^CRMHQCG@IN]Dc@FS`@FJEBEHY?sADMRHn@ITKVAR@ZFR@LHPAPGn@GZ@ZH`AGrAHLBd@?PBpA?|@JtDJVBVFV?{@dAC~CBfAEjABRJ\BzAAdAGh@MTITAbADpAEj@Qr@AR?PBDn@pCBDLBZ@TJJ?NBPLARB@d@Mh@Wh@EZGl@Hr@Cn@DVAj@FXFTBj@NdADXA\G|@@^DL?`@G^BlAYp@FZ?TDn@BVB^?TEVAPHf@AHCr@Lz@FNAAVFF|AK@ENKf@Mv@@,2,,,,,,HQ
154,2,Afternoon Run,8822.3,4232,4432,124.1,Run,Run,0.0,7962512176,2022-10-14T14:31:57Z,2022-10-14T15:31:57Z,(GMT+00:00) Europe/London,3600.0,,,,1,2,0,1,0,False,False,False,False,followers_only,False,,"[51.440688678994775, -2.6111709605902433]","[51.44035482779145, -2.6111129578202963]",2.085,5.79,,False,False,False,111.9,8.0,8515091108.0,8515091108,b648b2b9-73db-4424-b97e-442a6c94703e-activity.fit,False,0,0,False,30351079,1,a7962512176,qi~xHpp~NFDVCFFBV~ErQ?JFXZdHBzDD^eA~PDVXnAFd@xIvLAd@Hr@A^JfJ@LAj@@VMbAGv@BpAAp@H|@@VaGrEHu@SGqAEGG_x@~j@gHse@HSGSiI{a@KSGE[GOYYW]EGEMMKSEO?[Qg@CWQk@AQ_@mACQ@GGCOQKUK_@gE}ViAWxOwv@HEDKD]Bs@D]iIoN}Huf@Vg@BSE@b@YE?ABbUwe@DENk@Ho@NYEOlOaMf@^VJf@JFEH?BCn@s@?BNGp@GD?fDlI?LJb@?N\nA?JLh@bEQITHByAhWPMATM`AVjr@AHE@?FB@VKlCk@AGBCzUhKDg@??BM|JmY@@@CF]EUE`@?\,2,,,,,,HQ
155,2,Morning Run,5973.4,2209,2396,4.9,Run,Run,,8362904433,2022-10-13T05:51:02Z,2022-10-13T06:51:02Z,(GMT+00:00) Europe/London,3600.0,,,,8,0,0,1,0,False,False,False,False,followers_only,False,,"[51.49080919101834, -0.10012677870690823]","[51.488866517320275, -0.09853019379079342]",2.704,5.736,85.4,False,False,False,4.1,1.4,8969289460.0,8969289460,garmin_ping_254590382191,False,3,0,False,30351079,1,a8362904433,}kgyHvfRD?JHFNXb@r@r@PXPh@HFFEZk@p@aARS?GFA@IBBAI^c@HCLD\r@JLRd@FDDA^QlAiAv@k@VWjAs@f@k@JSPm@Hq@Am@IwBKgABOC_@W}AEk@Oi@K}@Ao@BKHEt@WXETKvAA^JVLR@JHVFXRP@`AVRBH?~@Xd@TT@NAZ]Rg@FEz@CTCBCFyAC{B?mGKeDEwBCiD@kC_@mJKyEI{@BE@GB_BO{EEkCCe@CgA@}@Eu@CcA?_BE}@Ag@QiGCgCWeGCyBEs@EWe@mKO}@CEWG[@O@KAa@D]?WBUAq@@c@FMRGlCETGDYCWLa@Os@Ce@DKDSDu@Xi@DGAEBP@FGx@Wh@CZGr@BpAZB?FEP?NEJH`@jB@b@CrAE`@?PGLCNElAIbAFbAAt@@T?nAExDPrBRpB\hFBFPDFDPXzApCh@v@N^|CfFBJLbAAZ@t@LdDAXD|CT`HCfADj@JfKJtA?jACpADzBBLC@?TF~BEdAMXg@L[@]p@O@WFs@@i@MWOOSi@_@CGEAWDkAa@UE]YSI[CU@]G_@@s@LM?IVIn@Br@Eb@?`@Bf@Nl@Jx@?^DPLrBJr@@^Aj@Gf@K`@QTCHq@j@g@X[`@AFORKFQV]VMNWHIPOLa@ZKB,2,,,,,,HQ
156,2,Night Run,6026.4,1981,2271,10.1,Run,Run,,7948605501,2022-10-11T20:10:13Z,2022-10-11T21:10:13Z,(GMT+00:00) Europe/London,3600.0,,,,1,2,0,1,0,False,False,False,False,followers_only,False,,"[51.491210935637355, -0.09993324056267738]","[51.491567166522145, -0.09956787340342999]",3.042,11.772,84.1,False,False,False,7.9,1.7,8499432550.0,8499432550,garmin_ping_242613525316,False,1,0,False,30351079,1,a7948605501,q`hyHdeRSe@JT?FEDmAHb@f@HL@Fm@Fg@Iu@LQA_@BYPGHATCBBTQd@Of@RVL^HXFf@DJBp@KTMNq@JcAFKBwAMQRC?WKWEg@YYCKD?HMJk@TO?MJMPAD@t@AFUd@OLG?KFAJMPSJSTc@n@OL{@nA]\}@vAc@f@WTg@z@Ul@[V[f@KDKPGLK\CVGVGJQNOCa@QGMKGM@USWGSAMEEMSCYFCDI?GF_@IWAKCcAISFSNOP[Hg@ESKO@SCE@OLUBYKQA[IKOMGOCSHIAQDW?OCECSDM?QEW@MDK@ICc@HGHQ@IA?HoA_@K?CCMC]@ME_@CiA?]KKAMJKAe@BSNYHw@CKEYBeB?c@D_@Ca@LGAk@AECB@Mm@QGCDWFOH[@MRc@^EAACK@IEQLM^AJGRGz@?zAIr@IN?NEV?XCf@Br@DJ@F?XFn@HT?l@CRW\CXKb@?R^PBHFHc@V?HOJAR`@pCFt@@FD@H^J|@?d@G`AXrBDlBCr@Fl@PbAVn@PvA\lAxBdKYu@Gm@Sm@K}@Kg@g@kBQ_@_@iBAy@[yDKy@?m@Gw@?k@CY@QTcA@aBQyBKo@QoAB[GSAkEGUIICO?wACkB@sBAkAD[?{@Bk@hAuAl@?JMB@RAFET?BE`@MLMRE@@RGPBLHH?DFHBTBZA`@GT@~Al@XIVAJIZATGJKLHXH`@CfA?RLT@b@PBA^@VKn@CRNbANVETILMl@Cb@HDAj@TPJb@HVAROVIZEFEr@@HEHBR^|AHDE\CPId@Gr@H\ADEHAFGRENC`@?TIDBtAdBB?\MB_@LYt@m@FO\YRc@VWv@kAd@_@FIB@DS@Kx@qAd@iA^]l@u@P[Tk@HIFAZOFKNKd@PPNRb@HDPPF?JS^cA`@}@z@YTKFI`@OHIFUBCHAJ@RCNNL@LHB?DI`@`@JBXGVUJLTANEDBDd@`@pAJNV|@PXHDDI,2,,,,,,HQ
157,2,Morning Ride,5756.6,1373,1551,29.6,Ride,Ride,,7946799009,2022-10-11T06:46:40Z,2022-10-11T07:46:40Z,(GMT+00:00) Europe/London,3600.0,,,,19,0,0,1,0,False,False,False,False,followers_only,False,,"[51.492272755131125, -0.10177424177527428]","[51.53338506817818, -0.12637479230761528]",4.193,8.484,,False,False,False,21.9,3.3,8497432278.0,8497432278,garmin_ping_242577820953,False,4,0,False,30351079,1,a7946799009,ehhyHjvRKUCQIDEEO@a@CeA?mABi@FSTK\CDOBc@p@IPAV?DF@AG@@ACI@Oe@IO[MYQCMGEC?QF}A|As@~@GLUn@y@nAaC|CMFSTkB~C]\Ij@EJORGBQA[YYSQEaCHqACo@MWAGBSZEB_AKy@@]Ia@CKBWA_@@gAEqACcCQQ@GLSFMAUIMDIGKAmCIy@BwAAY@kAEM@[H[@{ACSEC@?DOEIBBBB?@?AK@I@@ICBDD?@CJJ?BE@CEQAOFIAu@My@CYEqBVM?u@Iu@C{@@{GG_@@q@L]NQ@SCSKi@o@[OoAEy@@w@FGACGBEEEK?m@Pw@@S@YESG[@iAT{@V{@NiANiADs@RID[D{@@e@R_ALWHCDQBKES?KG[@QCi@@MHQO]DIACFC?CBc@@AHOEIMK@qAj@qA\g@DEDAAKBkB`AeAZcBn@y@j@QRc@V]HI?ICC?@AACOFIH[d@a@b@eBlBoAtB_@|@W`@Sp@MTo@n@g@r@URy@jA[j@ILE@CEB@AHKBGFAHKHKRe@d@iAxBk@dBILOj@w@hBAAMZS~@k@zA]hASb@cAjB]bAo@vAIHSHg@Jy@HkA?UHC^Db@Z`C`@nDp@vEB^C\EL]d@g@b@]Xu@V]X]Pq@r@w@n@o@l@IH{@fBMHMt@Gv@If@A\Bl@Lh@X~@Np@t@lBDd@AXEV]`@cAv@u@^qAv@s@ZUNI@g@?EF]DMDON,2,65.3,False,89.7,,,HQ
158,2,Lunch Run,5674.3,1943,2491,2.7,Run,Run,,7940871237,2022-10-10T11:38:37Z,2022-10-10T12:38:37Z,(GMT+00:00) Europe/London,3600.0,,,,3,0,0,1,0,False,False,False,False,followers_only,False,,"[51.49127287790179, -0.09962160140275955]","[51.49009237065911, -0.09944700635969639]",2.92,4.848,84.1,False,False,False,4.2,1.2,8490774559.0,8490774559,garmin_ping_242423900488,False,3,0,False,30351079,1,a7940871237,umgyHpfRVINBZb@z@`B`@BRE^a@f@e@r@_ALGl@?HBVTRJTXHBj@MZANEz@i@NGPO`Ag@v@}@\y@Ji@Fi@@w@YkAEk@?]Ie@D_@Gu@?g@MaAGSW}AAk@DKDEl@Mn@Ut@El@BREl@PBFTB\R^JPAH@|Al@t@NhAFHAFIT]NCl@FHCDIAq@Ei@GsCDYLmA@_@CqAKoD?_CE{@K{HUsF@IRm@BWGwAK{@A_ABg@Ca@GU@g@KaBMWU]Q]oAoCWWu@wAWIMa@KSK]QIqDoRQOI[CiBEo@EKgAsACWDoAAmACYGGg@J[EI@q@QSPOBuA?{@BYEi@AYBEHADDJV^Ph@Zd@LVp@bAXr@H\D\L@JJNn@Pd@E^DZ^n@F`@\^TDNJF^@`@DJHDDHDh@FDHTHBHHLl@PPbAZ@ACOBGD?LGFHdAbBN`@TVf@z@~BfEj@v@Z~@bBrC`@jABn@?Z`@j@TCVGFB@REZS~@E`@m@dCAV@b@BP^l@JZr@vAz@hCBVSvAMtBMvAQf@W`@[pAG|ACtCOz@@`@Ch@BfBJpAAPGLED[LgAx@c@BQA]@e@CUCSGkAm@UCe@_@YK]UUYMEGGG@GGUAOC_@R_@F[HKAKBIHCHBb@C`@Bh@?pA@NJFFTJn@JhAEZBf@Av@FlAAZKp@GVOX_@\QRINm@`@]d@o@f@e@j@SFm@`@UJI?IIUa@]_@OEK?OJa@b@_ApA,2,,,,,,HQ
159,2,Morning Run,6401.4,2375,2406,2.7,Run,Run,0.0,7836561920,2022-09-20T05:34:57Z,2022-09-20T06:34:57Z,(GMT+00:00) Europe/London,3600.0,,,,0,1,0,1,0,False,False,False,False,followers_only,False,,"[51.490957885980606, -0.09999752976000309]","[51.49081405252218, -0.10015049949288368]",2.695,5.928,,False,False,False,4.2,1.2,8373119763.0,8373119763,e3458080-635d-493a-842f-3e74d4fe1e46-activity.fit,False,0,0,False,30351079,1,a7836561920,olgyHlfRNEH@FAB@?Nd@bAZdALRHFJAd@c@Xc@XUj@i@`@s@JKJEDANJXr@V~@HRH?Xa@|@s@NQXg@l@_@d@a@t@e@h@e@Z[P]FY@]Aq@Ca@UqACw@@e@AYIi@Sw@OcA@]Te@Ae@Ks@?MDKBCRAf@KZ@^NZPt@J|@f@\BTJn@`@d@d@RHLBd@AVBh@M`@EBAEE?WL[ZGV@ZEH@LENW?sAGcBKsA?gBBqBKqBCaACgIKaB?_ASsAA]GsIB]Jc@BYE}@Kg@Es@GsDIyACqBKyB@{AKy@@_AEaBDk@C]Ky@?mEC}@MqA@e@QwAK]G{@IQECQ?[E]FWAGHDDNBDCBFAn@F\?x@Gd@?f@JfDVpFB`BFl@EzABtBF~@?zBBbACPo@LJW?MEMm@cA_@g@m@oAcAaBKMm@mAm@_As@sAYa@q@wA[c@CMPWJGjAk@p@c@D?HFT^Hn@FdBx@zHPdC^rEDZFJN@\Up@Y`BUZId@Q\EJlAHzBIrCJ`BHdC?hCHtBN~BBpCFhA?vDXvGBhBFfAArAFpBAzBKb@[XWL]CG@O`@QNEA[HQ?g@JU@SC]Og@AGCUWCK]Oc@Yi@KOUUQw@Ea@O]CQ@YNa@HUNIZ^`C?PF`AJV@AARFlAD`@XtADp@AxAUlAKRm@j@[FcA`Ae@TwAnAk@Za@NSI_@_AYk@IGG?_AbAS\Y`@cA`ASOIOGSEa@i@mAIOQIUD,2,,,,,,HQ
160,2,Burgess Park,5008.9,1665,1846,2.3,Run,Run,3.0,7767579030,2022-09-07T05:20:40Z,2022-09-07T06:20:40Z,(GMT+00:00) Europe/London,3600.0,,,,0,4,0,1,0,False,False,False,False,followers_only,False,,"[51.49141478352249, -0.09994916617870331]","[51.493155620992184, -0.09727533906698227]",3.008,6.24,,False,False,False,4.0,1.3,8295280729.0,8295280729,8cd7ac6b-3ba2-41bf-be7b-27522606035b-activity.fit,False,0,0,False,30351079,1,a7767579030,i|gyHtoRCQIOEa@c@qBWmCIc@GQ?IHK@EDF?MWs@WeAUs@SYCKKw@S}@g@}DG{@UkAAc@De@?aAL[~@}@\k@Zs@Ns@D[Po@X_BCc@LaBIm@FYPk@`@}@R}@Bc@NeAJoAJc@PeBF[x@u@r@]PMr@u@x@q@\_@|A{@\g@PKVYr@aAVe@LIp@GLGx@q@TYTo@r@k@j@}@n@o@`@m@f@c@`@e@Zi@NOVo@\_@lAcBTQLEXWHME[z@aATo@DWA]GGWOEm@EMOw@MCMKODSJE?ECEUCaAI_@IIIAMIIOQkAO]AAS?KGg@qBGCI?ARC@EEK[Gc@AW@qAB]H]NUt@yAJG\_@VKT?ZDRLLLNd@F~BFZJNt@p@X\DT@f@EpABZFRJPZTHPJd@Fr@@r@j@zF@NCJFn@FpAZfEAGX~@?DCEEABXAb@Qd@?VBRAFKDW?UBk@TS?AN@L^n@N`@n@|B`@p@?PEJA\Hr@Nx@^hAVjABPAPEEHBIPs@n@UNQFgAv@WLk@j@KDQ@YF[VWF[Pc@Jk@Ve@XYJg@HkAf@MJWZwBfAo@l@{@d@OLSFg@`@_A`@mAv@_@JkAt@[Xk@b@INQTgAz@KTOLSFSLUDWPa@Po@b@STi@XYH[Ng@JKFa@p@CH?RENy@r@_@b@MVCRBRFNr@z@^lADXHhAL`@?ZCTYz@MRWHIHOFYHO@]MMCKIQoBIMMDK\MvBa@hB@PDFFDDABGFa@IEAQBSLY^KRBXEH@,2,,,,,,HQ
161,2,Lunch Run,3007.5,965,999,10.7,Run,Run,,7602499194,2022-08-08T10:58:48Z,2022-08-08T11:58:48Z,(GMT+00:00) Europe/London,3600.0,,,,2,1,0,1,0,False,False,False,False,followers_only,False,,"[51.53978833928704, -0.12211142107844353]","[51.538992980495095, -0.12267661280930042]",3.117,7.18,83.3,False,False,False,30.5,21.6,8109866160.0,8109866160,stripped_health_data_30351079_1659957404.fit,False,0,0,False,30351079,1,a7602499194,sjqyHfzV@DPF@DNKNFP?FFZL@DF?BHDBDHLFAJBFGB@HHHDPHjADTHFPDJZd@v@XRADJNId@K`@Ab@FPJLHBVl@l@dAF?BBf@ZBHf@DVj@HFz@FZF@YJADDC^?ZFRT@?AABBNLJ`@@RN?CJ@ZN\DXH`@THHBLIh@MZKPc@XKVSLU`@k@\KBe@\w@`BKJYd@GHOFg@`@AHHf@GlAIZBXGPGFS|@g@vAIl@Kh@Mb@KTe@~AWr@Yb@KXW`@O^G\mAxAa@t@Od@ALO\Ij@S`@ERMZcAbCa@t@ONHi@L]b@g@fAgCb@w@`@_AXa@L_@`@y@V]Tc@X_@x@cBJMf@sAFKNa@V_ATg@T{@Fq@BCASBCAq@NQBy@HYJILDPCh@ALCGQBIAc@GoA?u@BUZy@X[Zw@NQLIX[`@o@dB_ADO?EOBWG]@MGAGs@m@Ge@U_@UGWJGAIUI{AKSOQWIe@GS?UKMBADICIBCEAi@CKYi@KKMGEK?UKIEWGGBg@AKQOIEE]CCWCIECSQ[H[V[L]B[P[CKAC[JYXGP_@l@?JILISESIk@Ee@IW,2,,,,,,HQ
162,2,Afternoon Ride,5755.8,1328,1478,38.1,Ride,Ride,,7602497151,2022-08-07T16:36:57Z,2022-08-07T17:36:57Z,(GMT+00:00) Europe/London,3600.0,,,,16,1,0,1,0,False,False,False,False,followers_only,False,,"[51.493066688999534, -0.10093395598232746]","[51.535857394337654, -0.12408435344696045]",4.334,11.52,,False,False,False,25.2,3.3,8109863865.0,8109863865,stripped_health_data_30351079_1659957378.fit,False,9,0,False,30351079,1,a7602497151,sfhyHzuROGG?ECOFL_@KDEMOPIBEGIAn@cEi@vAK@w@tA[ZQCG@OKGLGEMTGQU?_@F[`@Q`@WVc@bAG@GAGEO_@KOQMY[GEK@]ZiFtHgB~BqChEIN@DCEIHe@dAKRGDI@SIS]QIWEWACCUIGIGAa@EMB_@Cg@?g@Gu@AUE_@JWBmA@k@CIBsAEa@QKDq@BeCOS@ID]j@OFW@SCs@Ca@Cg@KgBK{AAg@Bg@EIEc@?IEQCSJK@w@Qk@GSAk@H]A[O[?[@i@AON[Nw@VeCQOG}GMm@@WBUFc@PYDYEMGo@o@KGaBG_AMkAEYDmBB_@EEIBFGF@@EAA@DEDLEN@Gc@RMBk@@qAVgAD{@JW?c@Bo@H_@H_AJi@JKPMHe@NQDCBY@SBk@ESBc@GG?a@KO@?@EB?@K@QLKBEDOCc@L}@Jc@No@JKA]B}@ZcD|@eA`@c@VKLWNg@LkAn@OVC\MJINk@`@o@r@gB~BqAzBaAfAaA|Aa@^s@z@MZEj@IRa@b@i@x@w@pBaAlBa@r@g@jAI^En@a@`BKXMRKFIII?@EI??@BDAFF@ECGd@K`@uBvDc@l@QNQHk@LU@KHKBeA?MFGLANBZlArJ`@pDBZCXAJMTYZwC|B_BfAw@f@]Zg@j@Sl@GbAU`BCn@B\u@fB@t@Pn@BXGb@?pA]x@GBk@UODc@TEHWJGTCPMN_@B[?SLE?IGi@MWOGA]ACFE@w@Ag@O[EUHm@Sm@IKHKPSP[II@SLm@CEAOUUDSLWFKGMQg@SCS@i@GKYG[OOQ,2,65.9,False,87.5,,,HQ
163,2,Lunch Ride,10406.6,2167,2167,20.3,Ride,Ride,,7596950405,2022-08-07T10:12:19Z,2022-08-07T11:12:19Z,(GMT+00:00) Europe/London,3600.0,,,,30,1,0,1,0,False,False,False,False,followers_only,False,,"[51.57401232048869, -0.09789057075977325]","[51.492640636861324, -0.0983863603323698]",4.802,15.46,,False,False,False,39.7,3.5,8103569428.0,8103569428,stripped_health_data_30351079_1659869555.fit,False,18,0,False,30351079,1,a7596950405,q`xyHzbRREBo@J?DQPBDEHFHGJAFEAADA?CGACKREJP@?`@@TCzEiCb@Mt@_@z@m@DGZMLUCGJEd@a@t@e@|@c@tCyBrBkAZUHOZSf@QbAMv@Ad@J`@@~@UnBWlBs@XEZMf@[t@Yh@[tCgBdCqAjA_@bAUX?FM?a@BM`AuDx@gEFc@JYH_@d@aDh@qCTkBZ}@`@a@`@YPIf@c@j@]DIEm@DM|@g@l@Ud@]dCiAjBeAnB}@ROX[Xe@N]\kBEEBMJMf@eAH[Dq@YoB?OJSNE\AfDPv@JJAFELk@Fo@RaDV{EDOPE`A@j@JrCV^KRQ`@OnBQRET?`BLHBv@p@H@PETOFKhAcA|BoAl@Y\Wf@Y^[HKBMPOp@a@h@e@hAo@j@m@d@]XGlC_AVWR}AFM@?AONA^DfACTDDC^A~Bd@hBTlDTZFbCRzFV`BJxALxADjBXpBL`@A`BJtFN~CTdCF`BJxBDJCDQFCRCpBN~G\|EQbCHlCVjCh@l@NhBt@rBf@ZL`ABhCP~AOlBDd@Ez@_@l@c@tAc@f@SZSPGjBEZBXFNHR^@C@?JSDAj@BNFBHJ@RJFE@IR?HBXVbAn@dAd@`@X`@RXRX\Rf@ZXf@P\?b@Hh@CBBCBCFAP@FNJVFDD^CNE~@Bb@CjAN\GbADTFn@ZNBRL`@LVLFDTl@Tt@LRd@XXVH@PPVNb@`@JDP?NHXDTRN?j@VXl@HXVb@NTHB`@r@dAnAXl@Tp@FIDBD\DHFFj@CFFDJPPZl@^n@LNBLh@DNFJCPWJCn@Nf@BRFLJXNjAv@pAtAFNCLLQ\VNBv@`@TN?DPH@DABAJJJ@J^RH?Dd@Er@@LBNPRXL`Bb@VLXFr@XbCh@n@Br@PlBl@nAZhCx@xA\f@XTVp@dAjA~@TTnBnDh@t@r@rAf@l@nAbAPXVVv@h@f@b@rAv@|@\pAn@b@X`@f@DJ@@?C?B?FB?NJTBRLhBbDPh@dApBNd@Xp@AHTf@b@jA`AbBLXFPV^Xr@d@x@fAvAjApAjAfA`@Xb@b@`Av@JLFLHBHVZd@`Bp@XPl@h@LFb@l@J`@Hf@JRRHb@GLK\e@RKbE[TGDCACF@JCFKJ[`@iDNa@JMNy@NOl@WH]HABG,2,53.3,False,115.4,,,HQ
164,2,Morning Ride,14302.4,3493,4220,17.8,Ride,Ride,,7596946449,2022-08-06T09:05:52Z,2022-08-06T10:05:52Z,(GMT+00:00) Europe/London,3600.0,,,,0,1,0,1,0,False,False,False,False,followers_only,False,,"[51.57954311929643, -0.09939939714968204]","[51.667854180559516, -0.013400400057435036]",4.095,7.99,,False,False,False,21.5,7.1,8103564800.0,8103564800,stripped_health_data_30351079_1659869517.fit,False,0,0,False,30351079,1,a7596946449,ccyyHflRBICA?EZ]ILLFKS@?@FMB?QDC@GAiAWmGSaCK_DGeFOcFIMKCeBd@qB\c@?MMM}@MuAc@aHBmAEq@?y@DaBb@{F\cGNgDPgCHcFJoAn@wCdAgEj@{Cf@kB^w@pA{Bp@aCfD{Ip@wBf@oCVoBt@eF@e@ZgBTuC@[GgA@BCGQKeANw@BwH}@g@@s@S?MBSPBDC@GUkBKmBm@kGkA_N_@sDm@sGQ}Ag@_Ha@iEKg@CSdAsFB_@A[EWO_@o@qAc@mAQo@gBgDu@}A]_@qAo@g@e@Wc@_@_Au@_BW]c@Si@Cm@LmBLoCj@uBBu@FqAVc@@i@G[MYWUCg@S{ASaDcCwA{AgAy@g@i@mE{DoBs@aCoA_@OcAS_EYi@QyAs@c@[wA{@wAs@mE_Da@SGQS[g@g@Uc@iAuAaAw@UKEOqB{CiBgDq@cA[a@kBmBUQ{@eAk@}@eBiBoCoBqAsAi@_@_@m@]Om@g@sBgAQMCGBDk@Wg@[m@e@}A}@SGg@m@UOUEEGHqAHKR?BF?JCFE?gBm@m@IwBSo@DoDIeFYmC[eB_@wEuBmEeBUUs@]]I_@A_@Qk@g@AEIDAJEE?DBCDDGQB??@A?q@_@m@g@mAc@y@g@kI_EyAk@sBg@{CqAsBaAqBoAuAs@eAa@y@g@QQU_@a@]iF{CaBw@uJ}DaA[yDmBa@MQDMEqEiB_@SuBu@aI_BkFw@sCq@o@G}FN}H\wFH_AC}@DqACyCNkD@uAFsAPe@E{@QkDy@yAc@IFu@YO?KFa@KeBeAg@_@{BeAoAg@eCmAqC}Aq@{@{BmEWq@_AqCWg@QW_By@eDkCkB{@]YcAeAe@_@w@c@mAg@[QWYU_@i@qA[e@_@a@oC}@iB{@_@Yy@y@[WcFmCy@Ec@Hu@Zw@BsBk@gCIi@Qw@e@e@G]HwAl@_ALyGVyITeD\u@AoB[kETm@C[Km@YcAs@uAwA{DgFoAaAOQACBCOKKm@K[GGUKMN[?a@Vk@Nc@^a@EcA@GECIMeCK]OI[B{@GKGCI@c@LaA@yAK]Ac@ISLe@LgAHc@LsAFa@AWEQAUHCGA@BACBA@BBGCC@C@DIH?K`@_AGM@GACABB@A@FTCE,2,42.5,False,148.5,,,HQ
165,2,Evening Ride,5476.2,1175,1248,26.1,Ride,Ride,,7588401722,2022-08-05T19:04:27Z,2022-08-05T20:04:27Z,(GMT+00:00) Europe/London,3600.0,,,,23,1,0,1,0,False,False,False,False,followers_only,False,,"[51.54131460003555, -0.12012734077870846]","[51.579374643042684, -0.09930635802447796]",4.661,11.082,,False,False,False,39.9,20.9,8093979011.0,8093979011,stripped_health_data_30351079_1659727559.fit,False,1,0,False,30351079,1,a7588401722,etqyHxmVQMUg@@WCIQKGKKk@IKIi@GKIAEEBMUi@@CC{@QIEUCi@DYFCJ?HKAMJc@?K?GIEk@Am@B_BJk@HY@mBX]AqAHuC^_AD[JsAEeAB[AEFMBMJCHQJE@q@Im@MwAg@_ADa@?K@OHU?s@Pc@Fu@Be@CkBBUN[d@Ul@sAlCiBfDcAvB_AzA}@hBsChFw@fBGC@A?BBII\Q`@OJG?IC_@UiAaAmE_DsAiA{AiAmB_BaAiAoDoFVU?GMT@AIO]UKQ]w@_AeBmCsG{@gBc@kAmA_C{@qBQ[w@eB{AiDmA{C[sAuAuGi@kBo@gCs@cCYuA_@iA[sATc@DSEIMCQOo@{AgAeB[e@GE?KK]EGOIGIG]g@aBiA}C_@mAsB}Dq@{A_CyDk@kAgBmC{CiEgMeRa@i@c@c@A@AAABGGK?eA^i@JaB~@gD|AwAf@aCdAiDhBK?k@XsAPqCTcBPo@@c@HmAFYAeAL]@i@FoCFy@PQ?IDELA^,2,65.5,False,76.9,,,HQ
166,2,Afternoon Ride,9684.6,3232,4503,17.9,Ride,Ride,,7570263691,2022-08-02T13:36:09Z,2022-08-02T15:36:09Z,(GMT+01:00) Europe/Paris,7200.0,,,,0,1,0,1,0,False,False,False,False,followers_only,False,,"[46.20427035726607, -1.376492315903306]","[46.192434104159474, -1.4292989764362574]",2.996,6.062,,False,False,False,13.7,2.0,8073880801.0,8073880801,stripped_health_data_30351079_1659451954.fit,False,0,0,False,30351079,1,a7570263691,ug_yGbzkG?_@@MRG@KZM?Gf@[FADEF?DEJALGNABERI|@O|@Mv@AXW`@U`@e@tAcCBIA]FCJRL_@Ai@Hw@P_A?UIWY_@CAq@iAQe@IiA[}AMQ_@cAWu@CUFQTYFY?WEeB@c@?sC?IBCA?CPk@@y@AYBYHuAKODECGKDMSCOKIAGFG?UOM?WSO@WGOKA@EKQAKGKHG@AAIo@@@?CSeAAYKYKGULMBSLQBc@RUDEHALB~@GLGDIA[Qa@YIKEWM]Gg@IOiADMAi@i@s@c@g@?z_A`s@`@AJMBW@uDBWFGFAfC@fAA|AHrCa@|BInCO^?RER@t@Lj@Rh@XdAr@nAlA`@b@d@n@h@j@j@f@j@Z~@x@RXDTGhCD\Pd@|A~C\x@LDn@@DBN`BPpALl@Pp@d@tC^jAb@`ATp@Ab@E`@Aj@K~@CvAUlCAh@BbAFl@Lb@Xp@\bANhBPxKEzDEx@@x@CvCFj@TxHHLNJv@JNEEA@BD@IAACBIDBJCRDFGT_@BCT?JH@LAh@F^HLPBn@GdA@t@L`@LVDXPDJG^OPGRK?JJZB@n@F^bAxBf@nAx@~ClA|DRhAHbAA\Eh@Sf@c@r@kArAmAjAsBdCCJBlCBdALh@pA|Bh@xAtCjFxAtDPTXVr@\b@\`@RXVLj@Cb@Bt@Cn@@VCACCDa@?GEb@GLKDUCSHGHC??EHIVMHm@Tu@Jy@A]EOSYmC}A_@g@aBiEU]Sg@}AoCy@oBaAwACAGBStAKVY\K^CN?ZCPGD_A?EFFIv@ADCBe@Hc@L[Za@Ng@Fu@AsACs@BgBCUCEGAGBaAlAs@jAmAfCEND`@EAEBD?AQ?AI@MLU`@BAs@b@UZQP[C]Bk@J[Le@Dk@PgBr@oCv@gATcAXu@FmARoA\s@`@YP{AzA]f@]\s@|@_@^OFMNC`@kAfHG|@QpAy@|EwB|N@TBXLv@XvAJr@PpCHv@Jh@l@zAHl@@`@G|Aa@dCKx@GrBKxAIh@m@pBOr@I~@EfBHbALf@Tp@p@xAL`@LRPv@@LEn@@l@R~D?l@@@X@ZEH?h@f@X^dAfBhAzATh@Hd@Bl@A~ASjG?`AkAvQMd@Ib@GLCE?A@@@GADAK?D@ALP,2,24.4,False,78.8,,,HQ
167,2,Evening Run,6514.3,2230,2502,14.6,Run,Run,,7464219831,2022-07-13T19:18:55Z,2022-07-13T20:18:55Z,(GMT+00:00) Europe/London,3600.0,,,,4,1,0,1,0,False,False,False,False,followers_only,False,,"[51.53794205747545, -0.12495707720518112]","[51.530961440876126, -0.12244569137692451]",2.921,7.1,82.5,False,False,False,36.3,16.6,7956369618.0,7956369618,stripped_health_data_30351079_1657742514.fit,False,1,0,False,30351079,1,a7464219831,c_qyH~kWhBpBOm@FJIgABU@RD?Ec@DJY^@Db@`@j@L?@EA@FYBFF?CB@DAXBP?PFt@HJPj@Vd@NTFHFPBfBl@FAJWXoALED@DLBVOtBGVYn@ORWPQNADFHBNCF[b@i@f@YP[^s@d@g@^e@z@[f@a@dAEDGA_@FEd@AdBKj@MHANGH?JFTAVGXY|@Uf@a@lAWj@SZi@`B[l@}AbCALKZORUf@i@xAUf@Qf@wAbDo@bBcAhB_@|@Gd@?N@p@Hn@Bb@Db@?hBCJ?AABAC[rAMb@KTCNOHINCZDl@HNHDJLZFFHALDVCZBVCjAEh@ENq@rAYz@Mn@Sb@IJU|@a@x@Ih@Cz@GRCV@n@Cj@Hn@AZBXLp@Pb@H`@ELD`@?t@BNZfAGTF?DFTh@LAFDD?FCJINEd@t@XzAZdDJXLTFTAdAJv@d@fBPVh@T?JDLNPJTLf@P^PPDJn@|@^Zx@|@^Tx@ZXHV@TRp@Lj@@DDBLEj@ECBa@LiB?y@LqAAQ^iB@_@Lg@Du@\aB`@iAHk@@]Pm@r@yBp@yAJCPFBYFGn@R`@Iv@]\Ep@Y^I\OjBo@p@WbBw@t@Uz@e@x@WFG^GPIb@Ed@KVMh@I\SDId@ENI`@AXEf@Qn@e@NQZG\Md@CV@\GLEl@At@DFi@T_@BSPQBMDeAG{@L{@AOGIEYFSMq@Ae@?aAFa@By@?QE_@BSAe@@G?_ACYQc@Gs@@u@DQBeAdBc@J@DB@ADUL[`@g@PON]f@o@z@m@DGHWh@W\WLO\Sx@}@HUNG^WHC?CCWSa@O_AM]A]CISuB?q@Fg@J[Ao@GMKCOAMIM[Mi@W_@i@qBQ[Gq@[iAIi@Uo@Ig@c@kAC][gAIk@IYASKUAYIYOUMg@ASECGe@NW@ISYi@k@Ke@QGGOAc@F_@CEQF[_@a@cCk@m@_@m@E?ADDEGBSGYDKAGGYK_@FOLg@DICEOEEAIBOZGLBZNRFX@NAX?HBLKZk@[mAe@y@M[ASOY@OSa@GUYwAGCcAh@U@KEAGD_@EGEAQBIEOi@GkA?yCGc@CGG[AM,2,,,,,,HQ
168,2,Morning Ride,5301.5,1079,1142,30.9,Ride,Ride,,7364156074,2022-06-25T07:13:47Z,2022-06-25T08:13:47Z,(GMT+00:00) Europe/London,3600.0,,,,9,1,0,1,0,False,False,False,False,followers_only,False,,"[51.57939836382866, -0.09903218597173691]","[51.54010936617851, -0.12071466073393822]",4.913,8.844,,False,False,False,39.9,20.9,7846660811.0,7846660811,stripped_health_data_30351079_1656143053.fit,False,3,0,False,30351079,1,a7364156074,ebyyH~iRBKHHHa@HINBTAPNFINHHMJHPDHUFANLFSRCz@AjCMbAOn@GJCDErCMnEk@bA]LIbCaAlA_@\MbAs@r@[`@URK`@IXMj@URQRKXCTMb@Ql@c@FI?@ZYPKNAD@FDd@v@t@x@bBbCn@v@LRVZ|@rAzApBZt@RVbAdBvDvF|BxDN`@hEvHnA~BBJBCGJG@BFB?FFHPFT^t@~@`CT^j@vA\n@JHPh@\z@R\ZZLTDCAFJT^`@ZVPBrAL^J\Tx@bAPXjAfAR^j@j@x@j@x@r@t@z@^j@j@pARr@NZNRZHV@r@Cd@?LBdAf@RNRf@ZbBT|@?PJ\n@zCzBtIPl@?JBJn@vBTn@TXJVh@nC^dALRRFj@HfAJfADrBFlBCRBRAj@@vAHlACn@Bl@CtBBlACz@A~@El@AfBD\LP@p@?n@B\ALGnAER?HFXD`C@j@ENEFEJBFAVFf@Eh@@`@Gt@C~AQTA~@Kb@Mn@I^CbAOZMd@Ab@I\ATGj@Eh@K|@C^EfBKfD]H@JV?pAKd@Dp@Lb@DJRHb@Jb@XLb@AL@f@LdACj@@FEP@NNxCDLAA@G@H@b@,2,64.4,False,69.4,,,HQ
169,2,Evening Run,3603.3,1198,1201,41.0,Run,Run,,7287015286,2022-06-10T18:34:18Z,2022-06-10T19:34:18Z,(GMT+00:00) Europe/London,3600.0,,,,8,1,0,1,0,False,False,False,False,followers_only,False,,"[51.57942141406238, -0.09972763247787952]","[51.57919954508543, -0.09916780516505241]",3.008,5.186,83.3,False,False,False,50.7,21.1,7762262935.0,7762262935,stripped_health_data_30351079_1654887338.fit,False,8,0,False,30351079,1,a7287015286,kbyyHhnRGJ@DF@GXHNH`BLnHEQDI@KEm@?s@@GP@^?XCHCLDLIL@NC|@@JCf@]HAFDHAz@UNNHDFJHdAJ\Hr@BvAFh@BbANrCB|@DBXAt@Kj@HZJ^Td@Px@t@FBf@FJALGVDf@]TMnAa@F?ZTLVNT\RXJnAGL@PCpC?FIH]HaADKFI\Ep@Cb@It@?\CbBHfBRXHX@THP@f@Np@Bf@A~AW`@SNCn@QhAOz@AbBXr@Vf@Zj@l@HDR@HALKLSBQEY{@eB_@m@}@iAo@eAKKMYi@u@Wg@m@w@i@_A[]Wk@yBiDaAmAqAsB]s@qByCgA{Ag@[q@Uo@Ia@Da@Nw@j@MLKBa@CIGIAoAR{@?_@E_@MK?c@L]Pc@NSNyCrA{@RY@[H_AFKCg@AWBQGS?MHSAY@UPWJe@ASHQAm@DOAYFU@c@Ls@?a@FO?k@V{AAMDGD,2,,,,,,HQ
170,2,Evening Run,10484.1,3609,5884,168.2,Run,Run,,7281913752,2022-06-09T17:10:24Z,2022-06-09T18:10:24Z,(GMT+00:00) Europe/London,3600.0,,,,3,2,0,2,0,False,False,False,False,followers_only,False,,"[51.57882034778595, -0.09914718568325043]","[51.5892634447664, -0.10263481177389622]",2.905,5.942,84.6,False,False,False,101.1,21.4,7756677000.0,7756677000,stripped_health_data_30351079_1654800632.fit,False,3,0,False,30351079,1,a7281913752,s~xyHtjR^WWGHG@IJF\O`@JBGBDPE^S~B@zAYh@AZMbDCb@C@INbAfApMPZt@i@pA[LFX`@Xd@`@xDt@lD\|@f@v@f@d@bA\pBB~AUtA@tGn@TJ@FAfDBv@KnCKGEDqAhBm@b@y@`Ag@bAy@`Ai@fAi@v@cBtDGDMC?EHABTOZgAnDQ\YdBWn@YjAgAlGBMHCIL]~DW~BUjIERKxBGZCv@If@Bb@IhDDjBGh@?f@?QEWBi@FN@x@EhAE\@JEND~AIhBCD@`EEdBFlAGl@@dAEb@?f@O~A?b@UxCOp@]pCKhAITAtBE`@AhAKzA@rBZ|C@pBJhATtEHjEBvFIlAAzDIzDKnAMr@e@~FKh@M|AKXK`A}BhH_AfD?vCK^Wn@ExADf@Mj@c@lAKBIIq@sBYTc@B_@N]ByA?a@}@IeAWwFQsAG{Fc@?cASYJi@l@KV?n@KdB_ClBs@A]RODCEQZQt@FnB?xACx@MV]\Ur@I`AK^Iz@U~@?v@Hx@BHKHOMK[aA_Ee@aAi@g@IEg@w@eAu@e@{@Wo@U{@_@{@OcAgAiD_@P{ANgAISNEpABbEDd@H`D?|@RxCQb@ApAG~@HpCaEn@uBDQOKYWEK[Be@Eo@BU?wC]cD]wA[_Ae@gAa@k@Mm@OCWWKU_AkA]i@e@g@gBeAqBy@U[QOe@a@mAu@aAeAODCOX}CKa@OUI[]UEQIE_@_Ai@w@[s@{@iBu@o@Wa@_@aAYWKi@]s@M_AAyAWs@]q@Eg@?}@W_AEg@_@eAUgA?aABORm@b@}@b@wAy@eFH_@AK]kCAu@XgAHcBM_CQaA?u@OcB?QBUNCXq@Be@Ca@Dc@CM@]H[Ba@XaAXiBf@kB`@cAZgEd@u@XqA@mCC{CJgATo@VEjAqDTW`Aw@JYIcAYy@Qu@QeAA[pBo@ZBf@O|CIjAOHLVfBv@rCESDKFTLGLLXWPLRIJDCDC?d@]b@EFe@A_AKy@D}@Nc@Ae@DoAE_@K]BoACYGSUYHg@Bo@AoCC]_@aBEi@@y@OQOo@i@u@O]Wy@Cm@So@T}BQk@A[KQGi@e@gB]iB?s@Lu@CSe@aBOeA?yBc@iCCe@i@iE]cGj@w@p@g@RIVD`@O,2,,,,,,HQ
171,2,Night Ride,17878.9,3602,3910,58.9,Ride,Ride,,7272431332,2022-06-07T21:36:06Z,2022-06-07T22:36:06Z,(GMT+00:00) Europe/London,3600.0,,,,96,0,0,1,0,False,False,False,False,followers_only,False,,"[51.53985899873078, -0.12189231812953949]","[51.53987484052777, -0.12183498591184616]",4.964,10.588,,False,False,False,30.5,3.3,7746423316.0,7746423316,stripped_health_data_30351079_1654641779.fit,False,20,0,False,30351079,1,a7272431332,akqyHzxVIEDb@DHp@LDCJHd@?`@l@Vx@RrBHVLFJEx@mAp@c@xDoAbB[dEQbFVf@CdDJCKDMBg@EyF@sI@QJUZL^Z`G`Il@Z`CRd@qCI}Bp@uGnAwHd@cBVo@\]d@Q~DIfBIr@Ql@a@vA_Cl@kA|@iCX_@Hc@@a@R{@rCkGpAsBAMnBiCxAaCx@_BdA_BPMnD}E`AaAbCaBtF_CxAu@|Bo@d@C|@[^@tBc@|FWzCy@x@Cz@dA|CcAhAWCML?@ETIpEq@bAIhADt@KT?XPd@\^l@f@PpB]fL\nAQ|CCDAKIDMANEClBCdBJxFMr@OfBODRNP^@d@VACHAxACbFN|DGh@BLDJNXFlCHzA?ZE^Sv@G`@Lj@n@h@Ab@`@pAtDp@nC^zBTLTY|@sBv@uBVcAhAyE`ByHlAyGFMTLl@aBAu@He@PQ`@GhDKjAc@XDNLzBpD|BfElAzA~@~@`FbEnE~EdCvB~AbBf@^fEtEh@b@vCfDtEvED?zAvAfClC~BxB?DZP`Az@j@p@ZP`DpCpBfCpEfFn@l@fCtC~ChDd@\jCnCzCjDhCbD|J~JdA~@DNUNKEaDmDiEcEeIiJ}CeDwAsAoFgGiH{H}AqBwByAWEBCEIiB_BkDsDaBmAoBeBi@eAuAcBOI_C_CkF{FoEmEaBuA}BkCqAeB}AaBuEkEgA[SO}@kAu@mAcA_BSi@}@}As@[q@IiBOqB@_ALQf@UNw@lAFFWUOa@c@]?FK@[IGG?DKO?IALOVaAdAcAvAwBzCUf@{@fAcClDc@z@_@vAOR_@_@]I{@@eFYwEGmAIo@SuFBYJ_@@aCCsBBk@L_CKOK_@Lm@?cATo@KGIBGGEHCACEFQGYHm@?a@KgAGoBf@yCUyHK_ARc@\k@Ss@u@SKmBBcCM}@F{AMMDMN]YCFEC?JGLi@TgC`@sBHoAXgABo@LYV[DuBFi@SEOa@MgALMJ[d@a@DmAh@aCZ_E|@kFrCi@j@F@SL_@f@AHyBpBuEvG{@|AgB|BGV}AjBoBtDe@nBi@pAUbAgAxCEVQj@sAnBiB~CUVs@VyBLEFGVLf@^jCfAtJAv@Ub@_@`@@DcFxCmBxAABLJm@~@e@bBU`BNJ]jAc@NaEKkD]gC@mEMiBHmAIwB?wCHkDj@aC|@a@^aAvAOIISSiCQu@i@o@mASM]KO@K,2,67.8,False,244.2,,,HQ
172,2,London 100 by tandem ,163364.0,26297,30669,1121.8,Ride,Ride,10.0,7223739746,2022-05-29T05:30:32Z,2022-05-29T06:30:32Z,(GMT+00:00) Europe/London,3600.0,,,,1,5,0,1,0,False,False,False,False,followers_only,False,,"[51.51002981700003, -0.11749684810638428]","[51.50634068995714, -0.07481485605239868]",6.212,13.675,,False,False,False,117.8,-3.1,7693303091.0,7693303091,stripped_health_data_30351079_1653854012.fit,False,1,1,False,30351079,1,a7223739746,upkyHj}UmEea@YyaB~KsuAoD_q@dIsRqEo[_BcuBiFss@zMekBvG}s@qCeq@}MmTmCmR~CmGl@ce@~Fo\DgNpB}A@xJcn@hd@yNk_@uHpGmXaAsFuIyB{WcJ~AeUoIk\liAc`@x_@~{@zoArLb`@qBgHkBlCm^lz@of@jM_\jf@gIeNiF{^oLmYeDwp@gFqV_UyVih@c|@eo@}f@{I}P}@}TcEqDs_@gBiOeNa~@cMcQt@g_AhYsh@{_@mp@oXk_FoiAku@sk@kqBunDmq@wqBag@yaBiq@m`Akm@_rCaBea@bB_dA_BkTaJkS_PeNeLws@mZe]Wss@eFse@Mq\tW_gA`C}q@`T{e@lMkFxH{YhColAmOyCwCgMyCdEyQeXodAmp@mNy\e[yUaFy`@yCqIy\sV_e@mBgKxJyq@sCm]mJgDqP}GiGqFcQi_@aEuSyOqDgIapAmHgB}OmL_XcLehAq|@~YcRdCsI}DulHogGaNqUe@{d@eIaWyBia@_HmIkLrSaLrG{Rss@v@yM_Dm[cSqeHkSijDxGyqAhGg_@`D{F~KtRaR`n@q@zNh[nUdR~CnIhSbb@dCvB|ObStk@{FbA}CbRxM|\zHlBpA|IzTcN`R_W~b@cDlWqPzQqWpMcDpj@qIfh@na@tTym@jHyLpR}L~OpKnHIzS_a@bL_GlI`d@dZqLrf@bCjJxg@cA~O|Dl\tEfPr}@f`@fVhRzVcg@pTeS`W\p\gN`GnMhMk@lRfKz[cXxd@mKcDfzA|[~Cj^|WnFxWzLreAnQpGmNtm@SpNfO|i@|@bd@dK|d@rZfoCfDzd@{@bq@`Cve@~g@jlCpKnnAwCrnCkRr_CnAvmAfSfDfa@_EzRdPdJiFnVdAzOtIbUdm@`c@pVbYfd@zHb}@v~@ltAhLpk@ps@v~Blt@n_@jNpP|UjBdZlo@vDhv@fSjHgBpo@~YpOpDbPnWr`@v\hpAxSvvAjf@b|Bp^~_EpGjSzStXaY`cBwQbUoBhOrU~Lv{@}T|Tu@n|@fM`ObN`n@bCgD|T|GdShr@ni@zf@~z@dUjWtEzTxDzs@`MnYfGx]vKhHpJmWrIcI~h@wObb@ecA`H{HyIrIq`@mp@rK}Sq@_JhLgHqKsj@hIfClIzNhaAF~F}B`gAs~@iMdPeGlb@{@|p@|Nl]lChy@qI`w@yJ~eBrDfm@|AfrB`Ed^{BbOjOtD,2,85.1,False,2239.1,,,HQ
173,2,Lunch Ride,17540.0,3346,4136,70.4,Ride,Ride,,7215898986,2022-05-28T11:27:51Z,2022-05-28T12:27:51Z,(GMT+00:00) Europe/London,3600.0,,,,71,0,0,1,0,False,False,False,False,followers_only,False,,"[51.41436405479908, -0.20254106260836124]","[51.53988699428737, -0.12183867394924164]",5.242,7.922,,False,False,False,30.5,3.3,7684667956.0,7684667956,stripped_health_data_30351079_1653741548.fit,False,2,0,False,30351079,1,a7215898986,wzxxH|pf@GYDO@D?GMAAWGQUY@QM_@CWK]@_@OYGQ?SIOAWMc@w@_EU_BOqBPcF?sBAcBYkFUwGIs@?]Eu@CoGKeI_@eM]{Du@m]UaC]_Bg@yCuAcDc@u@_IaIyCqDsAwAe@c@uC}BsIuIyCqDYm@cAsA{CwDwBeCw@g@uAkAyB}Ak@g@m@o@_AkAsAiAgCoCcB_BiC{COY_BeBwCgC}@cAq@i@Q[gAy@iDmAg@a@sCuCuBuCmAyBUs@q@oAYq@oAwDq@yAqB_D_CaDcAiAkAm@kDsAmEuB_@YeBu@wA_AqJcIkAkAa@W_@c@_Aw@MUaBiAoCaCc@g@Wa@{@iBs@oA[c@_@_@oCoBiGwDuAe@iGe@yDMcBFuBC_B[eB}@_As@kAoAeEyE{BqBiHaHqFoEsCsB_CkBUWkEwH}@uAaDcGcA{AI]_@yBaBeI_BcHg@wA]yAiDiKyAoCm@_AqAmAoH_EiAw@}AsAwFqHyDyFcB}B}CsDwCyCQIHCgDuDgCgDq@o@u@}@qAcAyAuAiCoCwCoD]k@o@{@y@q@OEE@AB{@eAaA_A}AgBaCsCw@w@}DuEiAmAm@g@O]ICy@{@gBqADDMSs@c@eH}GeDwCs@iAoDyDsBeCeHkHkCwBc@i@iAcAeC_DaEcEiA_A{Am@a@]uAqBYm@wA_Cg@aAg@m@_@KmAIgCB{ALSVI`@ULc@dAGFOIUo@KMe@SADIQQ@i@n@mExGiAtAm@bA{BfCk@~@Qd@I`@INwAe@]C{@@qATk@AwBU{FMqAMsCMgBRuCS}DFm@M}BAwAh@e@?EKIbA[HQA[MKIUEg@o@_@[{@Zi@I_AJgL]e@DsA`@iDoBWAqAPs@?oANiA@YAUMcATyCZ_@NmAHGH]@[Tu@Ho@NYRaALOHI@WQeAMW@w@Sa@@SHMNeARsAb@kAT]C_@FcCpAqCfAsAnAaAXYRaDtCu@dAsAvBoAlCaBxBi@z@}@jAKH_@p@k@fAmA~Cu@vAUl@U\]|A{AxEyBpDe@p@UNmAZkBHSJAZl@zDdAnIDd@?h@c@x@[N@HEH_E|CeBdAQRk@bAIVGZ_@rCe@dBQHS?oCQuAAoE]kDEgAD[Gs@?i@?KHuAOo@F}B?iAJg@Lq@Bg@Lq@@q@X_@Za@D[RUPk@x@OFWEQYMqAU_AM[e@g@cAOUWAS,2,61.8,False,206.8,,,HQ
174,2,Morning Run,8127.3,2712,6761,18.5,Run,Run,,7215117759,2022-05-28T08:26:41Z,2022-05-28T09:26:41Z,(GMT+00:00) Europe/London,3600.0,,,,1,0,0,1,0,False,False,False,False,followers_only,False,,"[51.5397662948817, -0.12215240858495235]","[51.48502609692514, -0.12574095278978348]",2.997,15.7,84.4,False,False,False,30.5,2.1,7683820748.0,7683820748,stripped_health_data_30351079_1653733264.fit,False,0,0,False,30351079,1,a7215117759,ojqyHnzVd@CG@DXZEEHX]S`@?HFHV@HN?RJLC^FD@HGLJ?FJPt@^T?Lp@pAh@HFb@C^@x@GH@BOP?J^XEB`@PlBVx@XHTf@d@hAh@l@f@p@VfAPz@m@T@DGMCDECEBSlAkAn@a@^ETJPI`@?JN@LL@GBBPAHIALGEGZ]REN_@\e@ROv@CZRdADrCGDMbBO`B_@Z[Ng@TMt@I\SjAl@XEfAq@Z[TCTOh@i@`@o@PZN@ZEr@Yl@GJHDNJHXHFPFDb@MNON?VVF\E|@ZHj@a@p@SJBfCkAv@g@VWrAq@f@e@\Qr@Mp@]j@IfBuA`@c@\b@?\Jd@?h@Mx@Lx@JLAl@BNJL^bAJbAHJDj@Xd@@ZV@NHDJE\Y|@q@lATZrA?`@Rx@Dr@\~@VlAAXM|@aAp@eAh@q@^_@b@o@x@u@HBDPZBHRL`ACH@x@rApBAFFLLLVEFHCJR|@EFJd@J~AFL|@_@^Eh@a@f@Kn@y@xAoALKP?XQX?BFF`CJPxAHd@^r@VPPPZXJNXTHp@~@p@hBDVLT\\XLVHZIZR`@v@Jd@Pd@HfAHZANTZl@xAJ`@CD@XVn@b@rB^r@l@fBVF^l@TVR`@Tn@NDTZlAt@P^bAJJd@f@NNNL`@DlAH~@HTf@pCPV^x@Jr@f@jBn@dDV\dAhETlCAHb@ABnBENXIVHPNTtAHlA?h@Tj@H@`@[Zc@d@MNBj@j@LBb@Qp@?~AW`Fa@n@c@nBi@@CAm@g@oBg@qAIc@Ce@JSp@a@PYfA_ANYNiCKQIc@Hb@KLFP~C`CHIx@GJD\f@`@T`@@b@G\k@`@]Re@NI@WO}CAuFI}AQiAO}BE_CGi@@IFIj@[T[d@AHJJGbAENMHBHe@n@yADGPA\Rj@x@p@P\?VL\b@n@RHCDGXXR@FIBWPIrDYLQXBdASDKj@WZ_@vAe@bAmAxAa@j@Ep@_@v@LdBWv@AZFhACn@JjB?|@Ub@[^LXEfBBlANPKX_@XQBOCUd@eAX[C]H[p@}A~@sAHS@Ga@qADc@^]~@aBh@uB^s@jAqDfC_H`@uAPaANGh@Fb@a@VAh@VtAxAn@tAp@bA,2,,,,,,HQ
175,2,Night Ride,10410.7,1897,2322,44.0,Ride,Ride,,7212917539,2022-05-27T20:51:53Z,2022-05-27T21:51:53Z,(GMT+00:00) Europe/London,3600.0,,,,14,0,0,1,0,False,False,False,False,followers_only,False,,"[51.50345530360937, -0.03424954600632191]","[51.5394142549485, -0.12219448573887348]",5.488,11.274,,False,False,False,30.5,2.4,7681425386.0,7681425386,stripped_health_data_30351079_1653687213.fit,False,10,0,False,30351079,1,a7212917539,qgjyHbuEGICIFKG]GMQEKLCEk@NHAGFKCm@\Q@QHWBWMK?IKE?cBDcA\[PWVi@n@Yh@eAjFKt@QxBExA_@jFGzAKhFBfEDrAHz@j@pBLbAf@hCPh@@RJ`@pBvDNJn@JTLPZxAhDFPn@`E`@lBf@zAzAzCpAdDrA`CZv@l@dB^rAZx@p@bDHTNRHP?RDJ?PF`@FDZ?HFZj@XlAf@vAJRVTXGNIP[r@aAXWC\@H^x@Lh@RPLRHj@FVRLXJPJNTJh@t@r@Mh@Cb@?v@JvB?|@HhBl@lKDPKP?POn@A`@Hd@T~Bt@dLRpBPvCHzCK~F[`Di@dCa@zAYfBYrAq@hCs@bCu@|AoA~B[t@i@bDCT?h@Mh@w@zBeBxDg@pA}CzEKz@u@hBOj@Qb@SNe@x@y@dCq@~CYjBe@bBOPy@`Ca@pBW`A[~AEP_@d@Yz@e@jAc@vBM`AUFGNSZIZGf@Ex@_@jEMtBy@pBo@YMAoAe@s@QaFgAwEoA_A]w@Ua@WIUo@SE?SX[dAQZs@`DGb@WpBO`BMr@QjBa@jDGr@_@pBIPUhAM`ACj@SbAMjDc@fD[lBC?DDAAAFK~@YvAMZOLa@Ck@MQ?]Fw@j@c@h@[Na@BIK@Ua@\ILOVe@nAMn@OfBGNMfAI^AROr@Ob@QfAi@pBS~A[|AOvAWV]dB[fA[pBK|@Sv@g@jAWzAKNQrAUbAUzAUdASjC?XHfACn@KhAYzAAjAMtASrHIRCPCjAEb@GpAMvAKn@A~@IpBB`AJv@`@zHEfBABGBIR_@Dw@EOFaAp@q@^IJu@ZgAl@SNeAHCFm@Jw@Zu@^_C|Ay@`@]Zu@ZsAr@a@Z_@d@GDCAIIIUc@qCIYO[K@gAl@UBICIGMW_@gBQ[IIKC[D_B|@{@Zc@LiAn@GCEIQq@ICg@ZUFYRc@NyAp@g@`@e@R_BrA{FlEw@n@Y`@[x@Q|@MxAEdAc@JSdFCpBGL[ZBUER_@bAKL[PMLa@@CHYCSLWGi@Cg@DgAc@[K]OWSi@UUC[@UIaAGSHW`@UPS\O@YIk@TQ@Q?]IOKGIEY?k@KOu@W[Ck@OUAMMeAU]CYQIk@Cs@CY@o@A[GUEESKkAZe@VgA\u@^UZa@v@OJI@GCISMeAE{@WkAIOSYWK,2,76.7,False,145.5,,,HQ
176,2,Evening Ride,10208.5,1727,2096,9.6,Ride,Ride,,7212385774,2022-05-27T17:52:53Z,2022-05-27T18:52:53Z,(GMT+00:00) Europe/London,3600.0,,,,22,1,0,1,0,False,False,False,False,followers_only,False,,"[51.54225546866655, -0.10296053253114223]","[51.50335614569485, -0.03429807722568512]",5.911,12.034,,False,False,False,37.0,2.3,7680834613.0,7680834613,stripped_health_data_30351079_1653677023.fit,False,9,0,False,30351079,1,a7212385774,azqyHpbSDSDCLLLIb@HRKpBGhCSrA]XAv@ObAGl@Kv@QTA|@Dt@\d@LrEhCvDlAn@XhBdA|A~AbC|Bx@b@|BbBr@b@f@RZRPFCBjALREFWL}@?UBUf@sCNiAzAyJ\gCVoAB]DYd@{BDw@fAmGj@oEVsAX_@LcAPy@`@uCDw@n@iE?_ANmANMFQPgAHUf@kC|@iFlAoIl@_DV}@HOV]n@m@PKr@o@h@Kf@QVEHEHILW`@kAHy@Ak@Iw@e@oBq@qDCg@AsBIMB?Xw@n@sBh@gA^aA\g@p@qANU@@Ta@NQpBqEAGN[~AoDd@w@JCh@cA^i@JIFQBSf@mATgAHSn@d@r@^v@ZbAp@PNXp@BBDNDBBHNEx@p@\ZHBTF`A@NBBBN?XFJA\H\JN?\DBAXBJMFKNOP?`@Jl@X|BfADAVBFEZJDNBXCDAPBPHPLPVR\^FD\?l@b@DB@LDD\XFB\CJDHN?JDFXLHPJ\Bl@NLdAnAb@x@f@t@J\LFRRLRBREJBLELD@NZjAXAH@FGLELfA@t@EZ@h@KV@\HhA^hBdBr@h@p@t@n@b@LPTLJ@LRdANNH^ZLVBL?`ABJDJHF~Ap@xA`@|Bb@VCVBz@NZDtFvAjAb@\@x@RJIF]JuAFc@Li@H{@Po@NyATyA~AcGl@iBf@iB@IA_@`@mA|@uD\{@z@oDLu@FqARmA~@kCLe@Hg@Nc@j@}@p@s@r@cA^w@p@gAf@gAl@_AlD}IRu@MG@]Ru@\cAVeBd@gAlAwBfAiCj@mBz@kD\gBh@{AR}@VkBLyBFgHEqDMyAWmCa@}FQgDWyC?a@O_Cg@iLGw@Ig@CGECIHOGO?SDGAEGMa@a@DIEIWg@oFWaAe@sAKUOMM[e@BUGGGa@cA_@gBUs@UGk@BIIIe@Oa@YuAy@{CeB_GWo@eAsBc@s@sAuCs@wAY_AGg@]sASuAk@uCWy@yAcDUQw@MWS_B{B[m@k@kCs@gFOoD?eBEwAD_DHiD^cG@c@Jw@Dq@H}@NaALm@JeAd@}BFQ`@m@T[XUXQpA_@ZCZ?nAHl@@fCw@^EFBDHFV@V?b@,2,72.3,False,124.8,,,HQ
177,2,Lunch Run,8376.8,2680,2840,30.5,Run,Run,,7194735519,2022-05-24T11:51:05Z,2022-05-24T12:51:05Z,(GMT+00:00) Europe/London,3600.0,,,,16,2,0,1,0,False,False,False,False,followers_only,False,,"[51.53879248537123, -0.12247368693351746]","[51.539219208061695, -0.12241526506841183]",3.126,12.725,84.8,False,False,False,37.8,17.1,7661666969.0,7661666969,stripped_health_data_30351079_1653395981.fit,False,4,0,False,30351079,1,a7194735519,mdqyHn|Vm@?DNc@Q?TC@HHmB{@~BzB^^M@XJNXJHIa@LNLt@LTNLKpAMLPTGOLNFKtAl@dCdCVJnAR\BRTXL~@R`@PR@NI~@BVQZu@VMj@G@PJD?FI~Bm@|Be@Ro@JAFw@d@}@JAHHXMj@MTy@p@]SGD?Ra@r@@HGHOh@MPe@`@m@HAF?TBRW@@PRh@LpA?ZCNW\u@NUv@O`Ag@fA?JIX_@r@Ed@Sv@c@r@eAj@O`@?LOXSv@OTE\QVK^SVy@vC?Jk@rBOx@Uf@gBrAYz@ADH|ARvA@~CIbAiAjEDV`@L@FAtCB\APELBRWx@i@z@_@lAIJA`@G|@OXSPENGvAHt@N`@N|@PpBh@~@\vAJNV~@O|BDDLKH?JJd@tAPx@P|C@xAPhAZnAr@x@Jh@`@\DTn@|@h@l@n@d@xArBj@j@hAl@hALh@E\d@JvA?`ATbEZxCNfAFdAnAfJZpAZfCNt@PnAZbBD~@EXYw@nAs@z@YJK@WQaASoBqBgM]kCW}AyAsKCI[DsAl@SBGMEa@Ay@Fc@?M_AGg@SSOi@Kw@Y}Au@s@m@Wg@iAuAUg@CSUYUO]m@ISc@gDIcBEM?u@Kw@Be@AY[gAYuAs@KEI@QNIFKAM[qAOWIcAIQKg@Ug@S{@I}@c@aBEu@?iAHk@^q@Ny@\g@J_@LWj@w@Z_ABsAIg@?USe@CWBoAKi@@MVYJW@QZy@Lu@AqAKiA?w@OmBHu@Xe@b@qAb@{@DQ?KHKd@sAFAPg@HAV_@f@mANO^cAJGNU\u@Z[PKp@_Ab@{@hA}Ch@gARm@JaARURk@`@]BQ^}@IYIo@?g@NGVWGa@Ok@DYXi@Pc@jAeB|@m@Te@LMt@e@LAb@a@ZIZSj@Mr@kACYTaBAOW_AECGDSBWe@Ga@?QPo@b@SZH~@]fA@^Hf@MRBj@Xz@LRL`@_@ZAXPTEt@NTPF?BICDEIS`@g@FWNa@G[Bc@Sa@Ea@e@_@M]]c@Ok@Ai@N[TEXQJMCWo@KKkAd@YEYMKOYoC[_@Em@Au@EOWAe@KIIcA?aAYIBAJMo@WUSEa@Na@IqA\_@d@_@NWTc@x@KDk@MQ]WUYuAMe@,2,,,,,,HQ
178,2,Morning Ride,5353.0,1008,1077,30.9,Ride,Ride,,7193282247,2022-05-24T05:28:57Z,2022-05-24T06:28:57Z,(GMT+00:00) Europe/London,3600.0,,,,18,0,0,1,0,False,False,False,False,followers_only,False,,"[51.57935150898993, -0.09907694533467293]","[51.53994357213378, -0.12183548882603645]",5.311,9.108,,False,False,False,39.9,21.0,7660087811.0,7660087811,stripped_health_data_30351079_1653371255.fit,False,14,0,False,30351079,1,a7193282247,}ayyHfjRDIP@PE^Cb@??e@PZDGHCJ?J@DELFVKXFjACfC_@fB_@xBE|@IEKAIb@?NEnAKr@O|Aq@n@c@dBcAt@k@ZQfAYlCaARCbAYdBy@j@_@JCVAJDRP~@rAnCbEt@~@tL`QpFzJxBtDVn@`@v@DHCPJ\v@hBJ^l@fAbAnCb@bAPh@TTJLbAhBJLb@Vb@Fr@AZBf@TVRrAbB|BvBJLlCxBj@l@Xf@`ApC^f@VJXDjA?b@FJDj@`@\d@Tl@\jBj@xBh@rCVfAh@jB`ArEPh@tA~CDN@AHDNn@NhA^dANTHBj@J|BJjCEv@EhB@dAArABbDChAFp@@vA?lBGzBB`ADbB?n@@f@Ch@BvCAfA@^LP?dAEvB]xCS|BSzAU`Go@z@ObBGlCYX@FDBJ@ZEtAGt@Ld@JNlAh@FZBzAJn@J`CFj@DdADHEHJf@Vb@LZM^ANP`B@@,2,71.8,False,72.4,,,HQ
179,2,Evening Ride,5564.4,1072,1072,26.9,Ride,Ride,,7191270332,2022-05-23T18:11:38Z,2022-05-23T19:11:38Z,(GMT+00:00) Europe/London,3600.0,,,,9,1,0,1,0,False,False,False,False,followers_only,False,,"[51.54003015719354, -0.1214060839265585]","[51.57942770048976, -0.09945639409124851]",5.191,9.81,,False,False,False,43.1,20.9,7657918050.0,7657918050,stripped_health_data_30351079_1653330672.fit,False,3,0,False,30351079,1,a7191270332,elqyHxuVCREAI[MDEEELQFMCEFAJYNGAEBYAQMBKIEKSESCe@WmAO{ACCYFIGi@uCMa@M{@QwBGc@Fu@Cw@@IBBCOBSASAAaA?kBNWA[LYA_AJsG|@g@@wALk@Jo@Dg@Ta@FGAKDWC?CE@CAYTKBWIcAGmAOk@AYBYIGDy@D_@HM?c@?OGy@EY@g@GgA?IJAJe@l@_@j@aAhBgAbB}BfFg@~@Uh@_DvFk@nAs@lAAF@DWh@UTK@ICWOuBgB{@m@wC_CuA_AcCoB}@aAeAqAiAgBw@wA}@sAaBqDWy@Yi@Ww@gAwBmBwEi@eAo@}A]q@u@iB_B}CmA}Cy@qCaAcFu@}C}@yCy@eDi@aCk@gB]w@Om@gAoB}@aDuAiDm@cB]i@[@s@LSBk@EGCsD}FoAkBa@u@gFcIy@gAs@oAoByCc@u@qB_D_@c@a@YgB[c@@o@PWLgA|@eAnA_ApA[ZGAEIY{A_@mA?EGI}CbBmBt@a@JeCVkCJ}BVc@B[Ag@JY@wATcAVu@F]HoBVIBKFAT,2,68.6,False,73.5,,,HQ
180,2,Afternoon Run,5463.1,1856,2066,29.7,Run,Run,,7185101875,2022-05-22T13:24:06Z,2022-05-22T14:24:06Z,(GMT+00:00) Europe/London,3600.0,,,,9,1,0,1,0,False,False,False,False,followers_only,False,,"[51.5396264847368, -0.12205400504171848]","[51.53164917603135, -0.15811429359018803]",2.943,9.904,82.7,False,False,False,42.3,21.5,7651153055.0,7651153055,stripped_health_data_30351079_1653228591.fit,False,3,0,False,30351079,1,a7185101875,siqyHzyVHABDHFBCB?DED@@DNDBBJF@PFCH\AIFLD@DRDDCFHL@CBDFL@ZAn@FXJLFAFDH^Tn@X`@XPFFBZDJGt@DLFDCAF?@DPTPHZTRJTNHRLFXj@@XBL`@FRJd@BNDl@fANDJHHCF@NJ\`@D?XNRBNXHJl@^FJI\S`@SZ_@Z]RUZa@^{@b@S\W`@i@f@Sv@EFE@I?AFURCFK?BNJ\Jj@Bd@Cb@Yx@O\KHc@bBcA`Cg@jBBJI\e@n@M^KTW\OJQXIFm@zAWRKTKJIPOPg@dAIV{@lBYbAq@|@a@jA]j@GXCd@@|@PlABXB`BAt@e@lAOp@IT[XKAAZBf@\r@XPDABIDB?JPvAHxAALAJY`@qAzBGZWx@GDEHKd@[h@K`@CBKdAIj@@zABVJh@HfAj@`ANXLd@C^?n@Cv@^`BXSJMDCFNjApAPj@BTLXLt@Fl@Rh@HfANf@IJ?LG`@?XHr@XbAp@jB?FO|@c@fAG^BXn@l@b@ZZ`@^\AFHLr@t@r@d@?DLLXHr@@VFd@Cb@FPCl@?JTZC\SVAhA]TS^O|Ae@LIR_@VMXEZ?XGj@Sl@Mf@Sp@QPKH?xAw@XERAt@St@YXUd@Qn@Mn@U`Ay@d@Uf@Mn@Y|Bk@TMnC_ANM^QXIj@GZMX@JHJ@`Ac@p@KFBLVHBJAdAa@r@QX_@PIr@On@U`@ELMDMBAA@B?g@`@u@Ps@\_@Rk@l@cA`@o@NIAQOOAUBKJCR@ZVjC@f@Hl@B`AN~@@`@Fh@UTQt@k@v@KXML]r@Kn@Gv@UzAAb@Ap@DfALt@XlAr@xBF^CH[\o@`Ai@hAU^Wn@S`@a@h@_@t@m@j@OFg@LSNc@JQ?k@HUHOAe@BcAN,2,,,,,,HQ
181,2,Afternoon Ride,20537.0,3657,4962,76.7,Ride,Ride,,7180831255,2022-05-21T13:49:06Z,2022-05-21T14:49:06Z,(GMT+00:00) Europe/London,3600.0,,,,84,0,0,1,0,False,False,False,False,followers_only,False,,"[51.53964978642762, -0.12215014547109604]","[51.530646197497845, -0.12243018485605717]",5.616,11.23,,False,False,False,30.5,3.5,7646467759.0,7646467759,stripped_health_data_30351079_1653161796.fit,False,33,0,False,30351079,1,a7180831255,yiqyHlzVn@Fn@f@f@`BHnALXLDRe@x@}@tB_A~E_AfDMnDBF`@IdBBdBd@nDVbAlBSdGp@~@V`AtA|@Tb@KtB_B~AqA~@iAdBlAn@dC`AhCjAdET|ARbAzBbIn@rAz@|C|@~BzA|FxCbN~AlEZfBr@jBBjDZdA`A|G|ArLTvCHvBWvGHtAP`@|@Ht@^j@x@\hAHFhIuC|A[bMwErA_ADi@r@eBjAq@`Bm@~EkA`COFdAA|DLdCEVp@dJ?fCHnDJ`@@jB^nCZvEBlEd@vA^|IAXV`CAlCJhCAj@CD?ICJPdAr@xKR\ZFh@KvKuERYjBkAl@q@nCuEpGkGhD{DvFqHzA_BjA]lA?n@N~A`AFh@GdCTT\HKN[nBWb@sB~@}CtCk@VkBdBg@ToFlEiAn@uAzAgDvCmDjBoDxA{B~Ew@nCMl@ObBC|EMd@Yd@ObE@bBZlOxA|RRpGB|CNLLb@d@~@XP\K`CiHb@u@l@_@rDg@`I]r@Nr@j@x@dAXp@B^c@hCB^HJdDbCnATv@\lHxEjBv@dH?hHa@bMmAdIkA|@QVi@I}AgBkMc@kCi@{A[wAaD}GyEaMqE_JqAoBcAqBoAsA_BcC}@}@Wg@YmBk@iG?_CUyIm@_Fm@sF_@_FAyBa@gD`CcJj@bApAnERDj@]`EqG~@_CfAaBfBiBvAaB|B}AHoAE_ITwDx@qFNYl@a@J}ANCHW`BaAHQt@GCFPbAAtANh@vA_AdBi@~BgAjEuDj@{@La@H_ApBgGTgAG?z@aCDi@n@oBpCcGdA_Dj@iAbBeFd@iBCC?a@dByEx@cB~@UNm@bBgDECF@CSTNNSeB_CsBcGk@kAwA_B}FqE_DsAuDq@oGZWNMVMjAErFJpBQnFKf@q@Z}Hn@qJ~ACIPRuAMoG{MsAI]Uw@b@EK?yALq@XyCHqCQ_BK[CiAGM@{@sE[yF_AWQoCc@yBo@eBYaF_CeA_AeCsAaByAgByBwA{Bo@wAsB_H{AqHy@eHe@aFi@cLCyFFgLKGAa@WKCMHsFEmFMq@e@sAiBqBw@MsH`@e@A@MGAeC^mAAiCp@eCC_D`A_EQQO@DMFQ?G^KDM^i@KsFxAqGdCuChBcBlBcEtH}BdDgBhB}AfCqAzCgBxC]`A{AzF{@pBeBxCo@h@yAXqBPC\\vAn@hEv@dGBr@}@rAq@r@_DnBuCbC]`Ag@xE,2,83.5,False,305.4,,,HQ
182,2,Evening Ride,20019.8,3014,3245,64.4,Ride,Ride,,7170601458,2022-05-19T18:48:10Z,2022-05-19T19:48:10Z,(GMT+00:00) Europe/London,3600.0,,,,490,1,0,2,0,False,False,False,False,followers_only,False,,"[51.53967685997486, -0.12199239805340767]","[51.53949027881026, -0.12216850183904171]",6.642,12.978,,False,False,False,37.8,17.0,7635339800.0,7635339800,stripped_health_data_30351079_1652989416.fit,False,248,0,False,30351079,1,a7170601458,}iqyHnyVt@l@RD^d@VbAFzAV`@FA|@oAf@[nCu@V?b@ShApBYfBAJFPVHpBElALd@Lj@^DHDhAFLj@ZlAMl@vAl@rDt@~CDBAHBNP`@\bA^l@@e@COYWKACDEQIIF\NNv@pF?RI`@e@rAOZ_BtBiBfFy@jCo@`CM|@IhAQh@i@Zy@x@oAz@e@d@gBnAiDnByEbEBPfAlDp@jB`@t@vAjEtClJDZCr@BZ|AbHd@dCHrDB|DAd@U~@mArCa@h@_@x@eBdIUlB[rEKfDOxCA~AFh@tACb@WB@@PD@lCy@FB?HTBDFFZ\bDnAzJ~C~Rj@hEtAxIrAjGf@hAb@h@t@r@pD~B~EdEZNz@Hx@G|Bk@|Am@l@_@XYvGeMvAwCvDyGtAwAnEkDn@}@|AgFjBsGR{@@cAmA_LGmAc@cFkAgKgB}PYkDK_@iAC}K`@qMHs@NqBv@eBn@oF`BgE~AwDbAmEfBq@z@s@tA_@pAo@zDa@dD?jAJvBrB|NPbBh@nCf@jDdBlKf@~Dl@|CfAtGr@lC\p@l@v@dF~DbDrCl@\|@PhAAdEkAx@i@r@eAtDyGzCcGpDwGt@aAj@k@`FuDRY`AmC|@uCpBcHDg@?g@qAyLa@wEaB_Oa@mFoAqMEWMIoAC_HTqBNcCCqHL_BXaCz@wClAcD~@wBz@}LfEk@n@eAlBWx@u@pD_@nDCnAHpBh@~Fp@bFpExXfAlHrAvHdApER^`@f@lG`Fv@x@rB`Bj@Zn@FpAG~CgAjAo@XY\i@vA{C~BaEfBoDhEaIbBkBlEcDr@{@`@eApB}HjAgEDm@GeAm@{FSwAEAGi@sAmOo@eFmB{SIUkAGk[t@qBt@}Ab@}Ap@}FlBcHxB{@d@wC`Aa@`@cAlBe@dBkAdICxAHrBAXGBMIk@To@Js@VE[KOGU?gADkCLgCVeCf@wC^yAfB{Ff@sADa@GWMOaB{@k@aAyHyKk@kCUsAHCYyACcBQoAb@o@rDoDpH{GzDgDvCsCDa@[sBk@wCM[GB@OIa@KqBm@sI@sBDUd@mA`CaHp@iCvAqCnAcBJW?e@MoCi@kBU_@SBGGKq@Qs@kA_IUq@QCq@`@]Ec@[Ew@OUe@EkC}@eAIUYc@UI{AL}@Pa@CUGKUAuATyCbAgAxAUJUIMUOcBSaAa@k@_@O,2,97.3,False,293.1,,,HQ
183,2,Afternoon Ride,6163.8,1304,1839,46.6,Ride,Ride,,7164031352,2022-05-18T16:07:28Z,2022-05-18T17:07:28Z,(GMT+00:00) Europe/London,3600.0,,,,21,1,0,1,0,False,False,False,False,followers_only,False,,"[51.57780580222607, -0.09884459897875786]","[51.53987827710807, -0.12188024818897247]",4.727,10.86,,False,False,False,50.7,22.4,7628234240.0,7628234240,stripped_health_data_30351079_1652891976.fit,False,13,0,False,30351079,1,a7164031352,gxxyHxhRh@@DFL?DER?FCRFDMHCBQ?@NB@IFADOFHVMBKADDIv@Sn@@zAGrA?hAOd@IbEmBlBc@nDoB~@_@XSb@Od@Kb@UfAq@d@g@NENBFDLTRD@NDJdArAbAdBnBhCdCvDrAjBfAdBfB`CdBrCxApCtFtJ~@hB\bAd@lAPj@D@[FT^^b@|@jBHHVf@Xb@JZBPPZ^fAHJHFb@FlAHz@PVRxAlBbCxB`@Z^\d@^j@f@h@l@b@v@fAtCRTTLVDxAKVBl@\RT`A|CzAjGhAnEdAvERj@tAfD@LAEA@Lj@Jt@RbAnBrFjAxDf@hArAtDn@~A~AxEVn@h@`BFF@LJPh@|A|@~Al@t@tAnBbBpBpCpDbAjAtEfG~AfBB@\E\s@d@kAnA_ChAkAp@e@\SzAa@bAO^O`@CzDu@XKj@?v@ShAM`AQzAGFFBJDx@ET@d@Ap@IbAEpA?nAFpANjCHJB?n@KR@p@El@Ql@ERBC??@QBA?CIABIBQ?@ICSAc@Ko@Qw@Gw@Ic@UuBYuAUkBAk@JI?IDIJE`@GRGnAQpA_@VK`@WXIt@M\Qp@KVQNEjACRELONIp@WNUd@a@Pe@NKp@WFGDKAMe@yBIiAU}@MYOM]Kk@AGAKQIa@BI,2,65.8,False,85.9,,,HQ
184,2,Morning Run,6336.6,2393,2520,84.0,Run,Run,,7164028849,2022-05-18T06:35:51Z,2022-05-18T07:35:51Z,(GMT+00:00) Europe/London,3600.0,,,,12,1,0,1,0,False,False,False,False,followers_only,False,,"[51.579380761832, -0.10071971453726292]","[51.57954999245703, -0.09966451674699783]",2.648,4.502,85.1,False,False,False,51.2,20.9,7628231542.0,7628231542,stripped_health_data_30351079_1652891952.fit,False,8,0,False,30351079,1,a7164028849,cbyyHntRJ?MVFL?^EJDF?LBBE@HF?JFRG@EDFNIA@RG@BnAJd@?d@D\C`@@b@A~@Br@H^JVCxAHd@BDTIJ@TSd@G^Qh@Mb@CVEVCZBlAKf@@XFfAGZHh@@LEPL\L`Ar@p@FHA`@Qf@a@r@YNOj@WBEEc@Du@CWi@uBi@sAY_Ae@kAGk@HM~@g@\M`AMJBNZX`@DN@f@BVZl@JZR`Bn@zBn@hAV\FRPXFFLDXFh@Ad@FZEL?p@GfAOf@ApAFxAPj@?b@Lb@FT?DF@`@?nB@HNFH@`@Ad@@tAJd@AHC`ACHDNEL?TQLD|@@r@Br@Cr@J\ETGPMPSj@YRWj@i@HO?YIi@e@aAaAkAaBiC{@eAaA_B_CqDEK_AqAUg@[e@Q_@YMwAqB}AgCo@mA}BeDG@GHI^CBUAe@PuAdAS@g@CMBGH?TKf@IXEDG?IGSi@_@m@GEI?QDUTOVs@n@y@pBSTGNIr@B\ATs@|DKZCn@H|BZzCh@|B\~@PTVV`@C`@Db@Tf@PTBNC`@@PGh@c@HCL?ZUZMLF\Zr@XT@NAh@_@LELHb@d@\FXPpCVn@Gh@[TGNAn@Qr@KrA?j@@tA^j@VX?FIFe@?i@Ic@M]e@k@mCmEw@iAeByCk@{@o@{@u@sA}@oAi@}@m@{@c@Wu@SWE[De@Cs@Sa@Eg@Oq@EY@YEUOOQGIKi@MOKGM?]F[AeAFg@A_@GMMIC]PgA^}A|@a@P[R{B\CBEJAbAEHIAGMGw@CGO?]GK@[E_@CGCK?G?EPUPEAMBm@@MJWH]B[KWDsAIM@MH[Fg@DMDa@?KNIBe@?QDS@YEM?MHEN?~@C^?nBCZ?b@CHCAEKMcAIaAAa@,2,,,,,,HQ
185,2,Morning Run,2327.9,791,965,0.0,Run,Run,,7145508506,2022-05-15T09:49:42Z,2022-05-15T10:49:42Z,(GMT+00:00) Europe/London,3600.0,,,,0,0,0,1,0,False,False,False,False,followers_only,False,,"[50.598051846027374, -3.440254842862487]","[50.61626815237105, -3.4473407361656427]",2.943,4.128,87.0,False,False,False,5.4,1.0,7608057340.0,7608057340,stripped_health_data_30351079_1652609287.fit,False,0,0,False,30351079,1,a7145508506,ylysHr|~S@^GCJZCFG?AGDARDBCLDDA\HGC?HNGERD?^\VPd@jAa@bAWx@g@tBA^Dz@IpADJAFJj@Eb@@z@CbAGVAJML_@Cm@Oe@Ag@L[NIHYb@Wf@_@rA]`BaAhD_@fAc@v@]v@OTYRs@Z[FsA?WI[EMEaBcAs@k@]UuAoAIA]DGAa@g@}@s@o@Wu@Sw@CYE}@L]Cw@]_AUyAo@]E_BEK_@GG_@?[MsAo@mASO?YHOB_@As@NaDdBcAT{@JOCu@u@oB{Ai@[OCO@cTzDo@^m@Va@VODQRw@j@WFSL_A|@,2,,,,,,HQ
186,2,Morning Run,10779.9,3999,4227,170.9,Run,Run,,7145347259,2022-05-15T08:35:34Z,2022-05-15T09:35:34Z,(GMT+00:00) Europe/London,3600.0,,,,0,1,0,2,0,False,False,False,False,followers_only,False,,"[50.54018276743591, -3.5085219237953424]","[50.5973304156214, -3.441058751195669]",2.696,4.934,84.9,False,False,False,78.8,2.1,7607883742.0,7607883742,stripped_health_data_30351079_1652608099.fit,False,0,0,False,30351079,1,a7145347259,ccnsHhglTN?GTNNBPGH@^IXLB?PGH@HCJIFA`@GIKFKSeB^e@Gk@BqAVaFRmCRiN`BwB`@U?QOW_@Kc@GkA_@}AW]CSEI]Q[DKGSg@MaAG{DBwAA{@D}BGs@Bw@Hw@C[Do@?eDFs@VeA?WN_AKgAQm@Ks@GuDFw@?^BNHLVIHW@]Ki@Ak@KsBDKHGfAWKaA?s@Ec@POLk@Bu@Di@ZCLBNIh@FLYNu@Jw@HUBg@^_CUoBDSf@i@p@e@TIJW?WM{@?iA\mA@YG_@c@g@?e@}BeBwAgB}A{AIOQGw@u@IQi@e@W_@m@i@I?c@[kBmBsAkAQSs@_BeA}AQa@aAiAg@a@[]oAy@QWeAs@wAuAc@o@i@k@KUk@i@iCeDyDiGuBeCe@o@qBcBUWcA{@q@g@eAaAuAgAu@s@WS}@cA_Aw@oBiCm@o@w@iAoBaC[i@gAuAcA}BaBmCuAuCWs@AOIOc@mAKe@KCa@h@WTED?LUt@a@Pe@r@_@x@GXW\GLEZAd@Ob@@?a@L{AEYJu@@QIy@GII[o@Iw@O_@?KH_@?_@KM[m@Og@[y@IGSy@Iu@@[Kq@Co@@]WeA@[EO[Yk@mAMYCOl@mFHUNgBNw@?UGIo@SWUa@QqIMg@L[NaD~@q@JKCMPw@lBmAnDo@xCUvAOb@a@YyAuAU[o@g@Wc@e@eBc@{@k@u@s@DuAb@s@ZOTULi@Fa@CwByBW_AY]]m@OMi@aAaAsAYoATg@Fy@GFQAo@_AUQOEi@Do@PwBH}@VAArAU`A@FG?K`@]BK^Qw@f@GLMFoAJ?c@BKN?CKWOg@c@s@a@iA}@w@s@iEwEgB_BGASJKCc@Wi@e@SKeAoAm@wA\j@\~@b@f@HNCLUn@Gd@EKMJICQo@UeBKYS_@E]Cg@U]Gk@i@{@YYGCKNG@GIG_@q@}@Qo@KOCQNa@Hg@FICGuDoEi@}@kBiCmAsBkAgBYi@a@m@u@oAy@kBmBeDWs@gA_CiBiDSi@iBoDeAgC]i@c@kA]o@q@eBcAqBYw@EUa@aAoC{HyCqJqAyDcAyB}@_BcBaCk@k@m@_@eC{@yA[gBK{CESEUQe@m@mCqCuAaDq@gA,2,,,,,,HQ
187,2,Morning Run,4547.6,1369,1780,30.9,Run,Run,,7123262259,2022-05-11T06:47:55Z,2022-05-11T07:47:55Z,(GMT+00:00) Europe/London,3600.0,,,,0,2,0,1,0,False,False,False,False,followers_only,False,,"[51.57935058698058, -0.09879891760647297]","[51.541123911738396, -0.11699619702994823]",3.322,5.998,86.4,False,False,False,39.9,21.0,7583849799.0,7583849799,stripped_health_data_30351079_1652253520.fit,False,0,0,False,30351079,1,a7123262259,}ayyHnhRTGHL?GNLGOD?d@d@I]FF@CL@DFH@BIDADBPEX@HG`ABZINGRQDILGx@AXHTBn@Pf@B|A]`@Cd@BFERCJIn@]p@Gf@@lA[v@KjA]v@YRCt@_@NE^YRGBETCHKLGHChAu@l@e@RYLIjBi@j@a@LCXCPITSPEDANNXHTXHRf@d@z@|AdAxAp@jANPV`@fAtAb@z@`A|A`ApAZh@`BrB|@pAj@bARb@d@v@RTh@dA\r@r@hAPNf@~@b@j@@RR`@HXh@x@DFJA?@dBbHL\NLb@VHLBLPTFPTDNJ?PG\?VJ\V\Nj@VHDFJBJFX@@@XDVNBHTD|@f@PPf@~@f@`@p@b@`@`@tA`AHVDHz@z@\Pd@h@R\HZZb@t@xAHJd@NZ?HD\A`@EF?RJZ\VFJFTj@J`@`AlF\z@f@`Bn@dBNv@^z@\dBBd@Rx@JVJj@f@dARr@`@J@`@Kj@@Pd@bAVTfARVA\Dh@EnA@x@H\?^Eb@Jn@@b@JL@RKl@Kj@FvAKtDPxA?~@D`@AJCfAHp@APBJDHAb@FRGHMJ?HF?HR?p@GLKF@DA`@HFATBj@AHBlGn@LBXEv@SRMJMZOv@CXKp@QNG\CHNBTDBNMd@An@IpBCn@Kx@g@DAb@BHANMRGXDL@ZGf@UZ@^GZAR@VETDb@Cf@QL?,2,,,,,,HQ
188,2,Evening Ride,35007.7,6028,7593,156.3,Ride,Ride,,7121133754,2022-05-10T17:26:36Z,2022-05-10T18:26:36Z,(GMT+00:00) Europe/London,3600.0,,,,202,0,0,1,0,False,False,False,False,followers_only,False,,"[51.53890949673951, -0.12303795665502548]","[51.57943398691714, -0.0994656141847372]",5.808,11.51,,False,False,False,79.0,20.9,7581548510.0,7581548510,stripped_health_data_30351079_1652211372.fit,False,39,0,False,30351079,1,a7121133754,ceqyH~_WA|@`@JLTAb@WBi@d@_@p@DTGLc@CDp@gChA}BNsAZoD|AiBNyAr@s@J@MUt@QtB?nCJtFb@dLr@zJhBhLQJ]w@O?_@j@oCxGQDMZ_@]OBcCzFE\FThEdGf@tBqCdDgCdCwIfZ\|Fn@~CZrCNjNEtAb@rYJt@yBtEy@nC}@fFi@dA_ApCLb@xAfBpGhKH`@?dAt@lLUj@WhA_AdGc@zK{@`F_BdLNZfCZfAx@dApBxBpGgBfA_A|@cA`@}D\wAQc@RHDAUBFQZGQFFv@i@xB?xCUbGsDdCBt@Sp@u@rJoHpIsHfAuAz@gBnDuKfA_CnOoVXg@La@vBuBv@gANBhBzBjLtJfBDnEqAbAi@p@y@pBsDnAmBhDcHdDeGnAuAbFyDx@wAdE{NL_AAm@yCe\qA_LqAiNSk@_]b@sVbIoIdDqApBe@~AyAtJ@jBz@tIzI|j@bBbJv@hB|AfBjKtI`ANnAI|DqAlAaAnHyMvFkKrAsA`FuDj@w@tEwON_ACcAw@{H[oB[iFaAqKmCsVQu@m]d@mVjIiI~Cu@bAu@dBuAdISdCBpAj@zFjE|YbFdZx@bD|BnCvEvDtD`DlALhAGxDoArAeAlE_IhIyOhAqAxFqEb@k@nEiOP}@@cA}@uIKYy@}JwDq_@SwAIMu\d@aa@lN}@nAc@~@m@nCgA~HAr@NtCvCnTzGlb@fAxEb@v@tAvA`KpIp@XfBBhFcB|@y@dEmH~IsPz@cAlGeFd@_AxDaNPy@@m@iA_L{@oKiEia@KIqFV_V\wHvC{TjHu@`@y@fAw@bCuAnIKjADtBb@zErA`K~D~UlC~Qh@hCB|@qCjDaQ|XoBjEkB|FaAxBy@hAyCzC}EhEc@x@]ZUz@EnBLxCOp@sD[gJMw@Zw@z@cCjAgD\uCE\[xCEn@IHSiAaCkAiDu@w@uEoCwCmFmCyC}BqGeGwLw@sASGoArBcCrFk@@q@uBy@}Ds@{HUoAUgEoAyHl@iJdEwNr@eABUaFy[_Hs\iAgEqAwDC{@bGmGrDyBPUDa@}AsF{B}KEmAD{@^kBkI{FKWiC}o@MWc@@cEx@cAr@MIyC}JoAyCFa@vCwEFk@uCoGaAkEg@{AZ}@zA{BfHwLtAyCrAoB?[_IuP{@yBaHkOw@{BoJ}_@aAgCkAiAM}A_AuCiBmEcLsSkT}Zo@_@w@PuVvL_CZyFT_Hx@uER]XCp@,2,78.9,False,475.7,,,HQ
189,2,Evening Run,12281.7,4423,4938,60.6,Run,Run,,7104535054,2022-05-07T18:23:51Z,2022-05-07T19:23:51Z,(GMT+00:00) Europe/London,3600.0,,,,12,3,0,1,0,False,False,False,False,followers_only,False,,"[51.53948575258255, -0.12220412492752075]","[51.53852895833552, -0.12332243844866753]",2.777,7.386,82.9,False,False,False,30.5,3.9,7563472350.0,7563472350,stripped_health_data_30351079_1651952970.fit,False,3,0,False,30351079,1,a7104535054,whqyHxzVZvAE{@h@FN\PGIx@JZAh@N^hA_@n@w@t@@|C}@H`AT|A_@pBrA]rA@`BjA\j@jAn@fAOj@XnAc@dBBbA^dAGn@^bBRvA_@f@p@|@Ev@a@p@aBtBq@l@`@f@]h@Ht@]jCuCTaADeAM[CiBJcAMwA@eBWuBT}@r@m@b@w@\Mb@i@v@S`A{@tA]dDsCj@U^m@t@Qr@qBl@KdBwBbBgBn@iBh@[r@qADw@JMhAK|@i@zAF|@g@B[lAKz@}@bBI^{AxBoAr@cAxAe@Ti@v@KxCl@BIm@wARmBIkBNcAWsBd@qCLc@v@]~CBd@XGNFL`AFfAiAI]`BlBNdA[jAZt@`ARPg@L@E[xAvBr@dBz@tDJfBXlBVb@`AlDrA`B\~AAdA^PH[NGx@?hBk@hAkBTOAm@J_@W_@QgBTgACgBVeCIyBHkCO{BLqDc@qECwAHy@W{BS}@HaASs@To@x@Sd@UjNb@k@fA?pEKXCfCGVR^AbA`@j@I|@Lr@Al@TPJbALpFOpEZpGEt@n@bC^hDZhADlA^n@vAjFt@bBTMVg@DUpA{@FaAj@oA}@uDv@sBj@s@RNe@z@YJqChDgEhCeJjIeGnEmAvA_Aj@AZ]t@uA~Ao@\B^UZN|@E`@w@x@StA}@XMh@_AnBa@H}AmBc@Gk@Zs@Fi@p@WLi@rAw@|@e@f@q@HY`A_@p@WN{A@gA~B]RwBeE@gAyB{Eu@{Bk@qCoAqB_@gB_@SYyA}AiEm@cCuANeBbAyDdAwAjAmCbA@p@j@~CiCxBCv@XrA@n@u@rAiAz@o@~@iB|@a@Ws@{AGiCOoAw@}Aw@kADSXCMu@HqBwAcHGOQNi@W_@n@k@R{AjAW?k@z@s@TM\o@R_@j@e@EaA~@}Ad@]bAy@`Ao@jCAjCYp@WtHQpAa@v@yAt@gAB]_@mA@yBw@kCSq@WYD{@tBIORd@vBt@j@BbB`A`@HFOb@r@~@g@Vo@Xa@qAsA}Aq@IS_BWwAH]`@_A^kAc@_@LWj@PfCIjA_@tAg@n@qAS}BoAgASk@o@o@MWi@RuAAaATq@NuAIeCh@qCwAk@a@@mClAk@n@,2,,,,,,HQ
190,2,Afternoon Run,5517.7,1888,2578,11.9,Run,Run,,7098394613,2022-05-06T16:48:49Z,2022-05-06T17:48:49Z,(GMT+00:00) Europe/London,3600.0,,,,2,0,0,1,0,False,False,False,True,only_me,False,,"[51.539436131715775, -0.12230588123202324]","[51.525447238236666, -0.13275702483952045]",2.923,8.016,82.3,False,False,False,30.5,16.5,7556778719.0,7556778719,stripped_health_data_30351079_1651858786.fit,False,1,0,False,30351079,1,a7098394613,mhqyHl{VLVOEb@A@Wh@NWHRL@JHLGXDFAFg@O@HCD\h@Rn@DBAEDBN?JLHx@HTFJJHNRHFJBCEIBNN?d@F~@?RBLPT\TVHRAF@\P@FHEbAl@bA\b@Hf@X`@D^JNJh@J\Pt@JHAPMPa@FgADqABOJULOd@OHALLH?ZQLCRK\AFC|AZDGRELM\AfA^ZT^DXJr@PPEZTNDD?BEDO@WHQ\Nv@LBCLANENGBEHAp@k@ZOTEXOJMJe@R_@AO]cACe@KUU_@GAIBECEQA_@F_@Zk@JGNAl@g@NEbAo@F?HDh@~@JBLKRSXGNO`A_@DUF?@CJA\NNB^M\CROD?HJRd@HfAANLd@JJARCBAJBr@RnABDHBTCPBNL^b@HXDd@BBLBjAYPM^GNKH?TORE\UVKROD@PZr@tDBl@BF?FH`@QZMNs@^KPOPAJFRVd@`@|@Px@FJXv@T`@Rh@Hp@FJDb@d@~BKPUPKDMJGVSP[t@m@b@KL_@b@M`@DVLVFd@b@t@n@|AHHFBD?^UNMP]NKD@DHb@Rh@h@THLEHWBe@CW?MTg@PEBADO?SBIVe@h@q@DKB_@p@_@d@m@l@e@PWVYPMNCHGZa@FMNaAAw@ECKSOi@m@sAGWMa@Ga@@KLALD\DDA@GVIJBXLJCj@Db@LP?JGZ?~AAHFHAd@]f@i@t@gAXWf@m@P_@H?T]LMb@UH?FFZI^_@JODKBBHINGb@AJCHYDWDADH`@u@?a@NYJGR@FEEUJoAHIHCBCA_@EYWoA@]Ck@EUCi@U]COKQL_A@k@BEvA_@LGT]XMNALEf@pEMXOL[NY^SHUCKFGAECE@ACIDCCGh@@nADl@@^Fn@AFQFDFSV_@|@e@h@O`@W^KHMAIDOJGBWb@[RKNK?a@NQDk@h@IN]Rm@~@IXk@t@u@x@o@h@EL_@\W\Sp@i@r@MZ[`@GBs@bAGFOHYh@c@NIJOLON[Ru@p@QJYXIDo@nCsAzAAJHHBJIP?f@ITKLi@^YXc@`Aa@h@WVITe@f@ILGLKJKDSDQRULc@ZEDCX,2,,,,,,HQ
191,2,Morning Run,4003.9,1349,1426,7.8,Run,Run,,7093913101,2022-05-04T06:31:33Z,2022-05-04T07:31:33Z,(GMT+00:00) Europe/London,3600.0,,,,5,0,0,1,0,False,False,False,True,only_me,False,,"[51.53739304281771, -0.15981699340045452]","[51.530874855816364, -0.12488759122788906]",2.968,14.934,83.5,False,False,False,42.3,16.7,7551885965.0,7551885965,stripped_health_data_30351079_1651777990.fit,False,2,0,False,30351079,1,a7093913101,u{pyHze^B[ABBCAMFJ?ECa@A?GJFO@WGDEu@?SBEESB@?GC[ADE{@AcCCo@BcBE{@FgDCyBDqADWLEFOMoB?k@OuAIiACaAB[rAUx@YL?f@ExA_@T[V@XQ`ASZ}@TMx@M~@]|@K|Bs@|BwA`A[ZOXEZAFG\IZUf@UXIfAg@vA]rAo@t@Sb@Sb@Mn@W~@SRCLBTAPGLA\Gd@[NYJK\QVUnAg@f@Mb@_@l@[N_@RYVUnCwC\W\a@LGJMHCAEFMDGLIfBq@VE\U^Or@UAi@Ke@AW?YDOAo@@?RcAB]A_@CYAcAEQDq@PcA@a@BQ?iAYmADoAC{@Oq@Eu@EWW@GMWGOM[e@eAgC@SAUK][UIYG@AAE?OF?FEFACIAEC@GXLNKTNPBXMLMFc@Po@Jk@Ke@?UQSKU_BiAu@u@Cc@Ok@A[AA?WI]FUC]@O?WS{@KSEOGuA@OEWAc@KMGGYc@KEEK@OCQWs@W]S{@AUEISYg@mAMiABKAOS{@CWQ}@u@qBGYS_@AWIOG[c@mA[gAISAI@YWy@EUEKI_@Qg@SYKq@Cu@Ku@K[Sg@EYWk@A_@EU?q@C[Qa@_@i@IWQ{@MUMi@QSSM[EIBm@XYd@eAv@,2,,,,,,HQ
192,2,Morning Run,2923.3,1015,1024,20.4,Run,Run,,7091412271,2022-05-04T06:02:06Z,2022-05-04T07:02:06Z,(GMT+00:00) Europe/London,3600.0,,,,5,0,0,1,0,False,False,False,True,only_me,False,,"[51.53494141995907, -0.12540165334939957]","[51.53937670402229, -0.15785571187734604]",2.88,6.204,84.3,False,False,False,41.3,21.6,7549183834.0,7549183834,stripped_health_data_30351079_1651749170.fit,False,1,0,False,30351079,1,a7091412271,klpyHxnWLTBCHLJEJ|@A^]lAMRQPq@\WHQJMNKD?JCDe@j@m@b@QX[\SLUHOH_@n@e@bAU|@Gh@CXOdACDSB?RCVAz@E`@DD[X@FE@GL?PL`@Yn@c@tAk@jAKb@@FSd@CNWZYPm@f@gArA]j@Sd@[bAy@hBIFWr@i@fAa@|AGLEVEDAJ[l@UXk@lAI^Cj@Dx@VrAB\EvBYdBKXEZUnABr@X\NJDHADC@CLCBK?DJ@d@E?Jh@?VEb@?NELE`AIb@KFi@v@Ol@CZM?OJq@tAId@Ex@Hz@j@lBTpAb@lALPTh@DNB^FZ^~@HX?\CJOA_@DOR?NHPD@JMHTDEDBXf@FPNXJf@B^H\Ff@CRFz@P^Db@LTBTJb@Rf@@VFTL^Tb@DDBPB?@XCTKb@]t@EDEN@r@V~@^v@j@z@^XFC\h@`AhARRv@`@NKH@j@CHHE`@Ar@KtBg@bDEl@CLIt@?THX?RGNE\s@fCUt@OPGPQz@Un@c@`B,2,,,,,,HQ
193,2,Evening Run,5003.4,1587,1839,34.5,Run,Run,,6961678366,2022-04-10T18:00:15Z,2022-04-10T19:00:15Z,(GMT+00:00) Europe/London,3600.0,,,,2,0,0,1,0,False,False,False,True,only_me,False,,"[51.5398698952049, -0.12202877551317215]","[51.54223778285086, -0.1258314773440361]",3.153,10.984,83.9,False,False,False,39.3,16.6,7408405721.0,7408405721,stripped_health_data_30351079_1649615523.fit,False,0,0,False,30351079,1,a6961678366,ekqyHtyVPKXHNJL?NLBCDP~A}BFPNNy@fDd@v@BNBXGNET@TFLDBX?HHBTLVDNBFF@?DGLDNHJD?@BC^JT?HGFAR?RBFDHj@NDRFL`@b@HRLLHPLb@FD@PFFX?HGPQBMCCDA@DTLFJPHBHV@l@X|@P`@NHEF@DEH?PDF?XIr@g@bA]ZSZIVS^ILDNRN?^FHHF@XMF@NGDLH@BDJ?BH`@HNN@DCFFDBH?F@@?BCD?DGB?OCBh@S^}@VSJMd@YNSb@OJSAo@JGJ@JFRFd@Fd@RV@ZKJAXFl@SZk@RQVODBBBCRCDc@XOB]j@WNGAKNEBM@GFE??FKJAD_@GCD?HGLONOBMHK?SPMBMNeBZGHMBONGPC\KVB^LVCB_@@]IE@w@K]CUFIJGCU}@O{@BBMOEOEO?YGWGMGWQGa@Ao@TMP?l@IrAIXa@x@]ZIBO@EBDJCJi@XQFKJYPK`@GJg@`@_@HSPKPe@lAQRS`@Kn@OJ?HR^DVTv@@\DNBVCFCr@WHKNMHGLCN@PHv@?\e@KED]`AOPQFa@n@I\AZOPEVQNa@RSNODQPQLY`@k@j@s@z@Yj@CHBRIT[h@CDOFMRiBzDELObAEDGAGHI\eAlCE|@Dv@Ll@?LJTATPx@B`AO^EFSv@Qb@Ej@O`@EDGTAd@DNd@JFDIE?JEHLhA@\BL\`AFt@G\UAQVc@TGNEBQb@MNEP@\IHWHIHg@bAIHSf@IvAEEOu@Iq@?Uv@oBh@HBACKPA@ILX@DA@H@SYRUBoA@EVOAGBUPU?INMDG?SFKCKAMQ_@Ac@Ra@Jg@H@Ma@GcA?MEQ?]GMo@c@ACEAWa@SKEIOESO_@a@c@]k@m@_BuA^aAPORYTWJ]?UFc@FMNQVo@BQEi@Uw@EW?WGm@BMHK?GGm@CKYk@GYSc@IYc@y@GkAGSGc@Su@Kq@Ai@U_CBu@U{EOaB@m@DUAS?wAQsEGwCIeCB[JOTKZCP@XGf@A`AWZMFBBL,2,,,,,,HQ
194,2,Lunch Ride,27453.0,5202,5261,170.2,Ride,Ride,,6925483050,2022-04-03T11:43:45Z,2022-04-03T12:43:45Z,(GMT+00:00) Europe/London,3600.0,,,,0,0,0,2,0,False,False,False,True,only_me,False,,"[51.24886974692345, -0.3127498459070921]","[51.40829807147384, -0.1991348247975111]",5.277,13.198,,False,False,False,210.0,16.2,7369285194.0,7369285194,stripped_health_data_30351079_1648991604.fit,False,0,0,False,30351079,1,a6925483050,mpxwHta|@T@@N`AAT_A`AaBTiAAmFsBgJSmFBgGLgFIkBLgEC_ALwAOqAn@{FR_EC_AeAqHk@eCB}@I_Be@{Bg@wFKeEUgD_@qA[kEk@iCcCmOiAsJ]qAkAiIo@uBMoAw@iDoAmE}DeLaA_CqBcHeCoGkGeOmC}EyDuFuHuH{AcAyB{@mAcAaBkB_BqAeBy@kAuAi@_B_@iBg@eAN[Be@cAcB}@wDWeBAs@Hs@n@iCCo@sAgF}B}Fe@yBw@qBSyAeA{B}DePmDqIo@c@oAmBkBmDSy@Uc@{@oAwFiGc@@gC~DYRiPxCyEKyFn@aDm@yAo@}BH}De@aL_EgAq@a@}@WcB]mA}AeCy@wDUqCK{GOcBUaAkAyBoBoGcFeJgH_QyAyBkAeAmEmI{@gCcCoFoAwEqA{Cu@aGi@oCyB{F{DgIWmAMwBUeAMoAWe@u@a@KWJw@n@{@`Bs@`@}A?_BMmDAuKKcCoCmQ_CoIUo@]_@qBEGc@b@cCt@_CL_BFkD|@wG^eAvA{BRgATkCjAmCX}BbB}Ej@_DpBiEz@wCdAkHNsDCeAi@eCoB_FcQmV_DuG}CyIYaAGm@VgGi@qDa@yAy@kBaB}B_@{@sAiFu@qGe@mBGmAVoD@mAmAeKi@qC_AoCgAoBiGwHqDqCsBk@oBP{@d@{C`D_FjDqA^qBNk@C_Aa@qGyFmC}CmDgG{GmNeKiLu@iAkB_FeGuHaBwA_CfD}ElI_@Z_ALq@OmImFcFoEyC[kFpAgDnCsCpAkBvBa@dBSjBBdCXxA?RUR@VcOnAeEYcEFuBMkEsBqHcBcEiBqD_C{@OW}AiA{@_RuDeC{@qBOqAv@wCfEiC`FwCxHkCbFuCxDuDbDaDfBsGlAoGpB_Iv@{Cg@sBwAqAqBgFyCyR}GmCk@mO{A}Cm@yI}FwAk@aF^DC[g@iAcEm@_Bs@_Be@a@m@RgCnCg@X{QhB_AVqBH{Cr@MPFHe@F]^{ArESIg@wBiBwEYiAMIiB~DmI~FwLnCqGv@{DdAoJvCeBz@cEbDmCr@sBdAqFnDk@z@aAFaAdAqB|Cq@r@uD|AcAp@cBjB_DlEkFtFwC|FaA~AqAhDk@l@s@NeEUeF`@}DnBmFLmBbB}@b@a@?u@f@iAlBwA~AkAnFUbB?j@^nAEh@Ob@]J}@O{A~@}AbByGxJuG~Da@d@Ij@MRw@AkLjj@{AT[j@UdAYPuGJU[g@IGUF_@,2,54.5,False,283.4,,,HQ
195,2,Afternoon Ride,7520.0,1581,1811,27.0,Ride,Ride,,6923511536,2022-04-02T14:38:00Z,2022-04-02T15:38:00Z,(GMT+00:00) Europe/London,3600.0,,,,5,0,0,1,0,False,False,False,True,only_me,False,,"[51.50703747756779, -0.01939438283443451]","[51.521981908008456, -0.10673733428120613]",4.756,18.644,,False,False,False,16.6,2.4,7367163534.0,7367163534,stripped_health_data_30351079_1648973399.fit,False,2,0,False,30351079,1,a6923511536,}}jyHfxBCHQDCFOtBULW?GMEF|EHi@^eAVSNbBCKHIPcE|Ab@r@o@GEB?H^ZOKFz@FPADQAUOi@WEE?CCB@fCDb@GfA@nAGd@CbAETCFEBeAFiAb@G^?bAMj@StASv@Ov@CZ@^ALc@fAER?XJv@Dp@@fBAnCPhDR`Bv@lDb@hCHbAApBy@dHgAlFKv@KVChAUpAOhB@NEf@Kp@MdAEJWNaA?_@EI@K@KREn@@`BGdCCLMPYLABCLHNBV@VQ`@]\Ep@KXEX@f@NtAMpACHOREjAML_@RKRCLRtHAz@I|C@dD@~@F~AXdEJlAXzGF|BRpDb@dFBt@@fACt@E`@Sx@UnCMxHBnAA`FNrMAjC@JVHHLOpDC`BO`E@lLF|BZlI@dBP|D^`Dl@hEFZRO@HDxCAP@`@E`@Nr@BB?CF@G?@?AJDN@`@Dh@CpETJDn@?zAHh@h@dC`@fEJnD?b@Ep@YtBItDBhANp@Zl@j@fBNbAFlBArBe@vIi@`GIXI|@@ZDFC@DJBTAv@OrAQ|@AP@h@En@Kd@CZ@NGFAHEn@U~ASz@CVKH@HGHWVGP?LQ|@Av@Ej@?TCZMf@DRMGOAQGcAo@YKm@[I@GHUd@]pAKXILOj@Ct@G\E`BGv@C`AWtBLb@BRETOJCJMhADp@SPAR@\uBb@DRNPD?EJ?ZFp@F`@SzCY`C?`@GdAAlCIbBJvAAJULU^k@j@IVC`@Bf@CN?n@Kp@GbAGb@GzASjA?\RvCCLIRMDYFCCCZEJIj@GVOPuAJW@eAK}AH{@Nq@TmA\WBEC_@Dw@VGC?CQE[U[a@USe@CGFSlAAAMVO@QKIAI@yDfA{@LqAT}@^g@NQBu@ZUBc@TUTa@Re@ZUZ,2,60.9,False,96.2,,,HQ
196,2,Afternoon Run,3254.6,1309,1893,9.9,Run,Run,,6907000363,2022-03-30T14:36:04Z,2022-03-30T15:36:04Z,(GMT+00:00) Europe/London,3600.0,,,,0,0,0,1,0,False,False,False,True,only_me,False,,"[51.5386163815856, -0.13300487771630287]","[51.53721769340336, -0.12858535163104534]",2.486,8.046,80.7,False,False,False,30.4,23.6,7349224711.0,7349224711,stripped_health_data_30351079_1648653889.fit,False,0,0,False,30351079,1,a6907000363,icqyHh~X?AEDsA?Xz@ALCCADHEIP_@XEAKLMH?CEBCH@EEB@A?X[fA?DSh@g@dAs@hAa@fAMf@ULm@hAi@xAMdABp@e@nHENS^?NYz@?Ff@XPV?BGDCj@BzA@LPT@^Gf@Kb@[h@MLWj@GPC\Kd@SRATGX[z@G\WdC?l@@XDFAVBh@IHE^EhAPb@R\H\?\C\@ZFNBTERGDI\DV?JCPO\[VQFIPHLND?BQTMIVZQG_@?GLEBE?@?KJEZITIZUl@SdAMR?NO\AfANP@F@H?X[f@MJIRIPMl@M@?TR^DXAPYjBEBERGD@FKZGHE@IPE??ZE\QJCXKVOn@GHE@AAJe@Tw@PeA@k@Pk@Jy@Ja@NSFYJUHq@D_AXmBN}BNcAN[H}@HUHw@?UJ]D_@Nk@Xm@H[Va@Lc@JGLa@Zg@BKGWD@@C?YGOOMMiACGCACB?IQKEGUMOa@G]@MCMD[?a@@QBEj@WZ_@FQJ}@Ty@b@iAHGHQRWFADKPm@Rc@B]J]P_@DeAAi@CEa@WAKEIIcAHUEK@KCIB_@TKH@FCN[VSDKGOBIAOBOBCDW?c@FSA{@Fm@E{@M_@MKCGK_AFa@?[Ni@Vg@FKFCrLoSN[JKRo@Ve@FUXk@D[AKB[?WJ[DYAWRq@?GRg@BWFINa@b@s@CcAKYB_@DYb@]EQFCFOIQ?EIMAKRQ,2,,,,,,HQ
197,2,Morning Ride,58374.5,10794,13061,496.3,Ride,Ride,,6885630022,2022-03-26T10:00:01Z,2022-03-26T10:00:01Z,(GMT+00:00) Europe/London,0.0,,,,110,0,0,1,0,False,False,False,True,only_me,False,,"[51.531917816028, -0.120676439255476]","[51.11826620064676, -0.16152715310454369]",5.408,14.309,,False,False,False,176.3,3.6,7325879069.0,7325879069,stripped_health_data_30351079_1648305086.fit,False,41,0,False,30351079,1,a6885630022,myoyHfqVvCjA\s@GwEViCbBcMdAgDbAy@vG[xBy@~DgH|@gEtFgLfH_J|@qC~BgDdAgA^N|@`FnDeDNWeAiCv@wAvM}DbCFfJaB^TtB~@fGkBm@uAzE^hG{@zB~AlVEn@u@lMjAfd@b@pB{@rNmSn@Bt@}@xADpAkA~GQtHnL~g@lh@fSvQpm@tp@hKtJrX~_@zCtChNjIjCdF~CpKxDfOlBnKfGrIjEtInAdB~VxSbOpOf@zZlB~EpE`FxG~a@lGpTt@~ArYfYtCxHpEjGfPrn@hJzSfLhZfIgEvBeGhCh@vBiCp@\t@iCzHwHpH}EpJiDxC_DdDiJnE_WfGaNpF}S|BcNsAiAj@qRfL|Dpo@}BjUtLbBrGbBhAbAg@`E}L|HaJzADlNwEfJwE|@mAfQh@l\s@vVcBvIqBfMs@hFeBbKlZvAfA\dC`Fy@]GGoBxAa@Bo@jAeAl@kBtBp@hAwDpCd@fEpClDqHpElDxJr@hHxG~MvQpIkCPpEvF|LxB`H`GBtKbH`T|B~QtFjIxD`ElE~D|A|He@xP}EbJyFdDiEpGmO~F{KbCyBfEn@|MbFbFd@r@hChHzD~RxGbMb@lI_@xFiA[qIb@qB`AyAzH_GpEsArFLvCbDhGbEfDvA|AGlEsG\EAe@`CgE{AuFAmAxD~B~DaG`CaB|KqBdFf@xJhD`BvBhDpHlCxCrF|DvFfAlKQbT|BxDzDnE|BlB`CxMjF`KdCvKzAzI_BlHTvGpDhLfM\K`GsKjN{CnC_BpCE`FgF|@QvEZvC|AhGvGfG`ArIYvK}JvB_A`ElQx@pA`GsBxDsCYiCJaCxAwFBiKxC{GvA{GfFqNnCyCxKcDzG{GSgAb@}FtAuAfCk@|@iCMuBwDmHe@oH{A}LrLmFrEfB`AMhQ_SvEqBz@uAj@gGy@iF{BySCwDxCaIlEoRbB{KbEuGhCeGlLyHjEgArDcG~B}@hRuExDPdFaDxDcAhJyEdGxBdCg@j@k@rDeKlCmFx@aD`DgDpBSxWjDnM_CdHOj\`I~CIrGoBhDE|A`@`DnCzXtKjLz@rGKrJzAdI[xRhEz@YlEgF|MkKtO~A`JpCnB[hIcRdCsKxC}IrBmCvGf@dJqAnH`F|K~Dn[hDdSoCt]kClDwDpDcAxEYdT~@fLoFjLqG~b@cChMT`YzSbGhGpC`TvDjf@lH^vH}B`FJnBp@t@`EzA[v@`@z@fCl@hGfGnL`D~OfDnLtBtDpErEtCnErFxI`AjCzM`j@xAzCCtJbAzGxGlSvBrD~EpF`BxDdBrUf@zA,2,79.5,False,857.8,,,HQ
198,2,Afternoon Run,4998.5,1539,1852,12.6,Run,Run,,6843404188,2022-03-18T14:59:20Z,2022-03-18T14:59:20Z,(GMT+00:00) Europe/London,0.0,,,,12,0,0,1,0,False,False,False,True,only_me,False,,"[51.53964065015316, -0.1219582837074995]","[51.537915067747235, -0.12298808433115482]",3.248,8.336,84.4,False,False,False,30.5,21.6,7280216027.0,7280216027,stripped_health_data_30351079_1647617475.fit,False,7,0,False,30351079,1,a6843404188,wiqyHfyVN@@DFCUHXJd@XVTPZPf@Fd@Bd@Hh@FJPLDFF^NXVHTB^T?FDB?HIn@K^C`@DJh@j@\l@B?HRDBHBNAVD^^D@RTJDNLDGLO\I~@Th@Rp@Jj@PRL^JRLn@NFGBi@P{@FKVQZMB@HLRp@FbAObAOp@S`@c@n@w@p@WHIFEHK?IHE@ATCFMVUV_@TWHWRQDi@Vc@\SHMXUt@a@p@ONCJ@DPXINOf@[XAF@b@AN[r@BPAFQn@cAnCMj@Or@MzAQl@]r@ENWf@_AhAS\_@d@a@bA[b@UfAk@pAa@r@ST]l@CBK?@BCHy@xAONSf@K|@@PBb@J`@@lCSzA[|@I^AJFRKP@PGn@r@b@LALMBBBf@EF?ZEX@b@Cf@i@dASt@Mv@M`@Qx@Op@OVGVO^Kj@O\Kj@LtAFTNZHHDNCb@HfADLv@nAHx@DHEAGEIAGKa@L[d@]v@BOCeAQs@_@c@Ma@BIEu@BW?QA@HC@IIu@I[@]DSBo@BW`@mAn@qAXy@NI`@}@p@iARo@LWQkAQe@?w@CIBGCEH[Ag@Bc@?oAAGTi@Nk@@O@eBCy@@q@AOIQKe@Ci@Ju@HWV[Ro@Lg@f@y@VYh@{Az@oA@IHM\[?IP_@PSLWd@c@?EDE?CPULGJKf@u@P[Pi@Vc@p@uBf@iAf@y@TQZc@XiAFq@Pk@k@mACU@K@IJEn@C@E?gAIg@Bu@FS^k@j@eAD[@WFWHMn@]FOLKj@Qb@Sx@Ut@i@n@[Z[`@cB?q@Wq@Eo@SFEFUDUVOh@Mz@CFIBs@G}@Yu@MiAYm@Mu@a@c@QMMCW@CBDJaDL[Bo@Eu@K[?OJa@HOFS@UBGEe@IQG?ECG?SPIDS?UHq@F,2,,,,,,HQ
199,2,Lunch Ride,34012.5,7618,7902,325.3,Ride,Ride,,6784522757,2022-03-06T12:56:11Z,2022-03-06T12:56:11Z,(GMT+00:00) Europe/London,0.0,,,,0,0,0,1,0,False,False,False,True,only_me,False,,"[51.18265975266695, -0.3009637165814638]","[51.40169874764979, -0.19865303300321102]",4.465,11.926,,False,False,False,175.2,18.2,7216775958.0,7216775958,stripped_health_data_30351079_1646599756.fit,False,0,0,False,30351079,1,a6784522757,srkwH`xy@l@@hBmAx@Nr@j@J`AMbEZlCWRaGVgGxAeJHqD[}@h@yCzC_HrCgC~DsCpBeFD}WfAkWrBsRdCaCx@oF|CmP|KsL`AaFUsGrAwHbE_ZbIyE`DwBaC_DqB}EcEuCq@mGiAqCUoKzAoDi@_ClAoBpEqDtAaDnB}Qj@wCj@kCfB{G~AoCb@Q]sBkKWSaFvJw@ZaELiG|EqGzKqArCuAjBoBpHiEjHgK[{HPeBSgJ_DkRgB_@[m@qBwAWoBDwG~CgBPeN{@sDmBcF{@v@qHBgCs@}C{C{FqB}HsBuUB}Bh@iFAwDk@sBuBsDmGmE_DgAqAyBkBaPcC{JuBcLWuKi@oC_@iA_CsDuEkC{A{Ba@eDAiCe@kBVyH`AgHCaCYkBuAeDyDeFcBcFqA{BoJ{Hx@eM_Bn@uAFsDo@uBkAcDrAwBViA?e@][e@c@kBFmA[uCFsBc@qEyAcDm@c@eCbB_D~@eAt@w@`Be@dB_@rFqAbEa@j@{DjAwD[eI_B_FDiBd@kM[u@UwBaBiKcEmG}CqDaAaEx@{BbAyDjC_G`BaF|CoBjBuFqHcBgCsT`CuTEcAv@_DbMU`@]Fk@g@}CsE{BMsCZ_IsCwEg@yG_GuGkA_EyAc@T_@x@KjBNrCOt@]f@s@N_FSeFZgCj@}@f@m@eBVtAAh@a@rD_IlDiBxC{FRuCz@aDpCWr@o@~CaAKuA}ByHoIyAa@oEE_BdI_BfR{APu@^wBhBwEjFcBxAqA`AmASkARk@wCWq@u@e@m@?uAeA}@cCw@gE{AwBi@aDq@eAA_CfA}KmB{F`AwCDyCQmBy@cEuCsLs@gAYKmBrAyAd@]d@YAwGaJ_AcDgDuFsDwIgBoFgBcHyF}H}D}GIWDaAwEeFC{@~AuICe@{DkDiIeFG_@PyAxCqMs@m@s@QaE{FgDaC{ApBi@@eBuByDyBcFiEa@VqEnIO@m@{@Io@l@_CkBwJaKcG}ZvHmHvEQQo@kEiAsD]s@a@CuQlTSl@eCu@oEj@}BK_FuBaDqBk@IgHa[aCkCgAuDu@iA_@Gq@nAg@o@@c@rDyIEk@g@{AqFgFaC@{A}@sBfCgBeAiByAu@cA}FqM[cCq@s@e@yBqA_JCaAoBcIs@mBgBuIeDeWeAiCaAe@yDiGc@wAc@sDH_Fc@mACyAkAuDWwAg@aHa@}BsDoKeA{AsBgBkOaTaBsCc@aB{Igj@o@qEa@}GcAsByDyCqDuEWyC,2,56.5,False,430.3,,,HQ
